序号,一级类目,二级类目,三级类目,四级类目,类目等级,定义,包括,不包括,代表品牌,分类,功能,口味,包装类型,是否含糖,产品类型,产地,备注,Unnamed: 18,Unnamed: 19,Unnamed: 20
1.0,食品,饮料,有汽饮品,碳酸饮料,S,"定义：通过人工注入二氧化碳气体形成气泡并添加糖或甜味剂、食用香精、酸度调节剂及色素等成分的调味饮品，密封于一次性瓶、罐或铝瓶包装中，可直接饮用，以甜味与气泡感为核心特征，常见形态包括可乐、柠檬汽水、橙味汽水等大众化软饮料。 这里特别说明元气森林苏打气泡水属于碳酸饮料

快速区分要点

气泡：最直观特征，开启时有明显气泡声，饮用有杀口感。
气源：二氧化碳为人工充入，非发酵自身产生（排除啤酒、乳酸菌饮料）。
气体量：20℃时，二氧化碳气容量必须≥1.5 倍体积。

一句话精简版 
充入二氧化碳的饮料，分果汁型、果味型、可乐型、其他型，代表品牌有可口可乐、百事可乐、健力宝、北冰洋、大窑等，执行 GB/T 10792。","果汁型：原汁含量≥2.5% 的碳酸饮料（如橘汁汽水）。
果味型：以果味香精为主、原汁含量＜2.5%（如柠檬味汽水）。
可乐型：含焦糖色与可乐香型香精的碳酸饮料。
其他型：非果味、含特殊成分的碳酸饮料（如苏打水、盐汽水、姜汁汽水）。
关键门槛：20℃时二氧化碳气容量≥1.5 倍体积，且二氧化碳为人工充入。","发酵产二氧化碳：啤酒、果酒、乳酸菌饮料、发酵汽水等。
包装饮用水：天然矿泉水、纯净水等（无充气与风味要求）。
特殊类：含乳碳酸饮料、固体碳酸冲调粉、乙醇含量＞0.5% 的饮品。
功能饮料：含咖啡因 / 牛磺酸等功能成分的能量碳酸饮料归为 “其他型” 下的特殊子类。",可口可乐,果汁型,,可乐味,PET 瓶,无糖,,,,,,
,,,,,,,,,雪碧,果味型,,柠檬味,易拉罐,含糖,,,,,,
,,,,,,,,,芬达,可乐型,,橙子味,玻璃瓶,,,,,,,
,,,,,,,,,百事可乐,低热量 / 无糖型,,苹果味,组合装,,,,,,,
,,,,,,,,,美年达,其他型,,葡萄味,礼盒装,,,,,,,
,,,,,,,,,七喜,,,草莓味,,,,,,,,
,,,,,,,,,百事无糖,,,青柠味,,,,,,,,
,,,,,,,,,健力宝,,,荔枝味,,,,,,,,
,,,,,,,,,北冰洋,,,芒果味,,,,,,,,
,,,,,,,,,大窑嘉宾,,,水蜜桃味,,,,,,,,
,,,,,,,,,冰峰,,,西柚味,,,,,,,,
,,,,,,,,,天府可乐,,,香草味,,,,,,,,
,,,,,,,,,黑松沙士,,,姜味,,,,,,,,
,,,,,,,,,,,,薄荷味,,,,,,,,
,,,,,,,,,,,,白柚青竹味,,,,,,,,
,,,,,,,,,,,,菠萝味,,,,,,,,
,,,,,,,,,,,,凤梨味,,,,,,,,
,,,,,,,,,,,,树莓味,,,,,,,,
,,,,,,,,,,,,其他,,,,,,,,
,,,,,,,,,,,,,,,,,,,,
,,,,,,,,,,,,,,,,,,,,
,,,,,,,,,,,,,,,,,,,,
2.0,食品,饮料,有汽饮品,气泡水,B,"定义：在气泡水基础上添加5%–20%真实果汁或浓缩果汁并可能辅以少量甜味剂或酸度调节剂的含气饮品，密封于一次性瓶或罐中，可直接饮用，兼具气泡感与水果风味，常见于250 ml至500 ml的透明塑料或铝罐包装。
核心定义
以饮用水为基底，充入食品级二氧化碳制成的饮料；不含或含少量糖、香精、矿物质。
快速区分要点
气泡来源：必须是人工充入 CO₂，排除发酵产气（配料表无 “酵母、乳酸菌” 等发酵相关成分）。
气容量达标：20℃时 CO₂气容量≥1.5 倍体积（包装标注 “气容量≥1.5 倍” 或参考 GB/T 10792 标准）。
非排除品类：不是包装饮用水、不是含酒精饮品、不是发酵类饮品。
💡 一句话入库核心规则
只要配料表中含有 “二氧化碳”，且气容量≥1.5 倍，非发酵 / 非饮用水 / 非含酒精，均按气泡水入库；反之，若含 “碳酸氢钠” 但无 “二氧化碳”，则归为苏打水（弱碱水）。
气泡水和苏打水的区别
气泡水：水 + 二氧化碳，不加碳酸氢钠（小苏打）
苏打水：水 + 二氧化碳 + 碳酸氢钠（小苏打），呈弱碱性","只要满足：人工充 CO₂、气容量≥1.5 倍、非发酵、非饮用水、非含酒精，归入气泡水。

纯气泡水：水 + 二氧化碳（配料表只写 “水、二氧化碳”）
风味气泡水：水 + 二氧化碳 + 香精 / 果汁 / 代糖（常见白桃、青柠等味）
苏打气泡水：水 + 二氧化碳 + 碳酸氢钠（带弱碱属性）
功能性气泡水：水 + 二氧化碳 + 电解质、姜汁、草本等成分
天然气泡水：水源天然含 CO₂，净化后保留气泡（少数高价品类）

气泡水 (Sparkling Water) 碳酸饮料 (Carbonated Drink)的核心区分：
核心基底： 纯水（纯净水 / 天然水）vs 糖浆水（白砂糖 / 果葡糖浆 + 水）
风味来源: 极简，通常为天然泉水味或人工香精 / 果汁（低汁量）vs 风味浓郁，依靠大量糖浆、香精、原汁（高汁量）共同构建复杂口味
含糖量: 0 糖 / 低糖（主流为 0 糖，使用代糖）vs 含糖（白砂糖、果葡糖浆为主要成分）
口感体验: 轻盈、清爽、杀口感强，无过多甜味负担 vs 饱满、粘稠、甜感突出，更具饱腹感","只要有以下特征，即使有气泡也不算：

发酵类饮品（气泡来自发酵，非充气）
如：啤酒、格瓦斯、乳酸菌饮料、发酵果味汽水
包装饮用水（无充气、无风味）
如：纯净水、天然矿泉水
无气泡的苏打水（只有碳酸氢钠，无 CO₂）
→ 这类算苏打水，不算气泡水
含乳饮料
如：含乳气泡饮料、牛乳基汽水（归为含乳饮料）
固体饮料
如：气泡粉、气泡浓缩液（需冲泡）
酒精含量＞0.5% 的饮品
如：预调鸡尾酒、气泡酒、果酒",元气森林,原味气泡水,,柠檬味,铝罐,无糖,,,,,,
,,,,,,,,,屈臣氏,果味气泡水,,青柠味,塑料瓶,含糖,,,,,,
,,,,,,,,,巴黎水,茶味气泡水,,西柚味,玻璃瓶,,,,,,,
,,,,,,,,,圣培露,草本 / 功能气泡水,,蜜桃味,其他,,,,,,,
,,,,,,,,,农夫山泉,含果汁气泡水,,苹果味,,,,,,,,
,,,,,,,,,巴黎水,,,草莓味,,,,,,,,
,,,,,,,,,依云水,,,荔枝味,,,,,,,,
,,,,,,,,,圣培露,,,橙味,,,,,,,,
,,,,,,,,,泰象,,,百香果味,,,,,,,,
,,,,,,,,,农夫山泉,,,芒果味,,,,,,,,
,,,,,,,,,怡宝,,,蓝莓味,,,,,,,,
,,,,,,,,,娃哈哈,,,菠萝味,,,,,,,,
,,,,,,,,,冰峰,,,混合水果味,,,,,,,,
,,,,,,,,,大窑,,,白桃味,,,,,,,,
,,,,,,,,,,,,青梅味,,,,,,,,
,,,,,,,,,,,,其他,,,,,,,,
,,,,,,,,,,,,,,,,,,,,
,,,,,,,,,,,,,,,,,,,,
,,,,,,,,,,,,,,,,,,,,
,,,,,,,,,,,,,,,,,,,,
,,,,,,,,,,,,,,,,,,,,
,,,,,,,,,,,,,,,,,,,,
3.0,食品,饮料,有汽饮品,苏打水,B,"定义：在饮用水中人工充入二氧化碳并加入碳酸氢钠（小苏打）制成的弱碱性含气水，不含糖或甜味剂，密封于一次性瓶或罐中，可直接饮用，口感略带咸涩并伴随气泡刺激，常见于330 ml至1 L的塑料或玻璃包装。
快速区分要点
1. 成分表（最关键）
天然苏打水：配料仅为天然苏打水，无 “二氧化碳、碳酸氢钠、白砂糖、果葡糖浆、香精” 等。
人工苏打水：配料含水、二氧化碳，常见添加：碳酸氢钠、氯化钾、硫酸镁、甜味剂（安赛蜜、三氯蔗糖）、食用香精。
2. pH 值（酸碱性）
天然苏打水：弱碱性（7.5–9.0），标签常标注 “pH≈8.0”。
人工苏打水：偏酸 / 中性（4.5–7.0），仅加碳酸氢钠时为弱碱性。
3. 气泡来源
天然：地下天然溶解，气泡细腻、持久、柔和。
人工：高压注入，气泡粗大、强劲、易散。
4. 口感与风味
天然：顺滑、微咸、矿物质味，无刺激感。
人工：清爽、刺激、气泡感强，原味微酸，果味款甜香。","天然苏打水： 源自地下深层的天然苏打水 含天然碳酸氢钠、矿物质，pH 7.5-9.0，无人工添加。
人工无糖苏打水: 怡泉苏打水、圣培露（充气型） 纯净水人工压入二氧化碳，添加碳酸氢钠，无糖、无香精。
调味型苏打水: 无糖气泡水（0 糖 0 卡 0 风味） 人工充气，虽添加甜味剂（如三氯蔗糖），但本质属苏打水大类。","碳酸饮料: 可乐、雪碧、芬达 高糖 / 高果糖浆 + 香精 / 色素，属于含糖饮料，而非苏打。
含气矿泉水: 依云（含气版）、巴黎水仅为天然含气的矿泉水，不含碳酸氢钠（或含量不达标），归为矿泉水类。
纯净水: 怡宝、农夫山泉（纯气） 仅为纯水，无碳酸氢钠、无碱性特征，充气后仅属 “含气水”。
果汁 / 茶饮: NFC 果汁、无糖茶 含有果汁原浆或茶多酚，成分属性已跨界，不予归入。
功能饮料: 红牛、东鹏特饮 含咖啡因、牛磺酸等功能性成分，归属完全不同。
碱性水: 电解水、某些富氢水 不含二氧化碳气泡，且通常不含碳酸氢钠，不能称为苏打水。",屈臣氏,天然苏打水,,原味,塑料瓶,无糖,,,,,,
,,,,,,,,,名仁,人工苏打水,,柠檬味,玻璃瓶,含糖,,,,,,
,,,,,,,,,舒达源,苏打汽水,,青柠味,易拉罐,,,,,,,
,,,,,,,,,崂山,,,西柚味,其他,,,,,,,
,,,,,,,,,依能,,,黄瓜味,,,,,,,,
,,,,,,,,,怡泉,,,薄荷味,,,,,,,,
,,,,,,,,,,,,甜味,,,,,,,,
,,,,,,,,,,,,玫瑰味,,,,,,,,
,,,,,,,,,,,,蜜桃味,,,,,,,,
,,,,,,,,,,,,荔枝味,,,,,,,,
,,,,,,,,,,,,茉莉味,,,,,,,,
,,,,,,,,,,,,葡萄味,,,,,,,,
,,,,,,,,,,,,樱花味,,,,,,,,
,,,,,,,,,,,,其他,,,,,,,,
,,,,,,,,,,,,,,,,,,,,
,,,,,,,,,,,,,,,,,,,,
,,,,,,,,,,,,,,,,,,,,
,,,,,,,,,,,,,,,,,,,,
,,,,,,,,,,,,,,,,,,,,
,,,,,,,,,,,,,,,,,,,,
,,,,,,,,,,,,,,,,,,,,
,,,,,,,,,,,,,,,,,,,,
4.0,食品,饮料,有汽饮品,发酵气泡茶,C,"定义：发酵气泡茶（Fermented Sparkling Tea）是指以茶叶、水、糖（或其他辅料）为主要原料，经过微生物发酵（通常是乳酸菌、酵母菌等）产生气泡与风味，并保留了茶基底特征的饮品。

快速区分要点
第一步：查工艺
有无发酵环节（配料表有乳酸菌 / 酵母 / 发酵液）？
❌ 否 -> 归类为 **“充气茶饮料”或“茶饮料”**。
✅ 是 -> 进入第二步。
第二步：查基底
主体是否为茶叶（茶汤）？
❌ 否 -> 主体为水果 / 谷物，归类为 **“发酵果饮 / 发酵米酒”**。
✅ 是 -> 进入第三步。
第三步：查气泡
气泡是否源自发酵（口感微酸、气感柔和）？
❌ 否 -> 人工充气茶，归类为 **“碳酸茶饮料”**。
✅ 是 -> 归类为【发酵气泡茶】。","1. 乳酸菌发酵气泡茶 各类添加乳酸菌的气泡茶 满足 “茶 + 发酵 + 气泡” 三要素
2. 康普茶 (Kombucha) 日式 / 韩式康普茶气泡水 典型的茶菌发酵饮品，属于发酵气泡茶的一种
3. 果味发酵气泡茶 添加水果进行发酵的气泡茶 以茶为基底进行混合发酵","1. 人工充气茶饮料 伊藤园气泡茶、百事可乐茶味 仅充气，无发酵过程，属于碳酸饮料大类
2. 果汁茶饮料 各类 NFC 茶饮料、常温冰红茶 无气泡 (或仅少量沉淀)，且不涉及发酵工艺
3. 纯茶饮料 无糖乌龙茶、绿茶 无气泡，非发酵产品
4. 酒类 米酒、果酒 虽然含酒精且发酵，但不含茶基底，归为酒类",Remedy,康普茶,,原味,瓶装,无糖,,,,,,
,,,,,,,,,GT’s,中式发酵气泡茶,,柠檬味,罐装,含糖,,,,,,
,,,,,,,,,Health-Ade,,,青柠味,杯装,,,,,,,
,,,,,,,,,Brew Dr.,,,西柚味,其他,,,,,,,
,,,,,,,,,好望水,,,黄瓜味,,,,,,,,
,,,,,,,,,无聊的瓶子,,,薄荷味,,,,,,,,
,,,,,,,,,超级植觉,,,甜味,,,,,,,,
,,,,,,,,,上粮山,,,玫瑰味,,,,,,,,
,,,,,,,,,绿洲,,,蜜桃味,,,,,,,,
,,,,,,,,,,,,其他,,,,,,,,
,,,,,,,,,,,,,,,,,,,,
,,,,,,,,,,,,,,,,,,,,
,,,,,,,,,,,,,,,,,,,,
,,,,,,,,,,,,,,,,,,,,
,,,,,,,,,,,,,,,,,,,,
,,,,,,,,,,,,,,,,,,,,
,,,,,,,,,,,,,,,,,,,,
,,,,,,,,,,,,,,,,,,,,
,,,,,,,,,,,,,,,,,,,,
,,,,,,,,,,,,,,,,,,,,
,,,,,,,,,,,,,,,,,,,,
,,,,,,,,,,,,,,,,,,,,
5.0,食品,饮料,有汽饮品,其他有汽饮品,,"定义：除上述类别外，通过人工或自然发酵方式产生二氧化碳并密封于一次性包装中的含气饮品，成分可包含植物提取物、乳制品、氨基酸或功能性添加剂，可直接饮用，风味与功能定位多样，常见于200 ml至500 ml的瓶、罐或铝瓶包装。

快速区分要点
有气：人工高压注入二氧化碳（CO2​）。
非茶：不含茶基底或茶多酚为主导风味。
非苏打：不含碳酸氢钠或不具备弱碱性特征。
非传统碳酸：非糖色素型碳酸饮料（如可乐）。","1. 草本 / 植物汽饮 气泡水 + 草本提取物（如气泡姜茶、气泡菊花饮、气泡冬瓜茶） 主体为水 + 气，风味源自草本植物萃取液。注意：若茶含量高则归为茶饮料；若仅为调味则归为此类。
2. 果蔬汽饮 气泡柠檬水、气泡菠萝汁、气泡西柚水 含有一定比例的果汁原浆或果蔬浓缩汁，以风味为主。
3. 乳汽饮品 气泡酸奶水、气泡乳酸菌饮 含乳成分（如发酵乳、乳清）是其最大标识。口感酸甜，具有奶香。
4. 功能 / 保健汽饮 气泡电解质水、气泡富氢水、气泡维生素水 除了气和水，添加了特定功能性成分（电解质、维生素、矿物质）。
5. 酒精汽饮 硬苏打（Hard Seltzer）、气泡米酒、预调鸡尾酒 含酒精的碳酸饮品。虽含气，但因酒精度归属不同，需与无酒精分类区分。
6. 特殊风味汽饮 气泡醋饮（气泡陈醋）、气泡咖啡液 风味独特，由醋、咖啡液等与碳酸水混合而成。","1. 传统碳酸饮料 可乐、雪碧、芬达 核心为高糖 + 焦糖色 + 香精，属于 “碳酸饮料” 大类，而非 “其他有汽饮品”。
2. 苏打水 天然苏打水、人工无糖苏打水 核心强调碳酸氢钠和弱碱性，已单独归为一类。
3. 茶饮料 气泡乌龙茶、气泡绿茶 若茶味是主导风味（茶多酚含量达标），即使充气也应归为气泡茶或茶饮料。
4. 果汁饮料 常温果汁汽水（如某些老品牌） 若主要成分是果汁且含糖量高，通常归为果汁饮料。
5. 纯净水 / 矿泉水 仅充气的纯净水 无任何辅料风味，单纯是 “充气水”。",,,,柠檬味,铝罐,无糖,,,,,,
,,,,,,,,,,,,青柠味,塑料瓶,含糖,,,,,,
,,,,,,,,,,,,西柚味,玻璃瓶,,,,,,,
,,,,,,,,,,,,蜜桃味,利乐包装,,,,,,,
,,,,,,,,,,,,荔枝味,组合装,,,,,,,
,,,,,,,,,,,,苹果味,,,,,,,,
,,,,,,,,,,,,葡萄味,,,,,,,,
,,,,,,,,,,,,橙味,,,,,,,,
,,,,,,,,,,,,可乐味,,,,,,,,
,,,,,,,,,,,,苏打味,,,,,,,,
,,,,,,,,,,,,薄荷味,,,,,,,,
,,,,,,,,,,,,姜味,,,,,,,,
,,,,,,,,,,,,乳酸菌味,,,,,,,,
,,,,,,,,,,,,其他,,,,,,,,
,,,,,,,,,,,,,,,,,,,,
,,,,,,,,,,,,,,,,,,,,
,,,,,,,,,,,,,,,,,,,,
,,,,,,,,,,,,,,,,,,,,
,,,,,,,,,,,,,,,,,,,,
,,,,,,,,,,,,,,,,,,,,
,,,,,,,,,,,,,,,,,,,,
,,,,,,,,,,,,,,,,,,,,
6.0,食品,饮料,即饮果汁,100%纯果汁(FC/NFC),A,"定义：由水果经压榨、萃取等物理方法直接制成的，不添加任何外来水、糖、食品添加剂或防腐剂的果汁产品。其果汁含量为100%，保留了水果的原始风味和大部分营养成分，通常采用巴氏杀菌或超高温瞬时杀菌工艺以延长保质期，常见于利乐包、玻璃瓶或塑料瓶等包装形式。

FC - 100% 纯果汁 FC（From Concentrate）的官方名称为复原果汁。FC 是浓缩还原工艺的 100% 纯果汁，合规标注 “100% 果汁”，配料表含 “水 + 浓缩汁”；与 NFC 的核心区别在于是否经过 “浓缩 + 还原” 工序。
NFC - Not From Concentrated Fruit Juice。NFC 果汁即非浓缩还原的 100% 纯果汁，以水果直接机械榨汁、不经浓缩复原、无任何添加，经杀菌后直接灌装国家标准化管理委员会。","包含：FC（水 + 浓缩汁 100% 还原）、NFC（直接榨汁 100%，无水）。

小提醒（品类库必知）
FC：多用 PET 瓶、纸铝复合包（常温长保）。
NFC：多用 屋顶盒、玻璃瓶、易拉罐、PET 冷藏瓶（多短保 / 冷藏）。",不包含：任何果汁含量＜100%、加了糖 / 香精 / 防腐剂 / 非果汁成分、或标注 “饮料” 的产品。,汇源100%,FC 100% 果汁,,橙子味,PET 瓶,含天然果糖,,,,,,
,,,,,,,,,味全每日C（FC 系列）,NFC 100% 果汁,,苹果味,纸铝复合包（利乐 / 康美）,,,,,,,
,,,,,,,,,康师傅纯果乐100%,复合100% 果汁,,葡萄味,屋顶盒,,,,,,,
,,,,,,,,,都乐 Dole100% 果汁,,,芒果味,玻璃瓶,,,,,,,
,,,,,,,,,农夫山泉100% 果汁,,,水蜜桃味,易拉罐,,,,,,,
,,,,,,,,,农夫山泉 NFC,,,菠萝味,组合装,,,,,,,
,,,,,,,,,零度果坊,,,梨味,礼盒装,,,,,,,
,,,,,,,,,汲自然,,,猕猴桃味,,,,,,,,
,,,,,,,,,味全每日C（NFC 系列）,,,蓝莓味,,,,,,,,
,,,,,,,,,优诺NFC,,,草莓味,,,,,,,,
,,,,,,,,,宾果Binggu,,,樱桃味,,,,,,,,
,,,,,,,,,,,,柠檬味,,,,,,,,
,,,,,,,,,,,,西瓜味,,,,,,,,
,,,,,,,,,,,,白桃味,,,,,,,,
,,,,,,,,,,,,杨梅味,,,,,,,,
,,,,,,,,,,,,冰糖雪梨味,,,,,,,,
,,,,,,,,,,,,红石榴味,,,,,,,,
,,,,,,,,,,,,百香果味,,,,,,,,
,,,,,,,,,,,,番石榴味,,,,,,,,
,,,,,,,,,,,,青提味,,,,,,,,
,,,,,,,,,,,,水蜜桃味,,,,,,,,
,,,,,,,,,,,,其他,,,,,,,,
7.0,食品,饮料,即饮果汁,果汁/水果/果味饮料,S,"定义：以水、糖和食品添加剂为主要原料，通过食用香精赋予其特定水果风味的饮料，其果汁含量通常低于10%或完全不含果汁。产品核心在于提供清爽的甜味和明确的水果风味体验，而非果汁的营养价值，是市场上价格较低、口味选择广泛的常见软饮料类别。

快速区分要点
果汁：100% 纯汁（FC/NFC），无添加
果汁饮料：果汁≥10%，可添加
水果饮料：果汁 5%–10%，可添加
果味饮料：果汁＜5%（或 0），香精为主","1. 果汁饮料：果汁含量 ≥10%，以果汁 / 浓缩果汁 + 水为基础，可添加糖、酸、香精、防腐剂、维生素等。常见：果粒橙、美汁源、统一鲜橙多、农夫山泉果汁饮料系列。
2. 水果饮料：果汁含量 5% ≤ 含量 ＜ 10%，以水、糖、少量果汁 / 浓缩果汁为基础，可加添加剂，标签多为 “XX 水果饮料”。
3. 果味饮料：果汁含量 ＜5%，甚至0 果汁，以水、糖 / 甜味剂、香精、色素、酸等调配，模拟水果风味，常见“XX 味饮料”“XX 风味饮料”。",100% 纯果汁。,汇源,水果饮料（果汁含量≥10%）,,橙子味,PET 瓶,无糖,,,,,,
,,,,,,,,,农夫山泉,果味饮料（果汁含量＜10%）,,苹果味,纸铝复合包,含糖,,,,,,
,,,,,,,,,美汁源,果汁饮料（通用大类）,,葡萄味,屋顶盒,,,,,,,
,,,,,,,,,酷儿,,,水蜜桃味,易拉罐,,,,,,,
,,,,,,,,,娃哈哈,,,柠檬味,玻璃瓶,,,,,,,
,,,,,,,,,统一,,,荔枝味,袋装,,,,,,,
,,,,,,,,,,,,草莓味,组合装,,,,,,,
,,,,,,,,,,,,芒果味,礼盒装,,,,,,,
,,,,,,,,,,,,蓝莓味,,,,,,,,
,,,,,,,,,,,,西柚味,,,,,,,,
,,,,,,,,,,,,百香果味,,,,,,,,
,,,,,,,,,,,,菠萝味,,,,,,,,
,,,,,,,,,,,,椰子味,,,,,,,,
,,,,,,,,,,,,蜂蜜味,,,,,,,,
,,,,,,,,,,,,青梅味,,,,,,,,
,,,,,,,,,,,,冰糖雪梨味,,,,,,,,
,,,,,,,,,,,,白柚味,,,,,,,,
,,,,,,,,,,,,热带水果味,,,,,,,,
,,,,,,,,,,,,复合水果味,,,,,,,,
,,,,,,,,,,,,其他,,,,,,,,
,,,,,,,,,,,,,,,,,,,,
,,,,,,,,,,,,,,,,,,,,
8.0,食品,饮料,即饮果蔬汁,即饮果蔬汁,,"定义：即饮果蔬汁是指可直接饮用、无需复溶的果蔬汁类产品，依据 GB/T 31121-2014《果蔬汁类及其饮料》，核心分为两类：100% 果蔬汁（浆）（含 NFC、FC 等工艺）与果蔬汁（浆）类饮料（含果汁 / 蔬菜汁含量＜100%）。

快速区分要点
✅ 即饮 100% 果蔬汁：配料仅 “XX 果蔬汁”/“浓缩 XX 汁 + 水”，含量 100%
✅ 即饮果蔬汁饮料：含量≥10%，配料含 “水、糖、香精”
❌ 非即饮：配料含 “浓缩汁” 但标注 “需稀释饮用”
❌ 非果蔬汁：含量＜5%，配料以 “水、香精、甜味剂” 为主

快速判定口诀
必含：定量包装 + 直接饮用 + 果蔬汁含量≥5%
必不含：需稀释、无果蔬汁标识、果汁＜5%、含酒精 / 含乳 / 碳酸属性","1. 100% 果蔬汁（浆）
NFC 非浓缩还原汁：直接物理压榨、瞬时杀菌（巴氏 / HPP）灌装，配料表仅含 “XX 果蔬汁”，无额外添加。
FC 浓缩还原汁：浓缩汁加等量水复原，配料表为 “浓缩 XX 汁 + 水”，标注 100%。
现榨 / 鲜榨果蔬汁（门店即饮）：现场压榨、低温短保，属即饮但无预包装标签。
2. 果蔬汁（浆）类饮料
果汁饮料：果汁（浆）含量≥10% 且＜100%，可添加水、糖、酸味剂、香精。
果浆饮料：果浆含量≥20%，含果肉纤维，属即饮调配类。
水果饮料：果汁（浆）含量≥5% 且＜10%，标注明确含量，为低果汁调配饮品。","1. 非即饮类
浓缩果蔬汁（浆）：需按比例加水稀释饮用，配料表无 “直接饮用” 标识。
固体果蔬粉 / 粉浆：需冲调复原，属固体饮料范畴，非即饮液态。
现制现售未包装果蔬汁：无定量包装，按现制饮品管理，不纳入预包装即饮果蔬汁。
2. 非果蔬汁类饮料
果味饮料：果汁含量＜5%，配料以水、香精、甜味剂为主，不属果蔬汁及其饮料。
蔬菜汁饮料：仅含蔬菜原料、无水果成分，不纳入果蔬汁分类（按蔬菜汁管理）。
发酵果蔬汁（含酒精）：乙醇含量＞0.5%，属发酵酒或配制酒，非饮料类。
3. 特殊排除项
果蔬味含乳饮料：以乳为基，含果蔬风味，属蛋白饮料，不归类为果蔬汁。
碳酸果蔬饮料：含气果蔬味饮品，属风味饮料 / 碳酸饮料，非果蔬汁及其饮料。
速冻果蔬汁（浆）：需解冻后饮用，属冷冻饮品，不纳入即饮果蔬汁。",维果清,100%纯果蔬汁,,苹果胡萝卜汁,利乐包/无菌砖,,,,,,,
,,,,,,,,,一甸园,果蔬汁饮料,,橙胡萝卜汁,PET塑料瓶,,,,,,,
,,,,,,,,,轻上,,,苹果甜菜根汁,玻璃瓶,,,,,,,
,,,,,,,,,Biotta,,,苹果菠菜汁,,,,,,,,
,,,,,,,,,伊藤园,,,苹果羽衣甘蓝汁,,,,,,,,
,,,,,,,,,,,,苹果西芹汁,,,,,,,,
,,,,,,,,,,,,番茄苹果汁,,,,,,,,
,,,,,,,,,,,,菠萝羽衣甘蓝汁,,,,,,,,
,,,,,,,,,,,,芒果胡萝卜汁,,,,,,,,
,,,,,,,,,,,,纯番茄汁,,,,,,,,
,,,,,,,,,,,,纯胡萝卜汁,,,,,,,,
,,,,,,,,,,,,纯西芹汁,,,,,,,,
,,,,,,,,,,,,纯甜菜根汁,,,,,,,,
,,,,,,,,,,,,纯羽衣甘蓝汁,,,,,,,,
,,,,,,,,,,,,混合蔬菜汁,,,,,,,,
,,,,,,,,,,,,其他,,,,,,,,
,,,,,,,,,,,,,,,,,,,,
,,,,,,,,,,,,,,,,,,,,
,,,,,,,,,,,,,,,,,,,,
,,,,,,,,,,,,,,,,,,,,
,,,,,,,,,,,,,,,,,,,,
,,,,,,,,,,,,,,,,,,,,
9.0,食品,饮料,茶饮料,即饮茶,S,"定义：以茶叶或茶浓缩液为主要原料，经萃取、调配、杀菌后灌装于一次性密封容器中的可直接饮用的液体茶品，通常保留茶汤本色与茶香，可添加糖、酸度调节剂、果汁或草本风味等，但不含乳制品或植脂末。常见包装为PET瓶、铝罐或利乐包，常温或冷藏销售，代表产品包括绿茶、乌龙茶、红茶及其调味系列。

快速区分要点
即饮茶（预包装）：以茶叶提取液 / 茶粉为基底、预包装、可直接饮用，含真实茶成分（茶多酚 / 咖啡因达标）。
排除：现制茶饮、纯茶味香精饮料、咖啡 / 植物 / 果蔬 / 碳酸 / 蛋白 / 固体饮料、含酒精 / 保健茶。","1. 纯茶饮料：绿茶、红茶、乌龙茶、普洱茶、茉莉花茶、白茶、黄茶、黑茶等
无糖 / 低糖 / 微甜纯茶（仅加少量糖 / 甜味剂），茶多酚 ≥ 300 mg/kg，咖啡因 ≥ 40 mg/kg。
2. 调味茶饮料：果汁茶饮料：茶 + 果汁（≥5%），如柠檬茶、蜜桃乌龙茶、葡萄乌龙。
3. 果味茶饮料：茶 + 果味香精（果汁＜5%）。
4. 其他调味茶：如蜂蜜茶、草本茶、菊花枸杞茶等。
5. 复合茶饮料：茶 + 多种花果 / 草本 / 谷物（如玫瑰普洱、大麦茶、玄米茶）
6. 常见即饮茶产品：三得利无糖乌龙茶、农夫山泉东方树叶、元气森林纤茶、康师傅冰红茶、统一绿茶、喜茶瓶装、奈雪瓶装、维他柠檬茶、雀巢茶萃、伊藤园绿茶。","1. 非预包装、现制现售茶饮：奶茶店 / 咖啡店现做奶茶、果茶、手打柠檬茶。
2. 不含真实茶叶成分的 “茶味饮料”
仅用香精模拟茶味、无茶叶提取 / 茶粉的风味饮料，茶多酚、咖啡因未达国标下限的 “茶味水”。
3. 其他饮料大类（易混淆）：咖啡饮料：以咖啡为基底（如拿铁、美式、瓶装咖啡）；植物饮料：以非茶植物为原料（如凉茶、菊花茶、冬瓜茶、椰汁、杏仁露）；果蔬汁饮料：以果汁 / 果味为主（如橙汁、苹果汁、果味水）
碳酸饮料：纯汽水 / 可乐 / 雪碧等（不含茶基底）；蛋白饮料：纯牛奶、酸奶、豆奶等；固体饮料：速溶茶粉、茶包、茶膏（需冲泡，非即饮液体）。
4. 特殊品类：含酒精茶饮料（如茶酒、预调鸡尾酒）、药用茶、保健茶（有明确功效声称，属保健食品）。",东方树叶,纯茶,,绿茶,PET 瓶,无糖,,,,,,
,,,,,,,,,三得利,调味茶,,红茶,易拉罐,含糖,,,,,,
,,,,,,,,,纤茶,果汁茶,,乌龙茶味,利乐包 / 无菌纸包,,,,,,,
,,,,,,,,,康师傅,特色茶,,普洱茶,屋顶盒,,,,,,,
,,,,,,,,,统一,,,茉莉花茶,玻璃瓶,,,,,,,
,,,,,,,,,维他,,,白茶,袋装,,,,,,,
,,,,,,,,,茶 π,,,黑茶,组合装,,,,,,,
,,,,,,,,,元气觉醒,,,黄茶,礼盒装,,,,,,,
,,,,,,,,,元气森林,,,其他,,,,,,,,
,,,,,,,,,茶小开,,,,,,,,,,,
,,,,,,,,,,,,,,,,,,,,
,,,,,,,,,,,,,,,,,,,,
,,,,,,,,,,,,,,,,,,,,
,,,,,,,,,,,,,,,,,,,,
,,,,,,,,,,,,,,,,,,,,
,,,,,,,,,,,,,,,,,,,,
,,,,,,,,,,,,,,,,,,,,
,,,,,,,,,,,,,,,,,,,,
,,,,,,,,,,,,,,,,,,,,
,,,,,,,,,,,,,,,,,,,,
,,,,,,,,,,,,,,,,,,,,
,,,,,,,,,,,,,,,,,,,,
10.0,食品,饮料,茶饮料,即饮奶茶,A,"定义：以茶汤为基础，加入乳或乳制品（牛奶、奶粉、植脂末等）及糖或甜味剂调配而成的即饮型含乳茶饮料，经均质、杀菌后灌装于一次性密封容器中，可直接饮用，口感兼具茶香与乳香，质地通常为均匀的乳浊液，提供丝滑且略带甜味的饮用体验。常见包装为PET瓶、铝罐或利乐包，常温或冷藏销售，代表产品包括原味奶茶、焦糖奶茶、港式奶茶等风味系列。

快速区分要点
即饮奶茶（预包装）：以茶叶提取液 / 茶粉为基底，含乳 / 奶成分，预包装、可直接饮用，茶多酚≥200 mg/kg。
排除：现制奶茶、纯奶味香精饮料、纯乳 / 咖啡 / 果汁 / 植物 / 固体饮料、含酒精 / 保健奶茶。","以茶叶提取液 / 浓缩液 / 茶粉为基底，加入乳 / 乳制品 / 奶精 / 植脂末，预包装、可直接饮用的液体饮料。
1. 奶茶饮料
茶多酚 ≥ 200 mg/kg，乳蛋白 ≥ 0.5%（含真实乳 / 奶成分）。包括红茶奶茶、乌龙奶茶、茉莉奶茶、普洱奶茶、抹茶奶茶等
低糖 / 无糖 / 微甜奶茶、轻乳茶、厚乳奶茶
2. 奶味茶饮料 
茶多酚 ≥ 200 mg/kg，乳蛋白＜0.5%（以奶精 / 植脂末 / 奶味香精为主），常见于平价瓶装 / 罐装奶茶。
3. 常见即饮奶茶产品
瓶装：康师傅经典奶茶、统一阿萨姆、元气森林乳茶、果子熟了轻乳茶。
罐装：兰芳园港式奶茶、香飘飘即饮牛乳茶、旺旺邦德奶昔茶。
杯装：Meco 牛乳茶、喜茶瓶装奶茶、奈雪瓶装奶茶。","1. 非预包装、现制现售奶茶
奶茶店 / 咖啡店现做奶茶、珍珠奶茶、果茶奶茶（属餐饮现制，不属预包装即饮奶茶）。
2. 不含真实茶叶成分的 “奶味饮料”
仅用香精模拟茶味、无茶叶提取 / 茶粉的风味饮料，茶多酚未达国标下限的 “奶味水”。
3. 其他饮料大类（易混淆）
纯乳 / 蛋白饮料：纯牛奶、酸奶、豆奶、椰奶（无茶基底）
咖啡饮料：拿铁、摩卡、瓶装咖啡（以咖啡为基底）
果汁 / 果味饮料：以果汁 / 果味为主（无茶基底）
植物饮料：凉茶、菊花茶、冬瓜茶、杏仁露（非茶 + 奶）
固体饮料：速溶奶茶粉、奶茶包（需冲泡，非即饮液体）
4. 特殊品类
含酒精奶茶（如奶茶酒、预调鸡尾酒）
药用 / 保健奶茶（有明确功效声称，属保健食品）",统一,经典即饮奶茶,,原味,PET 瓶,无糖,,,,,,
,,,,,,,,,康师傅,牛乳茶,,红茶味,易拉罐,含糖,,,,,,
,,,,,,,,,三得利,果味奶茶,,乌龙茶味,利乐包 / 无菌纸包,,,,,,,
,,,,,,,,,麒麟,无糖 / 低糖奶茶,,绿茶味,屋顶盒,,,,,,,
,,,,,,,,,旺旺,燕麦 / 植物基奶茶,,茉莉花茶味,玻璃瓶,,,,,,,
,,,,,,,,,立顿,港式即饮奶茶,,普洱奶茶,杯装,,,,,,,
,,,,,,,,,雀巢,,,草莓味,组合装,,,,,,,
,,,,,,,,,娃哈哈,,,芒果味,礼盒装,,,,,,,
,,,,,,,,,元气森林,,,水蜜桃味,,,,,,,,
,,,,,,,,,喜茶,,,葡萄味,,,,,,,,
,,,,,,,,,奈雪的茶,,,百香果味,,,,,,,,
,,,,,,,,,让茶,,,柠檬味,,,,,,,,
,,,,,,,,,伊藤园,,,巧克力味,,,,,,,,
,,,,,,,,,香飘飘,,,焦糖味,,,,,,,,
,,,,,,,,,兰芳园,,,咖啡味,,,,,,,,
,,,,,,,,,维他,,,红豆味,,,,,,,,
,,,,,,,,,,,,抹茶味,,,,,,,,
,,,,,,,,,,,,芝士味,,,,,,,,
,,,,,,,,,,,,其他,,,,,,,,
,,,,,,,,,,,,,,,,,,,,
,,,,,,,,,,,,,,,,,,,,
,,,,,,,,,,,,,,,,,,,,
11.0,食品,饮料,茶饮料,其他茶饮料,,"定义：以茶叶或茶浓缩液为核心原料，添加果汁、蜂蜜、植物提取物、气泡或其他非乳制品配料，经调配、杀菌后灌装于一次性密封容器中的可直接饮用的茶基饮品，其风味、颜色及口感因配料差异而多样化，可能包含功能性添加剂，碳酸化或非碳酸化类型均有。

快速区分要点
原料：以茶叶的水提取液、浓缩液、茶粉（含速溶 / 研磨茶粉）为基。
工艺：经萃取、调制、杀菌、灌装制成，直接饮用、无需复溶。
关键指标：茶多酚含量≥150 mg/kg（用于与非茶饮品区分）国家统计局。
归属：归 “茶（类）饮料” 大类，不属果蔬汁、蛋白饮料、风味饮料等。",,,统一,,,蜜桃乌龙,塑料装,无糖,,,,,,
,,,,,,,,,康师傅,,,蜂蜜柚子,铝罐装,含糖,,,,,,
,,,,,,,,,农夫山泉,,,柠檬红茶,利乐包,,,,,,,
,,,,,,,,,王老吉,,,茉莉绿茶,玻璃瓶,,,,,,,
,,,,,,,,,加多宝,,,西柚绿茶,其他,,,,,,,
,,,,,,,,,,,,荔枝乌龙,,,,,,,,
,,,,,,,,,,,,葡萄茉莉,,,,,,,,
,,,,,,,,,,,,青提乌龙,,,,,,,,
,,,,,,,,,,,,百香果绿茶,,,,,,,,
,,,,,,,,,,,,玫瑰红茶,,,,,,,,
,,,,,,,,,,,,桂花乌龙,,,,,,,,
,,,,,,,,,,,,草莓红茶,,,,,,,,
,,,,,,,,,,,,芒果绿茶,,,,,,,,
,,,,,,,,,,,,翡翠西柚,,,,,,,,
,,,,,,,,,,,,凤凰单丛,,,,,,,,
,,,,,,,,,,,,青柑普洱,,,,,,,,
,,,,,,,,,,,,鸭屎香,,,,,,,,
,,,,,,,,,,,,烟波龙井,,,,,,,,
,,,,,,,,,,,,樱花青提,,,,,,,,
,,,,,,,,,,,,其他,,,,,,,,
,,,,,,,,,,,,,,,,,,,,
,,,,,,,,,,,,,,,,,,,,
12.0,食品,饮料,包装水,纯净水,S,"定义：以符合生活饮用水卫生标准的水源为原水，经反渗透、离子交换、蒸馏或其他适当净化工艺去除几乎全部矿物质及杂质后制成的可直接饮用包装水。产品无色无味，电导率极低，通常采用PET瓶、桶或盒装形式密封灌装。

快速区分要点
纯净水（饮用纯净水）：预包装、可直接饮用，经深度净化、几乎无矿物质、无任何添加剂，执行 GB 19298 或 GB 17323。
排除：天然矿泉水、天然水、矿物质水、苏打水、风味水、含添加物饮料、非预包装水。","定义：以符合《生活饮用水卫生标准》（GB 5749）的水为原水，经蒸馏、反渗透、离子交换、电渗析等工艺深度净化，几乎去除所有矿物质与杂质、不含任何添加剂的预包装饮用水。
1. 核心品类
饮用纯净水（主流，执行 GB 19298 / GB 17323）
去离子水（工业 / 实验室级，食品级可归为纯净水）
2. 典型产品
怡宝、娃哈哈纯净水、纯水乐、景田纯净水、冰露纯悦（纯净水款）
3. 包装形式
PET 瓶（350ml/550ml/1.5L）、桶装水（18.9L）、易拉罐、袋装水","1. 含天然矿物质的水（核心排除）
饮用天然矿泉水（执行 GB 8537，含天然矿物质 / 微量元素，如百岁山、依云）；饮用天然水 / 山泉水（含天然矿物质，如农夫山泉、怡宝天然水）；天然泉水 / 冰川水（保留天然矿物质，非深度净化）
2. 人工添加成分的水
矿物质水（纯净水 + 人工添加矿物质，属 “其他饮用水”）；苏打水 / 气泡水（含二氧化碳或碳酸氢钠）；风味水 / 维生素水（添加香精、维生素、电解质等）
3. 其他饮料大类（易混淆）
茶饮料、咖啡饮料、果汁饮料、蛋白饮料（含非水成分）；固体饮料（如泡腾片、电解质粉，需冲泡）；含酒精饮料（啤酒、预调酒等）
4. 非预包装 / 非饮用类
自来水、井水、河水（未净化）；医用注射用水、超纯水（非食品级）；现制现售直饮水（非预包装）",怡宝,,,,PET 瓶,,,,,,,
,,,,,,,,,娃哈哈,,,,易拉罐,,,,,,,
,,,,,,,,,屈臣氏,,,,玻璃瓶,,,,,,,
,,,,,,,,,景田,,,,组合装,,,,,,,
,,,,,,,,,正广和,,,,礼盒装,,,,,,,
,,,,,,,,,润田,,,,桶装,,,,,,,
,,,,,,,,,蒸馏水（纯净水范畴）,,,,,,,,,,,
,,,,,,,,,进口纯净水,,,,,,,,,,,
,,,,,,,,,纯水乐（AQUAFINA）,,,,,,,,,,,
,,,,,,,,,国产大众纯净水,,,,,,,,,,,
,,,,,,,,,青啤优活,,,,,,,,,,,
,,,,,,,,,今麦郎,,,,,,,,,,,
,,,,,,,,,农夫山泉（纯净水款）,,,,,,,,,,,
,,,,,,,,,,,,,,,,,,,,
,,,,,,,,,,,,,,,,,,,,
,,,,,,,,,,,,,,,,,,,,
,,,,,,,,,,,,,,,,,,,,
,,,,,,,,,,,,,,,,,,,,
,,,,,,,,,,,,,,,,,,,,
,,,,,,,,,,,,,,,,,,,,
,,,,,,,,,,,,,,,,,,,,
,,,,,,,,,,,,,,,,,,,,
13.0,食品,饮料,包装水,蒸馏水,S,"定义：通过加热原水使其汽化再冷凝收集而得的几乎不含任何溶解性固体与微生物的包装饮用水。因工艺彻底去除了矿物质，口感极为清淡，多用于医疗注射用水稀释、实验室试剂配制及高端家电配套，常见包装为透明PET瓶或医用级PE瓶。

一句话定义 
蒸馏水是以符合生活饮用水标准的水为原水，经蒸馏、冷凝工艺制得的高纯度饮用纯净水，几乎不含矿物质与杂质。","1. 饮用蒸馏水，以水为原水，经蒸馏法、冷凝法制成，去除几乎所有矿物质、微生物、杂质，属于饮用纯净水范畴。
2. 食品级蒸馏水，用于饮料、食品生产、可饮用级别。
3. 市售瓶装 / 桶装蒸馏水，商超在售、预包装、可直接饮用的蒸馏水。","1. 非蒸馏工艺的纯净水，反渗透（RO）纯净水、离子交换水、去离子水、纯水。
2. 含天然矿物质的水，天然矿泉水、天然水、山泉水。
3. 人工添加水，矿物质水（人工加矿物质）
苏打水、气泡水、电解质水、风味水。
4. 非食品 / 非饮用类，工业蒸馏水、实验室蒸馏水、医用蒸馏水（不可直接饮用）、自来水、开水、凉白开。
5. 其他饮料，茶、咖啡、果汁、碳酸饮料、含乳饮料等。",屈臣氏,,,,PET 瓶,,,,,,,
,,,,,,,,,正广和,,,,玻璃瓶,,,,,,,
,,,,,,,,,娃哈哈（蒸馏水款）,,,,易拉罐,,,,,,,
,,,,,,,,,景田（蒸馏水款）,,,,组合装,,,,,,,
,,,,,,,,,乐百氏（蒸馏水款）,,,,礼盒装,,,,,,,
,,,,,,,,,润田（蒸馏水款）,,,,桶装,,,,,,,
,,,,,,,,,,,,,,,,,,,,
,,,,,,,,,,,,,,,,,,,,
,,,,,,,,,,,,,,,,,,,,
,,,,,,,,,,,,,,,,,,,,
,,,,,,,,,,,,,,,,,,,,
,,,,,,,,,,,,,,,,,,,,
,,,,,,,,,,,,,,,,,,,,
,,,,,,,,,,,,,,,,,,,,
,,,,,,,,,,,,,,,,,,,,
,,,,,,,,,,,,,,,,,,,,
,,,,,,,,,,,,,,,,,,,,
,,,,,,,,,,,,,,,,,,,,
,,,,,,,,,,,,,,,,,,,,
,,,,,,,,,,,,,,,,,,,,
,,,,,,,,,,,,,,,,,,,,
,,,,,,,,,,,,,,,,,,,,
14.0,食品,饮料,包装水,矿泉水,S,"定义：从地下深处自然涌出或经钻井采集、含有稳定矿物质成分且符合国家标准界限指标的未受污染天然水，经简单过滤、杀菌后直接灌装。产品保留钙、镁、钾、锶等天然矿物元素，口感因水源差异呈现微甜或微咸，常见包装为玻璃瓶、PET瓶及铝罐，按矿化度可分为低矿化、中矿化与高矿化三类，需在标签上标注水源地及主要离子含量。

一句话定义 
来自地下深层天然水源，富含一定量天然矿物质与微量元素，执行 GB 8537的预包装饮用水。","1. 来自地下深层天然水源。
2. 含一定量天然矿物质、微量元素未受污染，仅允许过滤、杀菌。
3. 执行国标：GB 8537。
4. 包括：饮用天然矿泉水（偏硅酸型、锶型等），天然矿泉水（含气 / 不含气），商超正规瓶装、桶装天然矿泉水。
5. 典型产品：百岁山、依云、昆仑山、农夫山泉天然矿泉水等。","1. 纯净水类：纯净水、蒸馏水、去离子水。
2. 天然水 / 山泉水：水源不是深层矿泉，矿物质未达国标。
执行 GB 19298，不是 GB 8537
3. 人工添加的水：矿物质水（纯净水 + 人工添加矿物质）。
苏打水、电解质水、风味水、维生素水
4. 普通饮用水：自来水、开水、凉白开
现制直饮水。
5. 其他饮料：茶、咖啡、果汁、碳酸、含乳饮料等。",百岁山,偏硅酸矿泉水,,,PET 瓶,,,,,,,
,,,,,,,,,泉阳泉,锶矿泉水,,,桶装,,,,,,,
,,,,,,,,,崂山,锂矿泉水,,,玻璃瓶,,,,,,,
,,,,,,,,,爱夸,硒矿泉水,,,易拉罐,,,,,,,
,,,,,,,,,农夫山泉（含锂款）,碳酸型矿泉水,,,组合装,,,,,,,
,,,,,,,,,林海源水,进口矿泉水,,,礼盒装,,,,,,,
,,,,,,,,,昆仑山（碳酸款）,国产大众矿泉水,,,桶装,,,,,,,
,,,,,,,,,依云,,,,,,,,,,,
,,,,,,,,,斐泉,,,,,,,,,,,
,,,,,,,,,芙丝,,,,,,,,,,,
,,,,,,,,,本优,,,,,,,,,,,
,,,,,,,,,雅客·长白甘泉,,,,,,,,,,,
,,,,,,,,,,,,,,,,,,,,
,,,,,,,,,,,,,,,,,,,,
,,,,,,,,,,,,,,,,,,,,
,,,,,,,,,,,,,,,,,,,,
,,,,,,,,,,,,,,,,,,,,
,,,,,,,,,,,,,,,,,,,,
,,,,,,,,,,,,,,,,,,,,
,,,,,,,,,,,,,,,,,,,,
,,,,,,,,,,,,,,,,,,,,
,,,,,,,,,,,,,,,,,,,,
15.0,食品,饮料,包装水,天然水,S,"定义：取自水井、山泉、水库、湖泊等天然水体，仅经过沉淀、过滤、臭氧或紫外线杀菌等最小必要处理而保留原有矿物组成的包装饮用水。产品外观清澈，矿物质含量随水源变化，口感接近当地原水，通常以PET瓶、桶或袋装形式上市，标签须注明具体水源类型与采集地点。

一句话定义
天然水：以天然水源为原水，经简单净化处理，保留适量天然矿物质，无人工添加，执行 GB 19298 的预包装饮用水。","1. 天然水：以地表水、山泉、溪流、水库等天然水源为原水，仅经过过滤、杀菌等简单处理，保留适量天然矿物质，不人工添加矿物质，属于包装饮用水大类。
2. 常见产品：农夫山泉天然水、怡宝天然水、各类山泉水、天然泉水等。","1. 天然矿泉水（核心排除）
执行标准不同：天然水 GB 19298
天然矿泉水 GB 8537（矿物质含量达标、地下深层水源）
2. 纯净水类
纯净水、蒸馏水、去离子水（几乎无矿物质）
人工添加水
3. 矿物质水（纯净水 + 人工添加矿物质）
苏打水、气泡水、电解质水、风味水、维生素水
4. 非预包装水
自来水、井水、河水、现制直饮水、开水
5. 其他饮料
果汁、茶、咖啡、碳酸、含乳饮料等",农夫山泉,,,,PET 瓶,,,,,,,
,,,,,,,,,怡宝,,,,桶装,,,,,,,
,,,,,,,,,百岁山,,,,玻璃瓶,,,,,,,
,,,,,,,,,娃哈哈,,,,易拉罐,,,,,,,
,,,,,,,,,康师傅,,,,组合装,,,,,,,
,,,,,,,,,,,,,礼盒装,,,,,,,
,,,,,,,,,,,,,桶装,,,,,,,
,,,,,,,,,,,,,,,,,,,,
,,,,,,,,,,,,,,,,,,,,
,,,,,,,,,,,,,,,,,,,,
,,,,,,,,,,,,,,,,,,,,
,,,,,,,,,,,,,,,,,,,,
,,,,,,,,,,,,,,,,,,,,
,,,,,,,,,,,,,,,,,,,,
,,,,,,,,,,,,,,,,,,,,
,,,,,,,,,,,,,,,,,,,,
,,,,,,,,,,,,,,,,,,,,
,,,,,,,,,,,,,,,,,,,,
,,,,,,,,,,,,,,,,,,,,
,,,,,,,,,,,,,,,,,,,,
,,,,,,,,,,,,,,,,,,,,
,,,,,,,,,,,,,,,,,,,,
16.0,食品,饮料,包装水,矿物质水,S,"定义：以纯净水或天然水为基础，人工定量添加硫酸镁、氯化钾、碳酸钙等食品级矿物盐，使矿物质含量达到预设范围并符合相关标准的包装饮用水。产品离子组成可控，口感介于纯净水与天然矿泉水之间，常见包装为500 mL至2 L的PET瓶，标签需标示“矿物质水”字样及添加的矿物盐种类与含量范围。

一句话定义 
矿物质水是以饮用纯净水为原水，人工添加适量矿物质制成的预包装饮用水。","1. 以纯净水为基础
2. 人工添加矿物质（如硫酸镁、氯化钾、碳酸氢钠等）
3. 不添加糖、香精、二氧化碳
4. 执行标准：GB 19298","1. 天然矿泉水（核心排除）
天然矿泉水：天然含有矿物质，执行 GB 8537
2. 矿物质水：人工添加矿物质，执行 GB 19298
3. 天然水 / 山泉水
天然水源，保留天然矿物质，不人工添加
4. 纯净水 / 蒸馏水
几乎无矿物质，不添加任何矿物质
5. 带气 / 调味类水
苏打水、气泡水、电解质水、风味水、维生素水
6. 其他饮料
碳酸饮料、果汁、茶、咖啡、含乳饮料等",农夫山泉,饮用矿物质水,,,PET 瓶,,,,,,,
,,,,,,,,,怡宝,天然矿物质水,,,桶装,,,,,,,
,,,,,,,,,百岁山,,,,玻璃瓶,,,,,,,
,,,,,,,,,娃哈哈,,,,易拉罐,,,,,,,
,,,,,,,,,康师傅,,,,组合装,,,,,,,
,,,,,,,,,,,,,礼盒装,,,,,,,
,,,,,,,,,,,,,桶装,,,,,,,
,,,,,,,,,,,,,,,,,,,,
,,,,,,,,,,,,,,,,,,,,
,,,,,,,,,,,,,,,,,,,,
,,,,,,,,,,,,,,,,,,,,
,,,,,,,,,,,,,,,,,,,,
,,,,,,,,,,,,,,,,,,,,
,,,,,,,,,,,,,,,,,,,,
,,,,,,,,,,,,,,,,,,,,
,,,,,,,,,,,,,,,,,,,,
,,,,,,,,,,,,,,,,,,,,
,,,,,,,,,,,,,,,,,,,,
,,,,,,,,,,,,,,,,,,,,
,,,,,,,,,,,,,,,,,,,,
,,,,,,,,,,,,,,,,,,,,
,,,,,,,,,,,,,,,,,,,,
17.0,食品,饮料,包装水,其他包装水,,定义：除纯净水、蒸馏水、矿泉水、天然水、矿物质水之外，经工业灌装、密封于一次性容器内可直接饮用的所有包装饮用水，包括但不限于添加微量食品级二氧化碳的轻气泡水、经电解调节pH值的功能水、添加极少量果汁或食用香精的调味水等。产品形态、成分及包装规格差异较大，需在标签明确标注产品真实属性及配料表。,"1. 轻气泡水
2. 经电解调节pH值的功能水
3. 添加极少量果汁或食用香精的调味水","1. 天然矿泉水（GB 8537）
2. 天然水 / 山泉水
3. 饮用纯净水、蒸馏水
4. 碳酸饮料（可乐、汽水、含气苏打汽水）
5. 果汁、茶、咖啡、功能饮料、含乳饮料等非水饮料
6. 自来水、开水、现制直饮水、非预包装水",农夫山泉,,,原味,PET 瓶,,,,,,,
,,,,,,,,,怡宝,,,苏打味,桶装,,,,,,,
,,,,,,,,,百岁山,,,水果味,玻璃瓶,,,,,,,
,,,,,,,,,娃哈哈,,,电解质味,易拉罐,,,,,,,
,,,,,,,,,康师傅,,,植物风味,组合装,,,,,,,
,,,,,,,,,,,,其他,礼盒装,,,,,,,
,,,,,,,,,,,,,桶装,,,,,,,
,,,,,,,,,,,,,,,,,,,,
,,,,,,,,,,,,,,,,,,,,
,,,,,,,,,,,,,,,,,,,,
,,,,,,,,,,,,,,,,,,,,
,,,,,,,,,,,,,,,,,,,,
,,,,,,,,,,,,,,,,,,,,
,,,,,,,,,,,,,,,,,,,,
,,,,,,,,,,,,,,,,,,,,
,,,,,,,,,,,,,,,,,,,,
,,,,,,,,,,,,,,,,,,,,
,,,,,,,,,,,,,,,,,,,,
,,,,,,,,,,,,,,,,,,,,
,,,,,,,,,,,,,,,,,,,,
,,,,,,,,,,,,,,,,,,,,
,,,,,,,,,,,,,,,,,,,,
18.0,食品,饮料,即饮咖啡,即饮咖啡,B,"定义：即饮咖啡（RTD Coffee）指定量包装、开瓶即饮、无需复溶的咖啡类液态饮品，执行标准 GB/T 30767-2014《咖啡类饮料》，核心边界以 “咖啡基料 + 直接饮用” 为判定核心。

核心定义
以咖啡豆 / 咖啡制品（研磨咖啡粉、咖啡提取液 / 浓缩液、速溶咖啡等）为原料，可添加糖、乳 / 乳制品、植脂末、食品添加剂等，经萃取、调配、杀菌、灌装制成，乙醇含量≤0.5%，符合商业无菌要求的液态饮品。","1. 纯咖啡饮料 黑咖啡、美式咖啡饮料 咖啡因≥200mg/kg，咖啡固形物≥0.5g/100mL，配料无乳 / 糖 / 植脂末（或仅微量）
2. 浓咖啡饮料 浓缩即饮咖啡、意式浓缩饮料 咖啡因≥200mg/kg，咖啡固形物≥1g/100mL，浓度更高，可直饮或兑饮
3. 奶咖类饮料 拿铁、卡布奇诺、摩卡咖啡饮料 含乳 / 乳制品 / 植脂末，咖啡基料明确，归咖啡类而非蛋白饮料
4. 调味咖啡饮料 焦糖、香草、榛果、椰子风味咖啡 添加糖、香精等调味，不属果汁 / 碳酸 / 含乳饮料子类
5. 低咖啡因咖啡饮料 低因咖啡、低因浓咖啡 咖啡因≤50mg/kg，咖啡固形物≥0.5g/100mL（低因款）","1. 非即饮 / 非咖啡基类饮品
咖啡浓缩液 / 原浆：需加水 / 奶稀释饮用，配料表无 “直接饮用” 标识，不属即饮成品。
速溶咖啡粉 / 固体咖啡：需冲调复原，执行 GB/T 29602《固体饮料》，归固体类，非液态即饮。
咖啡胶囊 / 挂耳咖啡：需器具萃取，不属预包装即饮范畴。
2. 非咖啡类饮料（边界易混淆）
咖啡味饮料：咖啡因＜200mg/kg，咖啡固形物未达标，以香精 / 甜味剂为主，归 “风味饮料”，不属咖啡类。
含乳咖啡饮料：乳蛋白≥0.5% 且咖啡基料不达标，归 “蛋白饮料”，不执行 GB/T 30767。
碳酸咖啡饮料：含气咖啡，归 “碳酸饮料”，不属咖啡类。
果汁咖啡饮料：果汁含量≥5%，归 “果汁茶 / 果汁饮料” 类，不属咖啡类。
3. 特殊排除项
发酵咖啡饮品：乙醇＞0.5%，属酒类，非饮料。
速冻咖啡饮料：需解冻饮用，归 “冷冻饮品”，不即饮。
咖啡调味品：如咖啡酱油、咖啡醋，归调味品，非饮料。
纯咖啡豆 / 焙炒咖啡粉：执行 NY/T 605《焙炒咖啡》，属原料 / 初级加工品，非即饮饮料。",雀巢,,,原味,瓶装,,,,,,,
,,,,,,,,,星巴克,,,拿铁,罐装,,,,,,,
,,,,,,,,,麦斯威尔,,,摩卡,利乐包装,,,,,,,
,,,,,,,,,统一,,,焦糖玛奇朵,盒装,,,,,,,
,,,,,,,,,康师傅,,,香草,杯状,,,,,,,
,,,,,,,,,,,,榛果,其他,,,,,,,
,,,,,,,,,,,,椰香,,,,,,,,
,,,,,,,,,,,,抹茶,,,,,,,,
,,,,,,,,,,,,其他,,,,,,,,
,,,,,,,,,,,,,,,,,,,,
,,,,,,,,,,,,,,,,,,,,
,,,,,,,,,,,,,,,,,,,,
,,,,,,,,,,,,,,,,,,,,
,,,,,,,,,,,,,,,,,,,,
,,,,,,,,,,,,,,,,,,,,
,,,,,,,,,,,,,,,,,,,,
,,,,,,,,,,,,,,,,,,,,
,,,,,,,,,,,,,,,,,,,,
,,,,,,,,,,,,,,,,,,,,
,,,,,,,,,,,,,,,,,,,,
,,,,,,,,,,,,,,,,,,,,
,,,,,,,,,,,,,,,,,,,,
19.0,食品,饮料,功能饮料,能量饮料,S,"定义：以缓解疲劳、提神醒脑为主要功能的饮料，通常含有较高剂量的咖啡因、牛磺酸、B族维生素等成分，旨在短时间内提升警觉性和精力。
 
一句话区分
1. 能量饮料 = 咖啡因 + 牛磺酸 + 提神；
2. 运动 / 电解质 = 补水补盐；
3. 营养素 = 补维生素；
4. 其他 = 非功能 / 非提神","核心定义 
含有一定能量，并添加咖啡因、牛磺酸、B 族维生素、糖分等特定成分，能快速补充能量、提神醒脑、加速能量释放与吸收的饮料
典型成分（必含 / 常见）
必含：咖啡因、牛磺酸、糖分、B 族维生素（B3/B6/B12）
常见添加：瓜拉纳提取物、肌醇、葡萄糖醛酸内酯、人参 / 枸杞提取物等
常见产品 
红牛、东鹏特饮、战马、魔爪、乐虎、体质能量、中沃、卡拉宝等
无糖 / 零卡能量饮料（如无糖红牛、魔爪无糖版）
功能定位
快速提神、抗疲劳、提升专注力、补充即时能量，适合熬夜、加班、高强度工作、驾驶等场景","运动饮料（核心排除）
核心：补充电解质 + 水分 + 运动能量，咖啡因极低或无
代表：佳得乐、宝矿力水特、尖叫、脉动（运动款）
电解质饮料
核心：补充钠 / 钾 / 钙 / 镁等电解质，无提神成分
代表：宝矿力水特、外星人电解质水、海之言
营养素饮料
核心：补充维生素 / 矿物质，无咖啡因、牛磺酸
代表：脉动（普通款）、农夫山泉维他命水
其他饮料（明确排除）
- 碳酸饮料：可乐、雪碧、芬达、含气苏打水
- 果汁 / 果味饮料、茶饮料、咖啡饮料、含乳饮料
- 包装饮用水、天然矿泉水、纯净水、矿物质水
- 植物饮料、风味水、苏打水、盐汽水",红牛,,,原味,罐装,无糖,,,,,,
,,,,,,,,,东鹏特饮,,,柠檬味,瓶装,含糖,,,,,,
,,,,,,,,,魔爪,,,西柚味,盒装,,,,,,,
,,,,,,,,,乐虎,,,苹果味,迷你罐,,,,,,,
,,,,,,,,,战马,,,橙子味,组合装,,,,,,,
,,,,,,,,,,,,葡萄味,礼盒装,,,,,,,
,,,,,,,,,,,,蓝莓味,,,,,,,,
,,,,,,,,,,,,水蜜桃味,,,,,,,,
,,,,,,,,,,,,热带水果味,,,,,,,,
,,,,,,,,,,,,青瓜味,,,,,,,,
,,,,,,,,,,,,百香果味,,,,,,,,
,,,,,,,,,,,,菠萝味,,,,,,,,
,,,,,,,,,,,,番石榴味,,,,,,,,
,,,,,,,,,,,,其他,,,,,,,,
,,,,,,,,,,,,,,,,,,,,
,,,,,,,,,,,,,,,,,,,,
,,,,,,,,,,,,,,,,,,,,
,,,,,,,,,,,,,,,,,,,,
,,,,,,,,,,,,,,,,,,,,
,,,,,,,,,,,,,,,,,,,,
,,,,,,,,,,,,,,,,,,,,
,,,,,,,,,,,,,,,,,,,,
20.0,食品,饮料,功能饮料,运动饮料,A,"定义：以补充身体流失的电解质为主要功能的饮品，通常碳水化合物含量较低或不含，适用于非剧烈运动或日常出汗、腹泻等导致的电解质失衡。

一句话定义 
运动饮料：为补充运动中流失的水分、电解质和能量而配制的饮料，执行 GB 15266。","以补充运动中流失的水分、电解质和能量为主要目的的饮料。
通常含有：
适量电解质（钠、钾、镁等）
适量碳水化合物 / 糖（提供能量）
少量维生素（如 B 族）
执行标准：GB 15266
常见产品：
- 佳得乐
- 宝矿力水特
- 尖叫
- 脉动（运动款 / 电解质款）
- 力水
- 等渗 / 低渗 / 高渗运动饮料","能量饮料
含咖啡因、牛磺酸，以提神抗疲劳为主
 电解质水 / 风味水
以补水、调味为主，电解质含量不达标
营养素饮料
以补充维生素为主，无运动专用电解质配比
普通碳酸饮料、果汁、茶饮料、咖啡饮料
包装饮用水类：矿泉水、纯净水、天然水、蒸馏水、矿物质水
含乳饮料、植物蛋白饮料",宝矿力水特,等渗运动饮料,,原味,PET 瓶,无糖,,,,,,
,,,,,,,,,脉动,低渗运动饮料,,柠檬味,铝罐,含糖,,,,,,
,,,,,,,,,外星人,高渗运动饮料,,橙子味,玻璃瓶,,,,,,,
,,,,,,,,,尖叫,,,葡萄味,组合装,,,,,,,
,,,,,,,,,健力宝,,,青柠味,礼盒装,,,,,,,
,,,,,,,,,,,,西瓜味,,,,,,,,
,,,,,,,,,,,,草莓味,,,,,,,,
,,,,,,,,,,,,苹果味,,,,,,,,
,,,,,,,,,,,,椰子味,,,,,,,,
,,,,,,,,,,,,水蜜桃味,,,,,,,,
,,,,,,,,,,,,白桃味,,,,,,,,
,,,,,,,,,,,,海盐味,,,,,,,,
,,,,,,,,,,,,西柚味,,,,,,,,
,,,,,,,,,,,,水蜜桃味,,,,,,,,
,,,,,,,,,,,,橙蜜味,,,,,,,,
,,,,,,,,,,,,柠蜜味,,,,,,,,
,,,,,,,,,,,,其他,,,,,,,,
,,,,,,,,,,,,,,,,,,,,
,,,,,,,,,,,,,,,,,,,,
,,,,,,,,,,,,,,,,,,,,
,,,,,,,,,,,,,,,,,,,,
,,,,,,,,,,,,,,,,,,,,
21.0,食品,饮料,功能饮料,营养素/维生素饮料,A,"定义：营养素 / 维生素饮料是特殊用途饮料下的核心类目（GB/T 10789-2015），指以水为基，添加适量食品营养强化剂，定向补充机体特定营养需求的即饮液态饮品；其中维生素饮料是以维生素为主要强化营养素的子类。

核心定义（GB/T 10789-2015）
核心特征：以水为原料基底，添加符合 GB 14880 规定的营养强化剂（如维生素 A、D、B 族、C、钙、铁、锌等），用于补充膳食摄入。
基本要求：定量包装、直接饮用（乙醇≤0.5%），营养素种类与添加量须符合 GB 14880 限值。
维生素饮料：营养素饮料的子类，以维生素为主要强化营养素（如维生素 C、B 族、A、D 等），用于补充维生素需求。","1. 基础维生素饮料 维 C 饮料、多维果汁水、B 族维生素饮料 配料含维生素强化剂；符合 GB 14880 维生素添加限值；无乳 / 茶 / 咖啡 / 碳酸等非水基特征
2. 矿物质营养素饮料 高钙饮料、补铁饮料、补锌饮料、复合矿物质饮料 配料含钙 / 铁 / 锌等矿物质强化剂；归营养素饮料，不属蛋白饮料 / 风味饮料
3. 复合营养素饮料 维生素 + 矿物质复合饮料（如 “多维 + 钙铁锌”） 同时含维生素与矿物质强化剂；符合 GB 14880 多类营养素限值 
4. 特定人群营养素饮料 儿童多维饮料、中老年补钙饮料、孕妇补铁饮料 面向特定人群，营养素配比适配其需求；不属保健食品（无 “蓝帽子” 标识）

快速判定口诀
必属：水基 + 含 GB 14880 合规营养强化剂 + 不属果蔬汁 / 运动 / 能量 / 电解质 / 风味 / 蛋白 / 茶 / 咖啡 / 碳酸类 + 直接饮用。
必不属：需冲调、无强化剂、营养素超 GB 14880 限值、归其他饮料大类、有 “蓝帽子”（保健食品）。","1. 非营养素 / 维生素饮料类
果蔬汁 / 果汁饮料：以果蔬汁为基（原果汁≥5% 或符合果蔬汁类标准），维生素为天然含量，非额外强化，归果蔬汁类，不属营养素饮料。
运动饮料：营养素配比适配运动人群（含钠 / 钾 / 糖等），执行 GB 15266，与营养素饮料并列，不交叉归类。
能量饮料：含咖啡因 / 牛磺酸等提神成分，归能量饮料类，不属维生素饮料。
电解质饮料：以补充电解质（钠 / 钾）为主，维生素为微量或无，归电解质饮料类，不属营养素饮料。
风味饮料：以糖 / 香精为主要风味手段，营养素为天然或微量，归风味饮料类，不属营养素饮料。
蛋白饮料：含乳 / 植物蛋白（蛋白≥0.5%），归蛋白饮料类，不属营养素饮料。
茶 / 咖啡饮料：以茶 / 咖啡为基，归茶 / 咖啡类，不属营养素饮料。
碳酸饮料：含气，归碳酸饮料类，不属营养素饮料。
2. 需冲调 / 非液态饮品
固体营养素饮料：粉末 / 颗粒状（如维生素固体饮料），需冲调，归固体饮料类，不属即饮液态营养素饮料。
营养素浓浆：需稀释饮用，归饮料浓浆，不属即饮成品营养素饮料。
3. 特殊排除项
保健食品：有 “蓝帽子” 标识，声称保健功能，不属普通营养素饮料。
含酒精饮品：乙醇＞0.5%，属酒类，不属饮料。
调味品：如营养强化酱油，归调味品，不属饮料。
未合规强化饮品：营养素添加量超出 GB 14880 限值，或使用非允许强化剂种类，不属合规营养素饮料",脉动,,,柠檬味,瓶装,无糖,,,,,,
,,,,,,,,,外星人,,,西柚味,罐装,含糖,,,,,,
,,,,,,,,,尖叫,,,橙子味,盒装（利乐包）,,,,,,,
,,,,,,,,,红牛,,,混合水果味,袋装（软包）,,,,,,,
,,,,,,,,,东鹏特饮,,,荔枝味,PET瓶,,,,,,,
,,,,,,,,,,,,蓝莓味,玻璃瓶,,,,,,,
,,,,,,,,,,,,原味,运动水壶装,,,,,,,
,,,,,,,,,,,,青柠味,组合装,,,,,,,
,,,,,,,,,,,,水蜜桃味,,,,,,,,
,,,,,,,,,,,,苹果味,,,,,,,,
,,,,,,,,,,,,缤纷莓果味,,,,,,,,
,,,,,,,,,,,,其他,,,,,,,,
,,,,,,,,,,,,,,,,,,,,
,,,,,,,,,,,,,,,,,,,,
,,,,,,,,,,,,,,,,,,,,
,,,,,,,,,,,,,,,,,,,,
,,,,,,,,,,,,,,,,,,,,
,,,,,,,,,,,,,,,,,,,,
,,,,,,,,,,,,,,,,,,,,
,,,,,,,,,,,,,,,,,,,,
,,,,,,,,,,,,,,,,,,,,
,,,,,,,,,,,,,,,,,,,,
22.0,食品,饮料,功能饮料,其他功能饮料,,"定义： 是GB/T 10789-2015《饮料通则》中特殊用途饮料的兜底类目，指运动饮料、营养素饮料、能量饮料、电解质饮料之外，为适应特定人群或场景需要而调制的、定量包装、可直接饮用（乙醇≤0.5%）的液态饮品。

核心定义
归属于特殊用途饮料（食品分类号 14.07），核心判定逻辑为：非四大核心子类 + 具备特定功能成分 + 适配特定人群 / 场景 + 液态即饮。

快速区分要点
必属：非运动 / 营养素 / 能量 / 电解质饮料 + 含特定功能成分（纤维 / 氨基酸 / 植物提取物等）+ 定量包装 + 直接饮用。
必不属：属其他四大子类、需冲调、归果蔬汁 / 蛋白 / 茶 / 咖啡 / 碳酸 / 风味饮料类、有 “蓝帽子” 标识。","1. 膳食纤维饮料 魔芋膳食纤维饮料、大豆膳食纤维饮料 含可溶性 / 不溶性膳食纤维；用于补充膳食纤维摄入；不属果蔬汁（纤维为添加或强化，非天然果蔬主基）
2. 氨基酸饮料 支链氨基酸 BCAA 饮料、复合氨基酸饮料 含特定氨基酸（如牛磺酸、BCAA）；侧重营养补充或抗疲劳；不属能量饮料（无高咖啡因配方）
3. 植物提取功能饮料 人参饮料、枸杞饮料、灵芝饮料 含植物提取物 / 有效成分；主打特定养生功效；不属茶饮料（非茶浸提为核心）
4. 微量元素饮料 富硒饮料、富锌饮料、富镁饮料 含特定微量元素强化；归此类别，不属营养素饮料（微量元素为核心功能，非维生素为主）
5. 低聚糖 / 益生元饮料 低聚果糖饮料、菊粉益生元饮料 含低聚糖 / 益生元；促进有益菌增殖；不属风味饮料（非糖 / 香精为主要风味手段）","1. 非其他特殊用途饮料 
运动饮料：执行 GB 15266，含钠 / 钾 / 糖等，适配运动人群，不属本类。
营养素饮料：以维生素 / 矿物质强化为主，归营养素饮料子类，不属本类。
能量饮料：含咖啡因 / 牛磺酸等，主打提神供能，归能量饮料子类，不属本类。
电解质饮料：以钠 / 钾 / 钙 / 镁等电解质补充为主，归电解质饮料子类，不属本类。
2. 其他饮料大类
果蔬汁 / 果汁饮料：以果蔬汁为基（原果汁≥5%），天然营养为主，非特定功能成分强化，归果蔬汁类。
蛋白饮料：含乳 / 植物蛋白（蛋白≥0.5%），归蛋白饮料类，不属本类。
茶 / 咖啡饮料：以茶 / 咖啡浸提为核心，归茶 / 咖啡类，不属本类。
碳酸饮料：含气，归碳酸饮料类，不属本类。
风味饮料：以糖 / 香精 / 甜味剂为主要风味手段，归风味饮料类，不属本类。
3. 非液态 / 需特殊处理
固体饮料：粉末 / 颗粒状（如固体益生菌饮料），需冲调，归固体饮料类，不属即饮液态。
饮料浓浆：需稀释饮用，归饮料浓浆，不属即饮成品。
4. 特殊排除项
保健食品：有 “蓝帽子” 标识，声称保健功能，不属不属本类。
含酒精饮品：乙醇＞0.5%，属酒类，不属饮料。
调味品：如功能性醋饮，归调味品，不属饮料。",红牛,,,原味,瓶装,无糖,,,,,,
,,,,,,,,,东鹏特饮,,,柠檬味,罐装,含糖,,,,,,
,,,,,,,,,魔爪,,,蓝莓味,盒装,,,,,,,
,,,,,,,,,乐虎,,,橙子味,袋装,,,,,,,
,,,,,,,,,战马,,,苹果味,其他,,,,,,,
,,,,,,,,,,,,葡萄味,,,,,,,,
,,,,,,,,,,,,桃子味,,,,,,,,
,,,,,,,,,,,,芒果味,,,,,,,,
,,,,,,,,,,,,草莓味,,,,,,,,
,,,,,,,,,,,,薄荷味,,,,,,,,
,,,,,,,,,,,,其他,,,,,,,,
,,,,,,,,,,,,,,,,,,,,
,,,,,,,,,,,,,,,,,,,,
,,,,,,,,,,,,,,,,,,,,
,,,,,,,,,,,,,,,,,,,,
,,,,,,,,,,,,,,,,,,,,
,,,,,,,,,,,,,,,,,,,,
,,,,,,,,,,,,,,,,,,,,
,,,,,,,,,,,,,,,,,,,,
,,,,,,,,,,,,,,,,,,,,
,,,,,,,,,,,,,,,,,,,,
,,,,,,,,,,,,,,,,,,,,
23.0,食品,饮料,含乳饮料,发酵型含乳饮料,S,"定义：以乳或乳制品为原料，经乳酸菌发酵（或直接添加乳酸菌）制成的含乳饮料，蛋白质含量通常不低于0.7g/100mL。产品呈均匀乳浊状，口感酸甜，可分为活菌型（需冷藏）或杀菌型（可常温保存），常见包装为塑料瓶或利乐包。

快速区分要点
1. 看标准：GB/T 21732-2008 为含乳饮料；GB 19302 为发酵乳（酸奶）。
2. 看配料：首位为 “水” 且经乳发酵，多为含乳饮料；首位为 “乳 / 乳粉”、无大量水与辅料，多为发酵乳。
3. 看蛋白：含乳饮料≥1.0%；发酵乳≥2.9%。","原料：乳 / 乳制品（生牛 / 羊乳、乳粉、浓缩乳）为基底，经乳酸菌发酵降 pH。
辅料：水、食糖 / 甜味剂、酸味剂、果汁、茶、咖啡、植物提取液等一种或多种。
类型：发酵型含乳饮料、乳酸菌乳饮料（均属此类）。
状态：杀菌型（无活菌）、未杀菌型（含活菌）","纯发酵乳 / 风味发酵乳（酸奶）：属 GB 19302 发酵乳，非饮料，蛋白质≥2.9%，无额外加水与大量辅料。
配制型含乳饮料：未经过乳酸菌发酵，仅乳 + 水 + 辅料调制。
非乳基底饮料：以植物蛋白（大豆、杏仁等）或水为基底、无乳发酵的饮品。
酒精发酵、醋酸发酵等非乳酸菌发酵的制品。",养乐多,原味型,,原味,塑料瓶,无糖,,,,,,
,,,,,,,,,爽歪歪,果味型,,草莓味,利乐包,含糖,,,,,,
,,,,,,,,,QQ 星,风味型,,蓝莓味,PET瓶,,,,,,,
,,,,,,,,,未来星,,,水蜜桃味,玻璃瓶,,,,,,,
,,,,,,,,,旺仔,,,柠檬味,杯装,,,,,,,
,,,,,,,,,,,,芒果味,袋装,,,,,,,
,,,,,,,,,,,,葡萄味,组合装,,,,,,,
,,,,,,,,,,,,混合莓果味,礼盒装,,,,,,,
,,,,,,,,,,,,菠萝味,,,,,,,,
,,,,,,,,,,,,橙子味,,,,,,,,
,,,,,,,,,,,,蜂蜜味,,,,,,,,
,,,,,,,,,,,,青柠味,,,,,,,,
,,,,,,,,,,,,油柑双柚味,,,,,,,,
,,,,,,,,,,,,其他,,,,,,,,
,,,,,,,,,,,,,,,,,,,,
,,,,,,,,,,,,,,,,,,,,
,,,,,,,,,,,,,,,,,,,,
,,,,,,,,,,,,,,,,,,,,
,,,,,,,,,,,,,,,,,,,,
,,,,,,,,,,,,,,,,,,,,
,,,,,,,,,,,,,,,,,,,,
,,,,,,,,,,,,,,,,,,,,
24.0,食品,饮料,含乳饮料,配制型含乳饮料,S,"定义：以乳或乳制品为部分原料，添加水、糖、果蔬汁、谷物、咖啡、茶等配料调配而成的含乳饮品，蛋白质含量通常低于1.0g/100mL。产品形态多样（如乳浊、分层），风味复合，涵盖咖啡乳饮、果粒乳饮、谷物乳饮等，常见包装为塑料瓶、铝罐或即饮杯。

快速区分要点
看工艺：无发酵 = 配制型；经乳酸菌发酵 = 发酵型。
看标准：GB/T 21732—2008 为含乳饮料；GB 19302 为发酵乳 / 风味发酵乳，GB 25191 为调制乳。
看配料：配料表第一位多为水，乳含量较低，蛋白质≥1.0%。","原料：乳或乳制品（生乳、复原乳、乳粉等）、水、食糖 / 甜味剂、酸味剂、果汁 / 果浆、茶 / 咖啡 / 植物提取液等辅料。
工艺：仅混合调制，不经过乳酸菌发酵，无发酵风味与酸度。
指标：乳蛋白质含量≥1.0 g/100 g。
品类：中性型、酸性型含乳饮料，如原味、果味、茶味、咖啡味等配制型含乳饮料。","发酵工艺：不使用乳酸菌等菌种培养发酵，无发酵过程及代谢产物国家统计局。
发酵型产品：不含发酵型含乳饮料、乳酸菌饮料（活菌 / 非活菌）。
乳制品类别：不包含发酵乳、风味发酵乳、调制乳、灭菌乳等乳制品。
原料限制：不以植物蛋白（大豆、坚果等）替代乳蛋白质。",旺仔牛奶,原味型,,原味,塑料瓶,无糖,,,,,,
,,,,,,,,,养乐多,果味型,,草莓味,利乐包,含糖,,,,,,
,,,,,,,,,爽歪歪,风味型,,巧克力味,PET瓶,,,,,,,
,,,,,,,,,QQ 星,儿童型,,香蕉味,玻璃瓶,,,,,,,
,,,,,,,,,未来星,,,咖啡味,杯装,,,,,,,
,,,,,,,,,,,,芒果味,袋装,,,,,,,
,,,,,,,,,,,,蓝莓味,组合装,,,,,,,
,,,,,,,,,,,,香草味,礼盒装,,,,,,,
,,,,,,,,,,,,抹茶味,,,,,,,,
,,,,,,,,,,,,椰子味,,,,,,,,
,,,,,,,,,,,,蓝莓味,,,,,,,,
,,,,,,,,,,,,柚子味,,,,,,,,
,,,,,,,,,,,,哈密瓜味,,,,,,,,
,,,,,,,,,,,,荔枝味,,,,,,,,
,,,,,,,,,,,,杏子味,,,,,,,,
,,,,,,,,,,,,杨梅味,,,,,,,,
,,,,,,,,,,,,水蜜桃味,,,,,,,,
,,,,,,,,,,,,其他,,,,,,,,
,,,,,,,,,,,,,,,,,,,,
,,,,,,,,,,,,,,,,,,,,
,,,,,,,,,,,,,,,,,,,,
,,,,,,,,,,,,,,,,,,,,
25.0,食品,饮料,含乳饮料,其他含乳饮料,,"定义：“其他含乳饮料” 是含乳饮料（GB/T 21732-2008）下的兜底类目，指除配制型、发酵型、乳酸菌饮料外，以乳或乳制品为原料，加入水及辅料经加工制成、定量包装、可直接饮用（乙醇≤0.5%）的液态饮品。

核心定义
归属于蛋白饮料大类下的含乳饮料子类（食品分类号 14.03.01），核心判定逻辑为：非三大核心子类 + 以乳 / 乳制品为基底 + 液态即饮 + 符合饮料通用要求。

快速区分要点
必属：非配制 / 发酵 / 乳酸菌饮料 + 乳 / 乳制品为原料 + 液态即饮 + 定量包装。
必不属：属三大核心子类、乳含量≥80%（液体乳 / 调制乳 / 发酵乳）、固体形态、需冲调、有 “蓝帽子” 标识。","1. 复原乳基饮料 复原乳调制乳味饮料（非发酵 / 配制） 基底为复原乳（非生鲜乳）；无发酵过程；不属液体乳
2. 特殊乳基饮料 乳基植物混合饮料（乳含量低）、乳基调味饮料 乳为次要原料；与植物原料 / 调味剂复配；工艺非标准配制 / 发酵
3. 其他乳基饮品 乳味固体饮料复配液（非冲调型）、乳基饮料浓浆（即饮型） 成品为液态即饮；非粉末 / 需冲调的固体饮料或浓浆","1. 非其他含乳饮料 
配制型含乳饮料：直接加水 + 乳基 + 糖 / 酸味剂 / 果汁等调制，无发酵，归配制型。
发酵型含乳饮料：经乳酸菌发酵后调制，含活性 / 非活性乳酸菌，归发酵型。
乳酸菌饮料：专指乳酸菌发酵制得乳液后加水调制，归乳酸菌饮料子类。
2. 其他饮料大类
液体乳 / 调制乳：乳含量≥80%（调制乳）或更高，执行 GB 25190 等，不属饮料。
发酵乳 / 风味发酵乳：乳含量≥80%，经发酵制成，执行 GB 19302-2025，不属含乳饮料。
蛋白固体饮料：粉末 / 颗粒状，需冲调，归固体饮料类（14.06）。
饮料浓浆：需稀释饮用，归饮料浓浆类，不属即饮成品。
乳味风味饮料：若以配制 / 发酵工艺制成，应归入对应子类，不属 “其他”。
3. 非乳基 / 低乳含量边界
纯植物蛋白饮料：无乳或乳制品原料，归植物蛋白饮料（14.03.02）。
乳含量极低的风味饮料：乳仅为风味添加剂，主要原料为水 / 糖 / 香精，归风味饮料（14.03）。
4. 特殊排除项
保健食品：有 “蓝帽子” 标识，声称保健功能，不属普通含乳饮料。
含酒精饮品：乙醇＞0.5%，属酒类，不属饮料。
调味品：如乳味调味汁，归调味品，不属饮料。",,,,原味,,,,,特色风味：牛扎糖味、巧克力味、香草味、茶香味（乌龙 / 红茶）,,,
,,,,,,,,,,,,草莓味,,,,,,,,
,,,,,,,,,,,,巧克力味,,,,,,,,
,,,,,,,,,,,,香蕉味,,,,,,,,
,,,,,,,,,,,,咖啡味,,,,,,,,
,,,,,,,,,,,,芒果味,,,,,,,,
,,,,,,,,,,,,蓝莓味,,,,,,,,
,,,,,,,,,,,,香草味,,,,,,,,
,,,,,,,,,,,,抹茶味,,,,,,,,
,,,,,,,,,,,,椰子味,,,,,,,,
,,,,,,,,,,,,蓝莓味,,,,,,,,
,,,,,,,,,,,,柚子味,,,,,,,,
,,,,,,,,,,,,哈密瓜味,,,,,,,,
,,,,,,,,,,,,荔枝味,,,,,,,,
,,,,,,,,,,,,杏子味,,,,,,,,
,,,,,,,,,,,,杨梅味,,,,,,,,
,,,,,,,,,,,,水蜜桃味,,,,,,,,
,,,,,,,,,,,,其他,,,,,,,,
,,,,,,,,,,,,,,,,,,,,
,,,,,,,,,,,,,,,,,,,,
,,,,,,,,,,,,,,,,,,,,
,,,,,,,,,,,,,,,,,,,,
26.0,食品,饮料,复合蛋白饮料,复合蛋白饮料,A,"定义：以乳等动物蛋白原料 / 制品 + 植物果实 / 种子 / 种仁蛋白原料 / 制品为双源蛋白基底，可添加 / 不添加其他辅料与食品添加剂，经加工或发酵制成的饮料。

快速区分要点
双蛋白来源：同时含动物蛋白（乳 / 乳制品）+ 植物蛋白（大豆 / 花生 / 核桃 / 燕麦等）
蛋白含量：成品总蛋白≥0.7%（质量分数）国家统计局
工艺：配制或发酵工艺制成饮料
标签：明确标注复合蛋白饮料 / 饮品，标注蛋白来源

一句话速记
双蛋白（乳 + 植物）、总蛋白≥0.8%、标 “复合蛋白饮料”，三者同时满足才是复合蛋白饮料；缺任一即不属于。","1. 牛奶 + 大豆：豆奶 + 牛奶复合蛋白饮
2. 牛奶 + 坚果：核桃 + 牛奶复合蛋白饮
3. 牛奶 + 谷物：燕麦 + 牛奶复合蛋白饮、藜麦 + 牛奶复合蛋白饮
4. 多植物 + 乳：大豆 + 燕麦 + 牛奶复合蛋白饮
5. 发酵型：含乳 + 植物蛋白发酵饮料","1. 纯含乳饮料（配制型）：仅乳 / 乳制品为蛋白源（GB/T 21732），无植物蛋白
2. 纯植物蛋白饮料：仅大豆 / 花生 / 核桃等，无乳 / 动物蛋白（如纯豆奶、纯杏仁露）
3. 灭菌乳 / 巴氏乳 / 调制乳：以生牛乳为唯一 / 主要原料，蛋白≥2.9g/100mL
4. 风味饮料 / 果蔬汁饮料：蛋白来源单一或蛋白＜0.8%，无双蛋白结构",银鹭,豆乳复合,,坚果味,利乐包,,,,,,,
,,,,,,,,,达利园,坚果复合,,谷物味,PET塑,,,,,,,
,,,,,,,,,旺旺,谷物复合,,果味,易拉罐,,,,,,,
,,,,,,,,,六个核桃,多源复合,,特色风味,大瓶装,,,,,,,
,,,,,,,,,维维,,,原味,组合装,,,,,,,
,,,,,,,,,惠尔康,,,其他,礼盒装,,,,,,,
,,,,,,,,,菲诺,,,,,,,,,,,
,,,,,,,,,迈胜,,,,,,,,,,,
,,,,,,,,,,,,,,,,,,,,
,,,,,,,,,,,,,,,,,,,,
,,,,,,,,,,,,,,,,,,,,
,,,,,,,,,,,,,,,,,,,,
,,,,,,,,,,,,,,,,,,,,
,,,,,,,,,,,,,,,,,,,,
,,,,,,,,,,,,,,,,,,,,
,,,,,,,,,,,,,,,,,,,,
,,,,,,,,,,,,,,,,,,,,
,,,,,,,,,,,,,,,,,,,,
,,,,,,,,,,,,,,,,,,,,
,,,,,,,,,,,,,,,,,,,,
,,,,,,,,,,,,,,,,,,,,
,,,,,,,,,,,,,,,,,,,,
27.0,食品,饮料,植物蛋白饮料,豆奶,,"定义：豆奶是以大豆为主要原料，经浸泡、磨浆、煮浆、均质、杀菌等工艺制成的植物蛋白饮料，与乳制品（牛奶）无必然关联，不属于 “豆 + 奶” 的混合品。
核心定义（依据 GB/T 30885-2014）
豆奶（又称豆乳）分为两类，核心差异在于大豆固形物含量与添加剂使用：
豆奶（豆乳）： 以大豆为原料，不添加或少量添加辅料 / 添加剂，大豆固形物含量高 蛋白质≥2.0 g/100mL；总固形物≥4.0 g/100mL；脂肪≥0.8 g/100mL
豆奶（豆乳）饮料： 以大豆 / 豆粉 / 大豆蛋白为原料，可添加多种辅料与添加剂，大豆固形物含量较低 蛋白质≥1.0 g/100mL；总固形物≥2.0 g/100mL；脂肪≥0.4 g/100mL","1. 原浆豆奶 / 浓浆豆奶：仅以大豆和水为原料，无辅料、添加剂，对应 “纯豆浆 / 浓豆浆”。
2. 调制豆奶：以大豆为原料，可添加糖、盐、稳定剂、香精、营养强化剂（如钙）。
3. 发酵豆奶：以大豆为原料，经乳酸菌发酵制成，分活菌型（需冷藏）和杀菌型。
4. 豆奶饮料：大豆添加量更低，可添加更多糖、香精、增稠剂，大豆固形物含量较低。","1. 含乳混合饮品：配料表中出现 “生牛乳 / 奶粉 / 乳清蛋白” 等，属于 “豆奶 + 牛奶” 的混合饮料，非纯豆奶。
2. 冲调豆粉类：豆浆粉、豆奶粉（执行 GB/T 18738），为粉末状固体，需冲调后饮用，不属于液态豆奶。
3. 其他植物奶：如燕麦奶、椰奶、杏仁奶等，以其他谷物 / 坚果为原料，不属于豆奶。
4. 未处理生豆浆：未煮浆、未杀菌的生豆浆，不符合食品安全标准，不属于预包装豆奶。",维维,,,原味,利乐包,无糖,,,,,,
,,,,,,,,,统一,,,无糖,PET瓶,含糖,,,,,,
,,,,,,,,,康师傅,,,低糖,玻璃瓶,,,,,,,
,,,,,,,,,农夫山泉,,,高钙,罐装,,,,,,,
,,,,,,,,,伊利,,,五谷杂粮,盒装,,,,,,,
,,,,,,,,,,,,核桃味,其他,,,,,,,
,,,,,,,,,,,,红枣味,,,,,,,,
,,,,,,,,,,,,黑芝麻味,,,,,,,,
,,,,,,,,,,,,杏仁味,,,,,,,,
,,,,,,,,,,,,椰香味,,,,,,,,
,,,,,,,,,,,,其他,,,,,,,,
,,,,,,,,,,,,,,,,,,,,
,,,,,,,,,,,,,,,,,,,,
,,,,,,,,,,,,,,,,,,,,
,,,,,,,,,,,,,,,,,,,,
,,,,,,,,,,,,,,,,,,,,
,,,,,,,,,,,,,,,,,,,,
,,,,,,,,,,,,,,,,,,,,
,,,,,,,,,,,,,,,,,,,,
,,,,,,,,,,,,,,,,,,,,
,,,,,,,,,,,,,,,,,,,,
,,,,,,,,,,,,,,,,,,,,
28.0,食品,饮料,植物蛋白饮料,核桃乳,A,"定义：以核桃仁为原料，经脱皮、磨浆、乳化、均质及杀菌制成的含乳状液体，蛋白质含量≥1.0 g/100 mL，具有核桃特有的淡褐色和坚果香气，口感顺滑。常见包装为易拉罐、利乐砖或塑料瓶装，常温保存，开盖即饮，亦可加热后饮用。

快速区分要点

看标准：优先 GB/T 31325—2014；含乳饮料看 GB/T 21732；固体饮料看相应标准。
看原料：配料表首位为核桃仁或核桃浆，且为主要蛋白来源。
看形态：乳浊状液体饮料，非粉末或含牛乳为主的产品。","原料：以核桃仁为主要原料，可添加水、糖、甜味剂、稳定剂、香精等辅料与食品添加剂，经磨浆、调配、杀菌或无菌包装制成的植物蛋白饮料。

品类：纯核桃乳、复合核桃乳（如核桃 + 杏仁、核桃 + 花生等）、调味核桃乳（如原味、甜味、少量香精调味）。

指标：符合核桃乳国标对蛋白质、脂肪、稳定性等要求，属植物蛋白饮料大类。","非核桃基：不含核桃仁或核桃仁含量不足，以其他坚果、谷物、豆类为主要原料的饮品（如杏仁露、花生露、豆奶、椰汁等）。

含乳饮料类：以牛乳 / 复原乳为主、核桃为风味添加的含乳饮料（执行 GB/T 21732，非核桃乳国标）。

固体饮料：核桃粉、核桃蛋白固体饮料等（属固体饮料类，非液体饮料）。

发酵型：经乳酸菌发酵的核桃发酵乳 / 饮料（属发酵植物蛋白饮料，与核桃乳工艺与标准不同）。

其他：不含核桃乳成分的 “核桃味” 饮料、配制型含乳饮料、调制乳等。",六个核桃,原味核桃乳,,原味,利乐砖,无糖,,,,,,
,,,,,,,,,养元,高钙核桃乳,,甜味,易拉罐,含糖,,,,,,
,,,,,,,,,统一,复合坚果乳,,奶香味,塑料瓶,,,,,,,
,,,,,,,,,康师傅,无糖 / 低糖核桃乳,,咖啡味,玻璃瓶,,,,,,,
,,,,,,,,,农夫山泉,儿童型核桃乳,,巧克力味,组合装,,,,,,,
,,,,,,,,,,,,抹茶味,礼盒装,,,,,,,
,,,,,,,,,,,,水果味,,,,,,,,
,,,,,,,,,,,,其他,,,,,,,,
,,,,,,,,,,,,,,,,,,,,
,,,,,,,,,,,,,,,,,,,,
,,,,,,,,,,,,,,,,,,,,
,,,,,,,,,,,,,,,,,,,,
,,,,,,,,,,,,,,,,,,,,
,,,,,,,,,,,,,,,,,,,,
,,,,,,,,,,,,,,,,,,,,
,,,,,,,,,,,,,,,,,,,,
,,,,,,,,,,,,,,,,,,,,
,,,,,,,,,,,,,,,,,,,,
,,,,,,,,,,,,,,,,,,,,
,,,,,,,,,,,,,,,,,,,,
,,,,,,,,,,,,,,,,,,,,
,,,,,,,,,,,,,,,,,,,,
29.0,食品,饮料,植物蛋白饮料,杏仁乳,B,"定义：杏仁乳（常称杏仁奶 / 杏仁露）是以杏仁为主要原料，经浸泡、研磨、过滤、煮浆、均质、杀菌等工艺制成的植物蛋白饮料，不含乳制品成分。
国标依据：GB/T 31324-2014《植物蛋白饮料 杏仁露》规定：以杏（Armeniaca）仁为原料，可加辅料 / 添加剂，去皮杏仁添加量＞2.5%；产品为乳白色或微灰白色均匀液体，具杏仁香气。
关键指标（最低要求）：蛋白质≥0.55 g/100 g，脂肪≥1.30 g/100 g。

快速区分要点
看原料：纯杏仁乳配料以杏仁 / 水为主。
看标准：预包装杏仁乳执行 GB/T 31324-2014；
看指标：蛋白质≥0.55 g/100 g、脂肪≥1.30 g/100 g 为合格杏仁露。","1. 标准杏仁露：符合 GB/T 31324-2014，以杏仁为唯一蛋白原料，可加糖、稳定剂、香精等，杏仁添加量＞2.5%。
2. 调制杏仁乳：杏仁为主要原料，可添加少量其他坚果（如花生、核桃）、谷物（如糯米）或营养强化剂（钙、维生素 E）。
3. 风味杏仁乳：原味、无糖、香草、巧克力等风味，可强化营养素（如钙、维生素 E）。
4. 发酵杏仁乳：以杏仁为原料，经乳酸菌 / 益生菌发酵制成，分活菌型（冷藏）和杀菌型。
5. 家用 / 自制杏仁乳：以杏仁与水为原料研磨过滤，无商业杀菌工艺，非预包装产品。","1. 含乳混合饮品：配料含生牛乳 / 奶粉 / 乳清蛋白等，属 “杏仁 + 牛奶” 混合饮料，非纯杏仁乳。
2. 杏仁味饮料：以香精、糖、水为主，杏仁含量极低或无，仅具杏仁风味，不符合植物蛋白饮料定义。
3. 杏仁粉 / 杏仁露粉：粉末状固体，需冲调后饮用，属冲调食品，非液态杏仁乳。
4. 其他植物奶：以燕麦、椰奶、豆奶、核桃奶等为原料，不属于杏仁乳。
5. 未处理生杏仁浆：未煮浆、未杀菌的生杏仁浆，不符合食品安全标准，不属于预包装杏仁乳。
6. 苦杏仁制品：以苦杏仁为原料（需去毒），多用于中药材，非普通食用杏仁乳。",露露,,,原味,利乐包,无糖,,,,,,
,,,,,,,,,养元,,,甜味,塑料瓶,含糖,,,,,,
,,,,,,,,,统一,,,香草味,玻璃瓶,,,,,,,
,,,,,,,,,康师傅,,,巧克力味,瓶装,,,,,,,
,,,,,,,,,农夫山泉,,,椰香味,盒装,,,,,,,
,,,,,,,,,,,,抹茶味,,,,,,,,
,,,,,,,,,,,,其他,,,,,,,,
,,,,,,,,,,,,,,,,,,,,
,,,,,,,,,,,,,,,,,,,,
,,,,,,,,,,,,,,,,,,,,
,,,,,,,,,,,,,,,,,,,,
,,,,,,,,,,,,,,,,,,,,
,,,,,,,,,,,,,,,,,,,,
,,,,,,,,,,,,,,,,,,,,
,,,,,,,,,,,,,,,,,,,,
,,,,,,,,,,,,,,,,,,,,
,,,,,,,,,,,,,,,,,,,,
,,,,,,,,,,,,,,,,,,,,
,,,,,,,,,,,,,,,,,,,,
,,,,,,,,,,,,,,,,,,,,
,,,,,,,,,,,,,,,,,,,,
,,,,,,,,,,,,,,,,,,,,
30.0,食品,饮料,植物蛋白饮料,椰子乳,A,"定义：以成熟椰肉压榨得到的椰浆为主要原料，加水稀释、均质、杀菌后制成的白色乳状液体，脂肪含量1.5–4.0 g/100 mL，蛋白质≥1.0 g/100 mL，具有天然椰香。常见包装为利乐包、马口铁罐或塑料瓶装，常温或冷藏保存，可直接饮用或用于调制饮品、甜品。

快速区分要点
看标准：优先看是否符合 QB/T 2300—2006，含乳饮料看 GB/T 21732，固体饮料看对应固体饮料标准；
看原料：配料表核心为椰子肉 / 椰浆，非牛乳或其他植物原料为主；
看形态：液体饮料，非粉末状固体产品。","原料 ：以新鲜椰子肉（椰仁）、冷冻椰肉、椰浆、复原椰子原料为主要原料，搭配水、食糖 / 甜味剂、食品添加剂（稳定剂、乳化剂、香精等）制成的植物蛋白饮料，涵盖纯椰子汁、复原椰子汁、调味椰子乳等基础品类。

工艺：经磨浆、调配、均质、杀菌（UHT 超高温灭菌 / 巴氏杀菌）或无菌包装的液体饮料，不包含发酵工艺、固体饮料工艺。

品类：纯椰子汁（无额外风味添加，突出椰香）、调味椰子汁（添加果汁、香精等，如芒果味椰子乳、咖啡味椰子乳）、复合椰子乳（与其他植物原料复配，如椰子 + 核桃乳）等符合国标定义的产品。","原料：不以椰子肉为主要原料，仅用椰子香精、椰果粒等调味，核心原料为水、其他坚果 / 谷物 / 豆类的产品（如仅含少量椰香的花生乳、豆奶，非椰子乳范畴）。

品类：椰子固体饮料：椰子粉、椰子固体冲调饮品（属固体饮料，非液体椰子乳）；
含乳饮料：以牛乳 / 复原乳为基底，椰子为风味添加的配制型 / 发酵型含乳饮料（执行 GB/T 21732，非椰子乳国标）；
其他植物蛋白饮料品类：杏仁露、花生露、核桃露等无椰子原料的产品。

工艺 / 形态：经乳酸菌发酵的椰子发酵饮料、未经过杀菌 / 无菌包装的散装非定型椰子饮品、仅为椰果 / 椰肉果肉制品（非饮料）。
其他违规 / 仿冒类：仅标注 “椰子味” 但无椰子原料、蛋白质 / 脂肪指标不符合椰子乳国标的仿冒饮品。",椰树,原味型,,原味,利乐包,无糖,,,,,,
,,,,,,,,,统一,调味型,,奶香味,罐装,含糖,,,,,,
,,,,,,,,,康师傅,复合型,,咖啡味,塑料瓶,,,,,,,
,,,,,,,,,农夫山泉,,,抹茶味,玻璃瓶,,,,,,,
,,,,,,,,,露露,,,巧克力味,其他,,,,,,,
,,,,,,,,,,,,水果味,,,,,,,,
,,,,,,,,,,,,甜味,,,,,,,,
,,,,,,,,,,,,椰奶咖啡,,,,,,,,
,,,,,,,,,,,,椰奶抹茶,,,,,,,,
,,,,,,,,,,,,椰奶巧克力,,,,,,,,
,,,,,,,,,,,,椰奶水果风味,,,,,,,,
,,,,,,,,,,,,其他,,,,,,,,
,,,,,,,,,,,,,,,,,,,,
,,,,,,,,,,,,,,,,,,,,
,,,,,,,,,,,,,,,,,,,,
,,,,,,,,,,,,,,,,,,,,
,,,,,,,,,,,,,,,,,,,,
,,,,,,,,,,,,,,,,,,,,
,,,,,,,,,,,,,,,,,,,,
,,,,,,,,,,,,,,,,,,,,
,,,,,,,,,,,,,,,,,,,,
,,,,,,,,,,,,,,,,,,,,
31.0,食品,饮料,植物蛋白饮料,花生乳,B,"定义： 花生乳（俗称花生奶、花生露）是以花生为主要原料，经浸泡、磨浆、煮浆、均质、杀菌等工艺制成的植物蛋白饮料。
核心定义（依据 GB/T 31324-2014）
根据《植物蛋白饮料 杏仁露》标准（花生乳通常参照此标准执行）：
原料：以花生为主要原料，可添加水、糖、甜味剂、稳定剂、食用香精等辅料。
关键指标（最低要求）：
蛋白质 ≥ 0.55 g/100 g
脂肪 ≥ 1.30 g/100 g
产品特征：呈均匀乳白色或淡黄色液体，具有典型的花生香气。
快速区分要点
看原料：纯花生乳配料以 “花生 / 水” 为主；含奶则必标 “生牛乳 / 奶粉”。
看标准：预包装花生乳执行 GB/T 31324-2014（参照杏仁露标准）或通用植物蛋白饮料标准。
看指标：蛋白质 ≥ 0.55 g/100 g、脂肪 ≥ 1.30 g/100 g。","1. 标准花生乳 / 花生露：符合国标，以花生为唯一蛋白原料，可加糖、稳定剂、香精等。
2. 调制花生乳：花生为主要原料，可添加少量其他坚果（如核桃、芝麻）、谷物（如大米、糯米）或营养强化剂（如钙、维生素 D）。
3. 风味花生乳：原味、无糖、巧克力、咖啡、红枣等风味花生乳。
4. 发酵花生乳：以花生为原料，经乳酸菌 / 益生菌发酵制成，分活菌型（需冷藏）和杀菌型。
5. 浓浆花生乳：高浓度花生浆，需稀释后饮用或作为饮料 / 烘焙原料。","1. 含乳混合饮品：配料表中出现生牛乳 / 奶粉 / 乳清蛋白等乳制品成分，属于 “花生 + 牛奶” 混合饮料，非纯花生乳。
2. 花生味饮料：以水、糖、香精为主，花生含量极低或无，仅具花生风味，不符合植物蛋白饮料定义。
3. 花生粉 / 花生露粉：粉末状固体，需冲调后饮用，属冲调食品，非液态花生乳。
4. 其他植物奶：以豆奶、椰奶、燕麦奶、杏仁奶等为原料，不属于花生乳。
5. 未处理生花生浆：未煮浆、未杀菌的生花生浆，不符合食品安全标准，不属于预包装花生乳。
6. 花生酱 / 花生调味品：如花生酱、花生调味汁，归调味品或食品原料，非饮料。",统一,,,原味,罐装,无糖,,,,,,
,,,,,,,,,康师傅,,,甜味,利乐包,含糖,,,,,,
,,,,,,,,,农夫山泉,,,低糖,玻璃瓶,,,,,,,
,,,,,,,,,露露,,,无糖,盒装,,,,,,,
,,,,,,,,,养元,,,其他,其他,,,,,,,
,,,,,,,,,,,,,,,,,,,,
,,,,,,,,,,,,,,,,,,,,
,,,,,,,,,,,,,,,,,,,,
,,,,,,,,,,,,,,,,,,,,
,,,,,,,,,,,,,,,,,,,,
,,,,,,,,,,,,,,,,,,,,
,,,,,,,,,,,,,,,,,,,,
,,,,,,,,,,,,,,,,,,,,
,,,,,,,,,,,,,,,,,,,,
,,,,,,,,,,,,,,,,,,,,
,,,,,,,,,,,,,,,,,,,,
,,,,,,,,,,,,,,,,,,,,
,,,,,,,,,,,,,,,,,,,,
,,,,,,,,,,,,,,,,,,,,
,,,,,,,,,,,,,,,,,,,,
,,,,,,,,,,,,,,,,,,,,
,,,,,,,,,,,,,,,,,,,,
32.0,食品,饮料,植物蛋白饮料,燕麦乳,C,"定义：燕麦乳（俗称燕麦奶、燕麦露）是以燕麦为主要原料，经磨碎、煮制、酶解（或水解）、过滤、均质、杀菌等工艺制成的植物蛋白饮料。
归属：归属于 植物蛋白饮料大类。
关键特征：以燕麦为基底，通常不含乳制品（牛奶）。
核心定义（依据 GB/T 31324-2014 及通用植物蛋白饮料标准）
根据《植物蛋白饮料 杏仁露》及行业惯例，燕麦乳的核心定义与指标如下：
原料：以燕麦为主要原料，可添加水、糖、甜味剂、稳定剂、食用香精等辅料。
关键指标（最低要求）：
蛋白质 ≥ 0.55 g/100 g
脂肪 ≥ 1.30 g/100 g
产品特征：呈均匀乳白色或淡黄色液体，具有浓郁的燕麦谷物香气。
快速区分要点
看原料：纯燕麦乳配料以 “燕麦 / 水” 为主。
看标准：预包装燕麦乳执行 GB/T 31324-2014（植物蛋白饮料通用标准）。
看指标：蛋白质 ≥ 0.55 g/100 g、脂肪 ≥ 1.30 g/100 g 为合格燕麦乳。","1. 标准燕麦乳 / 燕麦露：符合国标，以燕麦为唯一原料基底，可加糖、稳定剂、香精等。
2. 调制燕麦乳：燕麦为主要基底，可添加少量其他谷物（如大米、大麦）、坚果（如杏仁、核桃）或营养强化剂（如钙、维生素 D、B12）。
3. 风味燕麦乳：原味、无糖、巧克力、咖啡、焦糖、香草等风味燕麦乳。
4. 发酵燕麦乳：以燕麦为原料，经乳酸菌 / 益生菌发酵制成，分活菌型（需冷藏）和杀菌型。
5. 浓缩燕麦乳 / 浓浆：高浓度燕麦浆，需稀释后饮用或作为咖啡、烘焙的原料。","1. 含乳混合饮品：配料表中出现生牛乳 / 奶粉 / 乳清蛋白等乳制品成分，属于 “燕麦 + 牛奶” 混合饮料，非纯燕麦乳。
2. 燕麦味饮料：以水、糖、香精为主，燕麦含量极低或无，仅具燕麦风味，不符合植物蛋白饮料定义。
3. 燕麦粉 / 燕麦露粉：粉末状固体，需冲调后饮用，属冲调食品，非液态燕麦乳。
4. 其他植物奶：以豆奶、椰奶、杏仁奶、核桃奶等为原料，不属于燕麦乳。
5. 未处理生燕麦浆：未煮制、未酶解、未杀菌的生燕麦浆，不符合食品安全标准，不属于预包装燕麦乳。
6. 燕麦片 / 燕麦调味品：如即食燕麦片、燕麦调味酱，归食品原料或调味品，非饮料。",伊利,,,原味,利乐包,无糖,,,,,,
,,,,,,,,,蒙牛,,,燕麦谷物香,塑料瓶装,含糖,,,,,,
,,,,,,,,,农夫山泉,,,微甜,玻璃瓶装,,,,,,,
,,,,,,,,,统一,,,无糖,利乐钻,,,,,,,
,,,,,,,,,康师傅,,,巧克力味,盒装,,,,,,,
,,,,,,,,,,,,咖啡味,其他,,,,,,,
,,,,,,,,,,,,坚果味,,,,,,,,
,,,,,,,,,,,,其他,,,,,,,,
,,,,,,,,,,,,,,,,,,,,
,,,,,,,,,,,,,,,,,,,,
,,,,,,,,,,,,,,,,,,,,
,,,,,,,,,,,,,,,,,,,,
,,,,,,,,,,,,,,,,,,,,
,,,,,,,,,,,,,,,,,,,,
,,,,,,,,,,,,,,,,,,,,
,,,,,,,,,,,,,,,,,,,,
,,,,,,,,,,,,,,,,,,,,
,,,,,,,,,,,,,,,,,,,,
,,,,,,,,,,,,,,,,,,,,
,,,,,,,,,,,,,,,,,,,,
,,,,,,,,,,,,,,,,,,,,
,,,,,,,,,,,,,,,,,,,,
33.0,食品,饮料,植物蛋白饮料,复合型植物蛋白饮料,B,"定义：复合型植物蛋白饮料是指以两种或两种以上植物蛋白原料（如坚果、籽类、豆类、谷物等）为主要基底，经加工或发酵制成的植物蛋白饮料，可按需添加水、糖、甜味剂、稳定剂、香精等辅料。
核心定义
归属：归属于植物蛋白饮料大类。
关键特征：无乳制品（生牛乳 / 奶粉 / 乳清蛋白），原料为≥2 种植物来源（如花生 + 核桃、燕麦 + 大豆、杏仁 + 芝麻）。
快速区分要点
看配料：配料表首位为多种植物原料（如 “花生、核桃、水”），无 “生牛乳 / 奶粉” 等乳成分。
看类别：标签标注 “复合植物蛋白饮料”，执行植物蛋白饮料相关标准（如 GB/T 31324-2014）。
看蛋白：需满足植物蛋白饮料最低蛋白要求（通常≥0.55g/100g），具体以产品执行标准为准。","1. 双 / 多植物基底饮料：核心原料为 2 种及以上植物蛋白，如花生核桃、核桃杏仁、花生杏仁、燕麦大豆、芝麻腰果复合植物蛋白饮料。
2. 风味型复合饮料：以多植物基底为核心，添加果蔬汁（如红枣 + 核桃 + 枸杞）、咖啡、可可等风味成分，仍属植物蛋白饮料。
3. 发酵型复合饮料：以 2 种及以上植物原料（如燕麦 + 豌豆、花生 + 芝麻）为基底，经乳酸菌 / 益生菌发酵制成，分活菌型（冷藏）和杀菌型。
4. 调制型复合饮料：植物蛋白为主，可添加少量谷物粉、食用纤维或营养强化剂（钙、维生素 D），不改变植物饮料属性。
5. 浓缩 / 浓浆型：高浓度多植物蛋白浆，需稀释后饮用，或作为咖啡、烘焙原料（如浓缩燕麦花生浆）。","1. 含乳混合饮品：配料含生牛乳 / 奶粉 / 乳清蛋白等乳制品，属于 “植物 + 动物” 复合蛋白饮料，非纯植物基。
2. 植物 + 风味为主的饮料：以水、糖、香精为主体，植物蛋白含量极低 / 无，仅具风味，不符合本类定义。
3. 固体饮料：粉末状（如复合植物蛋白粉），需冲调后饮用，属固体饮料，非液态饮料。
4. 单一植物蛋白饮料：仅以一种植物为原料（如纯豆奶、纯杏仁露、纯燕麦乳），不属 “复合” 范畴。
5. 非饮料类植物制品：如植物酱（花生酱、核桃酱）、植物粉（燕麦粉、杏仁粉）、植物奶精等，归原料或辅料，非饮料。
6. 未处理生植物浆：未煮制、未酶解、未杀菌的生混合植物浆，不符合食品安全标准，不属于预包装饮料。",六个核桃,,,原味,利乐包,无糖,,,,,,
,,,,,,,,,露露,,,核桃味,塑料瓶,含糖,,,,,,
,,,,,,,,,养元,,,燕麦味,罐装,,,,,,,
,,,,,,,,,维维,,,椰子味,玻璃瓶,,,,,,,
,,,,,,,,,椰树,,,杏仁味,盒装,,,,,,,
,,,,,,,,,,,,大豆味,罐装,,,,,,,
,,,,,,,,,,,,花生味,,,,,,,,
,,,,,,,,,,,,芝麻味,,,,,,,,
,,,,,,,,,,,,红豆味,,,,,,,,
,,,,,,,,,,,,绿豆味,,,,,,,,
,,,,,,,,,,,,玉米味,,,,,,,,
,,,,,,,,,,,,南瓜味,,,,,,,,
,,,,,,,,,,,,混合果味,,,,,,,,
,,,,,,,,,,,,其他,,,,,,,,
,,,,,,,,,,,,,,,,,,,,
,,,,,,,,,,,,,,,,,,,,
,,,,,,,,,,,,,,,,,,,,
,,,,,,,,,,,,,,,,,,,,
,,,,,,,,,,,,,,,,,,,,
,,,,,,,,,,,,,,,,,,,,
,,,,,,,,,,,,,,,,,,,,
,,,,,,,,,,,,,,,,,,,,
34.0,食品,饮料,植物蛋白饮料,其他植物蛋白饮料,,"定义：“其他植物蛋白饮料”是指除豆奶、杏仁露、核桃乳、花生乳、椰子乳、花生乳、燕麦乳、复合型植物蛋白饮料等明确列明品类外，以一种或多种植物原料为主要基底，经加工或发酵制成的液态饮料。
核心定义
归属：归属于 植物蛋白饮料大类，执行通用植物蛋白饮料标准（如 GB/T 31324-2014）。
核心特征
植物基底：原料为植物种子、果仁、块茎等）。
非复合 / 明确单品类：不属前面提到的豆奶、杏仁、核桃、花生、椰子等具体品类。
无乳制品：配料表中不含生牛乳、奶粉、乳清蛋白等乳制品成分。
液态即饮：为预包装液态饮料，无需冲调。
关键指标（最低要求）：蛋白质 ≥ 0.55 g/100 g，脂肪 ≥ 1.30 g/100 g（以具体产品标准为准）。","1. 单一种类 / 未列明植物蛋白饮料：
以芝麻为原料：芝麻露、芝麻乳。
以榛子为原料：榛子露、榛子乳。
以腰果为原料：腰果乳。
以葵花籽 / 南瓜籽为原料：葵花籽乳、南瓜籽乳。
以小米 / 山药 / 葛根等谷物 / 块茎为原料：小米乳、山药乳、葛根乳。
2. 风味型 / 调味型植物蛋白饮料：
以上述小众植物为基底，添加糖、香精、果蔬汁等调味，仍归为本类。
3. 发酵型小众植物蛋白饮料：
以芝麻、榛子、腰果等小众植物为原料，经乳酸菌 / 益生菌发酵制成的饮品。
4. 浓浆 / 浓缩型：
高浓度小众植物蛋白浆，需稀释后饮用或作为工业原料（属即饮型浓浆，非固体粉末）。","1. 明确品类植物蛋白饮料：
豆奶 / 豆乳（GB/T 30885）、杏仁露（GB/T 31324）、核桃露、花生乳、椰子汁等有明确标准或通用名称的产品，不属 “其他”。
2. 复合型植物蛋白饮料：
含两种及以上植物蛋白原料（如花生核桃、燕麦大豆），应归为复合型植物蛋白饮料，不属本类。
3. 含乳混合饮品：
配料含生牛乳 / 奶粉 / 乳清蛋白，属于 “植物 + 动物” 复合蛋白饮料（分类号 14.03.03），非纯植物基。
4. 植物蛋白含量不达标 / 风味饮料：
以水、糖、香精为主，植物蛋白含量极低或无，仅具植物风味，不符合植物蛋白饮料定义。
5. 固体饮料：
粉末状（如芝麻粉、核桃粉、植物蛋白粉），需冲调后饮用，属固体饮料（分类号 14.06），非液态饮料。
6. 非饮料类植物制品：
植物酱（花生酱、芝麻酱）、植物奶精、植物提取物等，归原料或辅料，非饮料。
7. 未处理生植物浆：
未煮制、未酶解、未杀菌的生混合植物浆，不符合食品安全标准，不属于预包装饮料。",六个核桃,,,原味,利乐包,无糖,,,,,,
,,,,,,,,,露露,,,香草味,塑料瓶,含糖,,,,,,
,,,,,,,,,养元,,,巧克力味,罐装,,,,,,,
,,,,,,,,,维维,,,抹茶味,玻璃瓶,,,,,,,
,,,,,,,,,椰树,,,椰香味,盒装,,,,,,,
,,,,,,,,,,,,芒果味,罐装,,,,,,,
,,,,,,,,,,,,香蕉味,,,,,,,,
,,,,,,,,,,,,蓝莓味,,,,,,,,
,,,,,,,,,,,,其他,,,,,,,,
,,,,,,,,,,,,,,,,,,,,
,,,,,,,,,,,,,,,,,,,,
,,,,,,,,,,,,,,,,,,,,
,,,,,,,,,,,,,,,,,,,,
,,,,,,,,,,,,,,,,,,,,
,,,,,,,,,,,,,,,,,,,,
,,,,,,,,,,,,,,,,,,,,
,,,,,,,,,,,,,,,,,,,,
,,,,,,,,,,,,,,,,,,,,
,,,,,,,,,,,,,,,,,,,,
,,,,,,,,,,,,,,,,,,,,
,,,,,,,,,,,,,,,,,,,,
,,,,,,,,,,,,,,,,,,,,
35.0,食品,饮料,蜂蜜饮料,蜂蜜饮料,C,"定义：蜂蜜饮料是以蜂蜜为主要原料或重要风味基底，与水、果汁、草本、营养强化剂等复配，经调配、杀菌、灌装制成的非酒精液态饮品，属饮料类下 “其他饮料” 或风味饮料范畴。
核心定义
归属：归类为饮料类（GB/T 10789），执行 GB 7101《食品安全国家标准 饮料》，原料蜂蜜需符合 GB 14963。
关键特征：以蜂蜜（或蜂蜜制品）为核心风味 / 原料，无酒精（乙醇含量≤0.5%）国家统计局；可含果汁、草本、维生素、益生菌等辅料；为预包装液态或可直接冲调的浓缩液 / 分储式。
通用门槛：行业通常要求蜂蜜含量不低于5%（具体以标签明示值或企业标准为准）。
快速识别要点
看酒精度：标签标注 “无酒精” 或乙醇≤0.5%。
看配料：配料表含 “蜂蜜” 且为主要成分之一。
看形态：液态 / 分储式，非粉末。
看类别：标签通常标注 “蜂蜜饮料 / 蜂蜜水”。","1. 基础蜂蜜水：以蜂蜜 + 水为主体，无其他配料的即饮蜂蜜水；分储式蜂蜜水（饮用前混合）。
2. 风味复合蜂蜜饮料：蜂蜜 + 果汁 / 果浆（如蜂蜜柠檬、蜂蜜百香果）、蜂蜜 + 草本 / 植物提取物（如蜂蜜姜茶、蜂蜜菊花）。
3. 营养强化型：添加维生素、矿物质、益生菌、胶原蛋白等的蜂蜜功能性饮料。
4. 低糖 / 无糖型：以蜂蜜为风味，添加代糖的蜂蜜饮料（需符合对应低糖 / 无糖宣称）。
5. 发酵型蜂蜜饮料：经乳酸菌 / 益生菌发酵的蜂蜜饮品（含活菌或杀菌型）。","1. 蜂蜜酒 / 含酒精制品：乙醇含量＞0.5% vol，属酒类（15.03.04 蜂蜜酒），非饮料 。
2. 固体饮料：粉末 / 颗粒状（如蜂蜜粉、蜂蜜固体饮料），需冲调，属固体饮料（14.06）。
3. 蜂蜜制品 / 原料：蜂蜜酱、蜂蜜糖浆、蜂蜜提取物等，属蜂产品或原料，非饮料。
4. 风味饮料（无蜂蜜）：仅用香精 / 糖模拟蜂蜜味，无蜂蜜或含量极低，不属蜂蜜饮料。
5. 含乳蜂蜜饮品：添加生牛乳 / 奶粉（如蜂蜜酸奶饮料），属含乳饮料或复合饮品，非蜂蜜饮料。
6. 未处理生蜂蜜浆：未杀菌、未加工的生蜂蜜混合液，不符合预包装饮料要求。",汪氏,,,原味,利乐包,,,,,,,
,,,,,,,,,百花,,,甜味,塑料瓶,,,,,,,
,,,,,,,,,冠生园,,,桂花味,罐装,,,,,,,
,,,,,,,,,统一,,,红豆味,玻璃瓶,,,,,,,
,,,,,,,,,康师傅,,,绿豆味,纸盒,,,,,,,
,,,,,,,,,,,,玉米味,其他,,,,,,,
,,,,,,,,,,,,黑米味,,,,,,,,
,,,,,,,,,,,,椰奶味,,,,,,,,
,,,,,,,,,,,,杏仁味,,,,,,,,
,,,,,,,,,,,,柚子味,,,,,,,,
,,,,,,,,,,,,其他,,,,,,,,
,,,,,,,,,,,,,,,,,,,,
,,,,,,,,,,,,,,,,,,,,
,,,,,,,,,,,,,,,,,,,,
,,,,,,,,,,,,,,,,,,,,
,,,,,,,,,,,,,,,,,,,,
,,,,,,,,,,,,,,,,,,,,
,,,,,,,,,,,,,,,,,,,,
,,,,,,,,,,,,,,,,,,,,
,,,,,,,,,,,,,,,,,,,,
,,,,,,,,,,,,,,,,,,,,
,,,,,,,,,,,,,,,,,,,,
36.0,食品,饮料,米露饮料,米露饮料,C,"定义：米露饮料（又称糯米露、米浆饮料）是以大米 / 糯米等谷物为主要原料，经浸泡、磨浆、蒸煮、酶解（或糖化）、过滤、调配、杀菌、灌装制成的液态饮品。
核心定义
归属：归属于饮料大类。
谷物基底：核心原料为大米、糯米、籼米、粳米等。
液态形态：预包装液态，可直接饮用（乙醇含量≤0.5%）。
工艺属性：经磨浆、蒸煮、酶解（糖化）等过程，呈乳白色或微黄色，具有典型的米香 / 糯米香气。
可添加辅料：可添加水、糖、甜味剂、稳定剂、食用香精、果汁、果蔬汁、营养强化剂等。
快速识别要点
看原料：配料以“大米 / 糯米 / 水”为主，无乳制品成分。
看形态：预包装液态饮品，非粉末。
看香气：具有明显的大米 / 糯米熟制香气。
看类别：标签通常标注 “米露 / 糯米露 / 米浆饮料”。","1. 原味米露 / 糯米露：仅以大米 / 糯米 + 水为原料，或少量加糖、香精的即饮米浆饮品。
2. 风味米露饮料：在米露基底上添加果汁（如蜂蜜柚子米露、芒果米露）、花草茶（如菊花米露）、坚果（如核桃米露）等复合风味。
3. 营养强化型米露：添加维生素（B 族）、矿物质（钙）、膳食纤维、益生菌等的米露饮料。
4. 低糖 / 无糖米露：以代糖替代蔗糖的米露饮品。
5. 发酵型米露：以大米 / 糯米为原料，经乳酸菌 / 益生菌发酵制成的发酵米露饮品（分活菌型和杀菌型）。
6. 浓缩 / 浓浆型米露：高浓度米浆，需稀释后饮用或作为饮料、烘焙原料（属即饮型浓浆）。","1. 含乳混合饮品：配料表中出现生牛乳 / 奶粉 / 乳清蛋白等乳制品成分，属于 “米 + 牛奶” 复合饮品，非纯米露饮料。
2. 固体饮料：粉末状（如米浆粉、固体米露饮料），需冲调后饮用，属固体饮料（14.06），非液态饮料。
3. 米酒类 / 含酒精饮品：乙醇含量＞0.5% vol，属酒类（如米酒、醪糟），非饮料。
4. 仅具米味的饮料：以水、糖、香精为主，大米 / 糯米含量极低或无，仅模拟米香，不属米露饮料。
5. 其他谷物饮料：以玉米、小米、燕麦、荞麦等其他谷物为主要原料的饮料，不归为米露。
6. 未处理生米浆：未蒸煮、未酶解、未杀菌的生米浆，不符合预包装饮料要求。
7. 米制品 / 调味品：如米糕、米粉、米醋、米酱等，归食品原料或辅料，非饮料。",,,,原味,利乐包,无糖,,,,,,
,,,,,,,,,,,,甜味,塑料瓶,含糖,,,,,,
,,,,,,,,,,,,桂花味,罐装,,,,,,,
,,,,,,,,,,,,红豆味,玻璃瓶,,,,,,,
,,,,,,,,,,,,绿豆味,纸盒,,,,,,,
,,,,,,,,,,,,玉米味,其他,,,,,,,
,,,,,,,,,,,,黑米味,,,,,,,,
,,,,,,,,,,,,椰奶味,,,,,,,,
,,,,,,,,,,,,杏仁味,,,,,,,,
,,,,,,,,,,,,姜汁味,,,,,,,,
,,,,,,,,,,,,蜂蜜味,,,,,,,,
,,,,,,,,,,,,其他,,,,,,,,
,,,,,,,,,,,,,,,,,,,,
,,,,,,,,,,,,,,,,,,,,
,,,,,,,,,,,,,,,,,,,,
,,,,,,,,,,,,,,,,,,,,
,,,,,,,,,,,,,,,,,,,,
,,,,,,,,,,,,,,,,,,,,
,,,,,,,,,,,,,,,,,,,,
,,,,,,,,,,,,,,,,,,,,
,,,,,,,,,,,,,,,,,,,,
,,,,,,,,,,,,,,,,,,,,
37.0,食品,饮料,亚洲传统饮料,植物饮料,S,"定义：以具有特定风味或传统保健功效的草本植物、根茎、树皮或叶片为原料，通过煎煮或浸泡制成的饮品。其核心在于利用植物本身的天然成分，通常带有草本特有的香气或微苦口感，可添加少量糖分调味。常见形式包括独立茶包、散装原料或即饮瓶装产品，代表性饮品如凉茶、姜茶、人参茶等。

快速识别要点

看标准号：优先 GB/T 1326—2014；若为果蔬汁、茶饮料、植物蛋白饮料、含乳饮料等，执行对应专属国标。
看原料与形态：核心为植物 / 植物提取物的液体饮料；非固体、非乳基底、非果蔬 / 茶 / 咖啡为主料。
看标签：配料表首位多为植物原料或其提取物，无乳、果蔬、茶、咖啡等核心基底。","原料：以植物 / 植物提取物（谷物、坚果籽、草本、食用菌、藻类、可可等）为主要原料，可加糖 / 甜味剂、食品添加剂，经加工或发酵制成的液体饮料。

品类：谷物饮料（玉米汁、小米汁）、草本 / 本草饮料（凉茶、菊花茶）、食用菌饮料、藻类饮料、可可饮料、其他植物饮料。

工艺：提取、调配、均质、杀菌（UHT / 巴氏）、无菌包装或发酵，非固体形态。","果蔬汁类及其饮料：执行 GB/T 31121 等，以水果 / 蔬菜为核心原料。

茶（类）饮料：执行 GB/T 21733，以茶叶 / 茶浓缩物为核心。

咖啡（类）饮料：执行 GB/T 30676，以咖啡 / 咖啡浓缩物为核心。

植物蛋白饮料：如核桃露、椰子乳、杏仁露等，执行对应植物蛋白饮料国标。

含乳饮料 / 发酵乳饮料：以乳 / 复原乳为基底，执行 GB/T 21732 或 GB 25191。

固体饮料：如椰子粉、植物蛋白粉等，执行 GB/T 29602。

酒类/蒸馏饮料：含酒精饮品，不属于饮料范畴。",,草本植物饮料,,原味,塑料瓶：PET 瓶、HDPE 瓶,无糖,,,,,,
,,,,,,,,,,谷物饮料,,清甜,金属罐：铝罐、铁罐,含糖,,,,,,
,,,,,,,,,,果蔬混合植物饮料,,蜂蜜味,纸基复合：利乐包、屋顶盒,,,,,,,
,,,,,,,,,,风味植物饮料,,姜味,玻璃瓶,,,,,,,
,,,,,,,,,,其他植物饮料,,薄荷味,软袋 / 吸嘴袋,,,,,,,
,,,,,,,,,,,,菊花味,杯装（PET/PP 杯 + 盖）,,,,,,,
,,,,,,,,,,,,甘草味,礼盒装,,,,,,,
,,,,,,,,,,,,枸杞味,组合装,,,,,,,
,,,,,,,,,,,,柠檬味,,,,,,,,
,,,,,,,,,,,,枣味,,,,,,,,
,,,,,,,,,,,,桑葚味,,,,,,,,
,,,,,,,,,,,,其他,,,,,,,,
,,,,,,,,,,,,,,,,,,,,
,,,,,,,,,,,,,,,,,,,,
,,,,,,,,,,,,,,,,,,,,
,,,,,,,,,,,,,,,,,,,,
,,,,,,,,,,,,,,,,,,,,
,,,,,,,,,,,,,,,,,,,,
,,,,,,,,,,,,,,,,,,,,
,,,,,,,,,,,,,,,,,,,,
,,,,,,,,,,,,,,,,,,,,
,,,,,,,,,,,,,,,,,,,,
38.0,食品,饮料,亚洲传统饮料,发酵甜饮,C,"定义：指以植物、果实或谷物为主要原料，经过微生物发酵（酵母、乳酸菌、醋酸菌等）作用，生成具有甜味、酸甜味或微酒香味的液态饮品。
核心定义
原料：谷物、水果、蜂蜜、植物根茎 / 花果、植物奶（豆奶 / 燕麦乳）等。
工艺：必须存在生物发酵过程（不可仅为浸泡、浸渍、调配）。
风味：成品呈现甜（蔗糖 / 果糖 / 原料天然甜）、酸甜（乳酸 / 醋酸）或微甜带酒（低度酒精）。
形态：预包装液态，可直接饮用（乙醇含量通常 ≤ 10% vol，部分高度酒除外）。

快速识别要点
有发酵过程：存在微生物代谢（酵母产酒 / 乳酸菌产酸 / 醋酸菌产醋）。
非原浆 / 非配制：不是单纯物理压榨的果汁、原浆，也不是直接浸泡水果 / 香料的浸渍酒。
属甜型基底：以甜味为核心口感，区别于苦味（如苦荞啤酒）、辛辣（白酒）、酸涩（纯醋饮）等发酵饮品。","1. 发酵果蔬汁饮料 发酵果汁 / 果酒（低度） 苹果发酵汁、青梅发酵酒、杨梅发酵酒 水果为原料，酵母发酵，甜度高，酒精度 ≤ 10% vol
2. 复合发酵甜饮 多原料复配发酵 红枣枸杞发酵汁、谷物 + 水果复合发酵饮 两种及以上植物原料发酵，风味更复杂","1. 非发酵类（仅物理 / 化学处理）
纯果汁 / 原浆：仅通过压榨、萃取制成，无微生物发酵。
例：100% 橙汁、苹果原浆、椰子水。
浸渍 / 浸泡饮品：无发酵过程，仅为原料浸泡在液体中。
例：威士忌泡梅子、朗姆泡柠檬、水果浸泡酒（酒精来自基酒，非发酵产生）。
风味饮料：以水、糖、香精为主，无发酵，仅模拟甜饮风味。
例：蜂蜜味饮料、米味饮料（无发酵）。
2. 非甜型发酵饮品（风味不符）
高度蒸馏酒：发酵后经蒸馏提纯，酒精度 ≥ 40% vol。
例：白酒、伏特加、威士忌。
纯醋饮 / 发酵醋：以醋酸发酵为主，酸味为核心，非甜型。
例：苹果醋、陈醋饮料。
工业发酵液 / 非饮用品：非食品级、非预包装可直接饮用的发酵液。
例：饲料发酵液、工业酶制剂发酵液。
3. 固体形态 / 需冲调类
固体发酵饮料：粉末、颗粒状，需加水冲调。
例：固体酸奶粉、发酵果汁粉。
发酵酱 / 膏：半固态或固态，非液态饮料。
例：发酵豆瓣酱、果酱（虽含发酵，但属调味品 / 蜜饯，非饮料）。
4. 含乳复合饮料（非甜型核心）
含乳发酵饮料（非甜型）：以酸味为核心，或蛋白质含量过高的发酵乳。
注：甜型乳酸菌饮料、低糖酸奶属于发酵甜饮；但高酸无糖酸奶、纯发酵乳更侧重乳制品属性，非 “甜饮”。",,,,原味,瓶装,无糖,,,,,,
,,,,,,,,,,,,水果味,罐装,含糖,,,,,,
,,,,,,,,,,,,米香味,盒装,,,,,,,
,,,,,,,,,,,,奶香味,袋装,,,,,,,
,,,,,,,,,,,,蜂蜜味,杯装,,,,,,,
,,,,,,,,,,,,抹茶味,,,,,,,,
,,,,,,,,,,,,红豆味,,,,,,,,
,,,,,,,,,,,,椰子味,,,,,,,,
,,,,,,,,,,,,芒果味,,,,,,,,
,,,,,,,,,,,,草莓味,,,,,,,,
,,,,,,,,,,,,葡萄味,,,,,,,,
,,,,,,,,,,,,柠檬味,,,,,,,,
,,,,,,,,,,,,其他,,,,,,,,
,,,,,,,,,,,,,,,,,,,,
,,,,,,,,,,,,,,,,,,,,
,,,,,,,,,,,,,,,,,,,,
,,,,,,,,,,,,,,,,,,,,
,,,,,,,,,,,,,,,,,,,,
,,,,,,,,,,,,,,,,,,,,
,,,,,,,,,,,,,,,,,,,,
,,,,,,,,,,,,,,,,,,,,
,,,,,,,,,,,,,,,,,,,,
39.0,食品,饮料,亚洲传统饮料,其他亚洲传统饮料,,"定义：亚洲传统饮料是指起源于亚洲地区（如中国、日本、韩国、印度、东南亚、中亚等），通过传统制备方法（煎煮、熬制、浸泡、植物提取、微生物发酵等）制成，服务于日常饮用、礼仪、社交或特定文化需求的液态饮品。除去植物饮料和发酵甜饮以外。

快速识别要点
起源类别：必须源自亚洲文化系统，非外来或现代工业勾兑产品。
制备传统：主要采用传统方法，而非现代化学或工业标准化调配。
文化用途：具备饮用习惯、文化场景或历史传承，而非临时发明的商业产品。","1. 传统奶类 / 发酵乳类
2. 印度 lassi 酸奶饮
3. 韩国 传统乳饮（发酵奶）
4. 东南亚 发酵椰汁 / 发酵米浆","纯现代工业类饮品
1. 碳酸饮料（可乐、雪碧、能量饮料）
2. 调配型风味饮料（人造香精、色素勾兑）
3. 高速工业化新创饮品（不属于传统文化体系）",,,,原味,瓶装,无糖,,,,,,
,,,,,,,,,,,,椰香,罐装,含糖,,,,,,
,,,,,,,,,,,,姜味,盒装,,,,,,,
,,,,,,,,,,,,柚子味,袋装,,,,,,,
,,,,,,,,,,,,柠檬味,利乐包,,,,,,,
,,,,,,,,,,,,罗汉果味,玻璃瓶,,,,,,,
,,,,,,,,,,,,香茅味,塑料瓶,,,,,,,
,,,,,,,,,,,,薄荷味,易拉罐,,,,,,,
,,,,,,,,,,,,蜂蜜味,礼盒装,,,,,,,
,,,,,,,,,,,,桂花味,其他,,,,,,,
,,,,,,,,,,,,玫瑰味,,,,,,,,
,,,,,,,,,,,,甘蔗味,,,,,,,,
,,,,,,,,,,,,其他,,,,,,,,
,,,,,,,,,,,,,,,,,,,,
,,,,,,,,,,,,,,,,,,,,
,,,,,,,,,,,,,,,,,,,,
,,,,,,,,,,,,,,,,,,,,
,,,,,,,,,,,,,,,,,,,,
,,,,,,,,,,,,,,,,,,,,
,,,,,,,,,,,,,,,,,,,,
,,,,,,,,,,,,,,,,,,,,
,,,,,,,,,,,,,,,,,,,,
40.0,食品,饮料,醋饮料,醋饮料,B,"定义：醋饮料（Vinegar Beverage）是以食醋为主要原料，经过调配、稀释、复配（或搭配果蔬汁、草本、糖 / 代糖等），制成的具有一定酸度、呈酸甜风味的液态饮品。
核心定义
归属：饮料类下的 “其他饮料” 或 风味饮料 大类（GB/T 10789），执行标准为 GB 7101（食品安全国家标准 饮料）。
含醋：必须含有食醋（酿造醋或配制醋），作为核心风味成分。
液态即饮：预包装液态，可直接饮用（或少量加水），非固体粉末。
酸甜平衡：以醋的酸为基底，通过糖、代糖、果汁、蜂蜜或草本成分调和出酸甜适口的风味，区别于纯醋。
无酒精 / 低度：乙醇含量 ≤ 0.5% vol（除外为特定发酵果醋饮料）。","1. 基础果醋饮料
以苹果醋、葡萄醋、山楂醋、梅子醋等水果发酵醋为基底，加水、糖 / 代糖调配而成。
例子： 苹果醋饮料、蜂蜜梅子醋饮。
2. 草本 / 植物醋饮料
以醋为基，复配生姜、红枣、枸杞、陈皮、菊花等草本植物提取物或汁液。
例子： 姜醋饮料、陈皮醋饮。
3. 复合风味醋饮料
醋 + 果汁（如柠檬、西柚、百香果）、醋 + 乳 / 植物乳（如酸奶醋饮）、醋 + 茶（如乌龙茶醋饮）等复合风味。
4. 功能型醋饮料
添加膳食纤维、维生素、益生菌（需合规）或特定营养素的醋饮料。
5. 浓浆 / 浓缩型
高浓度醋复配液，需稀释后饮用，属即饮型浓浆饮料。","1. 纯食醋 / 烹饪醋
如陈醋、白醋、香醋等，属调味品（类别 03.06），非饮料。
2. 固体饮料
粉末状或颗粒状的醋粉固体饮料，需冲调，属固体饮料（类别 14.06），非液态醋饮料。
3. 发酵果酒 / 果醋酒
乙醇含量 > 0.5% vol，属发酵酒或配制酒（类别 15.03），非饮料。
4. 仅含微量醋的风味饮料
以水、糖、香精为主，食醋仅作为少量添加剂或风味点缀，不具醋饮特征，不归为醋饮料。
5. 未处理的生醋 / 原醋
未经过调配、杀菌、灌装的工业原醋，非预包装饮料。",,,,苹果味,利乐包,无糖,,,,,,
,,,,,,,,,,,,山楂味,瓶装,含糖,,,,,,
,,,,,,,,,,,,蓝莓味,罐装,,,,,,,
,,,,,,,,,,,,葡萄味,其他,,,,,,,
,,,,,,,,,,,,水蜜桃味,,,,,,,,
,,,,,,,,,,,,柠檬味,,,,,,,,
,,,,,,,,,,,,蜂蜜味,,,,,,,,
,,,,,,,,,,,,原味,,,,,,,,
,,,,,,,,,,,,复合莓果味,,,,,,,,
,,,,,,,,,,,,红枣味,,,,,,,,
,,,,,,,,,,,,苹果味,,,,,,,,
,,,,,,,,,,,,柠檬味,,,,,,,,
,,,,,,,,,,,,姜味,,,,,,,,
,,,,,,,,,,,,桂花味,,,,,,,,
,,,,,,,,,,,,其他,,,,,,,,
,,,,,,,,,,,,,,,,,,,,
,,,,,,,,,,,,,,,,,,,,
,,,,,,,,,,,,,,,,,,,,
,,,,,,,,,,,,,,,,,,,,
,,,,,,,,,,,,,,,,,,,,
,,,,,,,,,,,,,,,,,,,,
,,,,,,,,,,,,,,,,,,,,
41.0,食品,饮料,饮料组合装,饮料组合装,,"定义
饮料组合装：指将同一品牌 / 同品类、多规格 / 多口味 / 多系列的饮料，按固定数量 / 配比，以统一外包装组合销售的快消品形式。核心是同大类、多单元、组合售卖，区别于单支装与跨品类捆绑。

核心区分要点
1. 此组合装属于三级类目中跨品类的组合装，要区分于同品类中的组合装。
2. 比如：碳酸 + 果汁属于此组合装；碳酸中的不同规格组合属于本品类中的组合装。","同品牌多口味混合装（可乐 + 雪碧 + 芬达）
同品牌多系列组合（汽水 + 果汁 + 茶饮）
礼盒装 / 节日定制组合装
迷你罐多口味组合（200ml 混合装）
家庭分享装 / 整箱组合
功能饮料混合组合（能量饮 + 电解质水）","饮料 + 跨品类捆绑
饮料 + 纸巾跨品类捆绑
饮料 + 日用品跨品类捆绑
单支独立包装（非组合）
散装称重饮料
餐饮现调套餐（非预包装）
不同品牌混装（非原厂组合）
酒精 + 非酒精饮料混搭（特殊合规除外）",可口可乐,同口味,,碳酸饮料口味,易拉罐组合,,,,,,,
,,,,,,,,,百事可乐,多口味混合,,果汁口味,PET 塑料瓶组合,,,,,,,
,,,,,,,,,农夫山泉,碳酸饮料组合,,茶饮口味,利乐包组合,,,,,,,
,,,,,,,,,统一,果汁饮料组合,,功能饮料口味,礼盒装,,,,,,,
,,,,,,,,,康师傅,茶饮组合,,乳饮口味,手提袋装,,,,,,,
,,,,,,,,,脉动,功能饮料组合,,,量贩箱装,,,,,,,
,,,,,,,,,乐百氏,迷你装,,,迷你罐组合装,,,,,,,
,,,,,,,,,元气森林,常规装,,,,,,,,,,
,,,,,,,,,汇源,大瓶分享装,,,,,,,,,,
,,,,,,,,,娃哈哈,日常量贩,,,,,,,,,,
,,,,,,,,,东鹏特饮,礼盒送礼,,,,,,,,,,
,,,,,,,,,,便携随身,,,,,,,,,,
,,,,,,,,,,单品牌组合,,,,,,,,,,
,,,,,,,,,,多品牌授权组合,,,,,,,,,,
,,,,,,,,,,,,,,,,,,,,
,,,,,,,,,,,,,,,,,,,,
,,,,,,,,,,,,,,,,,,,,
,,,,,,,,,,,,,,,,,,,,
,,,,,,,,,,,,,,,,,,,,
,,,,,,,,,,,,,,,,,,,,
,,,,,,,,,,,,,,,,,,,,
,,,,,,,,,,,,,,,,,,,,
42.0,食品,保健品,维生素,维生素,C,"定义
维生素是以单一或复合维生素为主要成分的膳食补充剂或OTC药品，用于补充日常膳食可能摄入不足的微量营养素，以维持机体正常代谢与生理功能。产品形态包括片剂、胶囊、软糖、口服液或粉剂，通常按每日推荐量封装于瓶装、泡罩板等便携包装中，可直接服用或冲调饮用。","1. 脂溶性维生素 
溶于脂肪，吸收较慢，可在体内（肝脏 / 脂肪组织）储存
维生素 A 视黄醇、视黄酯、β- 胡萝卜素（A 原）
维生素 D 钙化醇、D3 (胆钙化醇)、D2 (麦角钙化醇)
维生素 E 生育酚、生育酚乙酸酯
维生素 K 叶绿醌、甲萘醌
2. 水溶性维生素
溶于水，吸收快、代谢快，需日常补充。
维生素 B1 硫胺素
维生素 B2 核黄素
维生素 B3 烟酸、烟酰胺
维生素 B5 泛酸、D - 泛醇
维生素 B6 吡哆醇、吡哆醛
维生素 B7 生物素、维生素 H
维生素 B9 叶酸、蝶酰谷氨酸
维生素 B12 钴胺素
维生素 C 抗坏血酸、抗坏血酸钠盐","1. 仅在名称上叫 “维 XX” 的非标准物质
这些是类维生素或类营养，国标里不把它们归入标准维生素体系。
辅酶 Q10（类维生素，人体可合成）
肌醇 (Inositol)（类维生素）
维生素 BT (肉碱)（类维生素）
硫辛酸（类维生素）
2. 维生素衍生物 / 前体（不是维生素本体）
β- 胡萝卜素：是维生素 A 原，需在体内转化才成 VA，未转化前不算 VA。
视黄酯：是 VA 的酯化形式，用于提高稳定性，归属 VA 品类下。
麦角钙化醇 / D3：是 VD 的具体形式，归为 VD 大类。
3. 药品级、饲料级维生素
高剂量药物维生素：如治疗性的高浓度维生素 B6、药用叶酸，属药品范畴。
饲料级维生素：专供动物饲料，标准与人类食品不同，属饲料原料。
4. 维生素产品中的 “非维生素成分”
这是看配料表时必须剔除的部分，不影响维生素品类定义。
填充剂 / 载体：淀粉、糊精、微晶纤维素、二氧化硅。
粘结剂 / 润滑剂：硬脂酸镁、聚维酮。
色素 / 香精：柠檬黄、水果香精。
矿物质：钙、铁、锌、硒（矿物质与维生素是并列的两大营养体系，不能混为一谈）。
5. 矿物质与氨基酸
维生素是有机化合物，矿物质是无机元素（如 Fe、Zn），两者独立。
若产品标签写 “维生素 + 矿物质”，那么矿物质部分必须单独列库，不可归为维生素。",汤臣倍健,,,无味,瓶装,,,,,,,
,,,,,,,,,安利,,,橙子味,泡罩板,,,,,,,
,,,,,,,,,完美,,,柠檬味,条包,,,,,,,
,,,,,,,,,无限极,,,草莓味,软糖袋装,,,,,,,
,,,,,,,,,东阿阿胶,,,蓝莓味,口服液瓶,,,,,,,
,,,,,,,,,,,,热带水果味,便携条,,,,,,,
,,,,,,,,,,,,苹果味,其他,,,,,,,
,,,,,,,,,,,,葡萄味,,,,,,,,
,,,,,,,,,,,,水蜜桃味,,,,,,,,
,,,,,,,,,,,,薄荷味,,,,,,,,
,,,,,,,,,,,,酸奶味,,,,,,,,
,,,,,,,,,,,,青柠味,,,,,,,,
,,,,,,,,,,,,椰子味,,,,,,,,
,,,,,,,,,,,,菠萝味,,,,,,,,
,,,,,,,,,,,,红提味,,,,,,,,
,,,,,,,,,,,,沁爽青草味,,,,,,,,
,,,,,,,,,,,,其他,,,,,,,,
,,,,,,,,,,,,,,,,,,,,
,,,,,,,,,,,,,,,,,,,,
,,,,,,,,,,,,,,,,,,,,
,,,,,,,,,,,,,,,,,,,,
,,,,,,,,,,,,,,,,,,,,
43.0,食品,保健品,钙,钙,C,定义：以钙元素为核心成分、用于补充人体钙摄入不足的营养素制剂，主要功能是维持骨骼与牙齿健康，并支持神经传导和肌肉收缩等生理活动。常见形式包括碳酸钙、柠檬酸钙、葡萄糖酸钙等无机或有机钙盐，通常制成片剂、胶囊、口服液或粉剂，按每日推荐剂量口服。属于膳食补充剂类别，适用于儿童、孕妇、中老年人等需增加钙摄入的人群。,"1. 无机钙片 
碳酸钙片： 钙含量高（约 40%），成本低，最常见。 成人、胃酸分泌正常者。
磷酸钙片： 含钙量高，对肠胃刺激小。 胃酸缺乏者、中老年。
2. 有机钙片 
乳酸钙片： 溶解度好，口感酸甜，易吸收。 儿童、孕妇、婴幼儿。
葡萄糖酸钙片： 水溶性好，含钙量中等，药性温和。 老年人、儿童。
柠檬酸钙片： 无需胃酸辅助吸收，利用率高。 胃酸分泌不足者、素食者。
3. 天然 / 复合钙片 
牛乳钙片 / 乳矿物钙片： 天然乳钙，含多种微量元素，口感好。 儿童、青少年，强调天然食补。","1. 含 “钙” 但不是钙片的物质
液体钙 / 钙口服液，液态，不是片剂形态。 属于：钙饮料、钙口服液、钙乳剂。
钙粉 / 钙颗粒，粉末或颗粒状，需冲调或直接食用。 属于：钙粉、钙冲剂、钙盐。
钙片状的糖果，配料表中糖、明胶、香精为主要成分，钙为点缀。 属于压片糖果，而非功能性钙片。
钙片级矿石，工业原料，未经过食品 / 药品加工。 属于矿石原料。
2. 钙片中的 “非钙成分” 
在统计钙含量时，以下辅料不属于钙品类，需在分类体系中剔除：
填充剂 / 载体：淀粉、乳糖、微晶纤维素、甘露醇。
粘结剂 / 润滑剂：硬脂酸镁、聚维酮 K30。
色素 / 香精：柠檬黄、水果香精（用于改善口感）。
其他功能性辅料：维生素 D3（促进钙吸收，应单独归类为维生素）、木糖醇（代糖）。
规则：只有配料表中的钙源（如碳酸钙、乳酸钙）才算作 “钙”，其余统统归为 **“食品添加剂”或“辅料”**。
3. 混淆概念 (钙 ≠ 胶原蛋白)
骨胶原钙片 / 氨糖钙片：虽然放在一起卖，但胶原蛋白和氨糖是蛋白质 / 糖类，不是钙。
4. 不可食用形态
工业级钙片：纯度极高但无食品级认证，属工业原料。",汤臣倍健,,,原味,瓶装（片剂/胶囊）,,,,,,,
,,,,,,,,,安利,,,橙味,盒装（泡腾片/粉剂）,,,,,,,
,,,,,,,,,完美,,,柠檬味,口服液,,,,,,,
,,,,,,,,,无限极,,,草莓味,袋装（粉剂）,,,,,,,
,,,,,,,,,迪巧,,,牛奶味,其他,,,,,,,
,,,,,,,,,,,,其他,,,,,,,,
,,,,,,,,,,,,,,,,,,,,
,,,,,,,,,,,,,,,,,,,,
,,,,,,,,,,,,,,,,,,,,
,,,,,,,,,,,,,,,,,,,,
,,,,,,,,,,,,,,,,,,,,
,,,,,,,,,,,,,,,,,,,,
,,,,,,,,,,,,,,,,,,,,
,,,,,,,,,,,,,,,,,,,,
,,,,,,,,,,,,,,,,,,,,
,,,,,,,,,,,,,,,,,,,,
,,,,,,,,,,,,,,,,,,,,
,,,,,,,,,,,,,,,,,,,,
,,,,,,,,,,,,,,,,,,,,
,,,,,,,,,,,,,,,,,,,,
,,,,,,,,,,,,,,,,,,,,
,,,,,,,,,,,,,,,,,,,,
44.0,食品,保健品,益生菌,益生菌,C,"定义：经科学验证具有特定健康功效的活性有益微生物制品，主要用于调节人体肠道微生态平衡、促进消化与免疫功能。核心成分包括乳酸菌、双歧杆菌等常见菌株。产品通常以冻干粉、胶囊、片剂或液态形式存在，需在特定条件下储存以保持菌株活性，并标注活菌数量（CFU），常见于膳食补充剂、功能性食品等类别。

快速核对要点
1. 活的微生物 (Living)：必须是活菌。死菌或菌体成分（除非有特殊国标证明）通常不被视为标准益生菌。
2. 对人体有益 (Beneficial)：对宿主健康有正面作用，如调节肠道菌群平衡、增强免疫力、改善消化。
3. 安全且合法 (Safe & Legal)：必须来自安全菌株，且符合国标规定的可使用菌种目录。

一句话规则
益生菌 = 活菌 + 来自国标 19 种名单内的菌株 + 对人体健康有益。
必须排除死菌、益生元、发酵菌种以及非国标名单中的任何微生物。","1. 乳杆菌类 (Lactobacillus) - 最常见
植物乳杆菌 (L. plantarum) 耐酸、耐胆盐，常用于酸奶、发酵食品。
嗜酸乳杆菌 (L. acidophilus) 传统益生菌，定居于小肠。
干酪乳杆菌 (L. casei) 耐胃酸，常用于益生菌奶粉、片剂。
鼠李糖乳杆菌 (L. rhamnosus) 稳定性高，常用于改善过敏、肠道健康。
罗伊氏乳杆菌 (L. reuteri) 婴幼儿常用菌株，有助于缓解肠绞痛。
2. 双歧杆菌类 (Bifidobacterium) - 肠道核心
婴儿双歧杆菌 (B. infantis) 婴儿肠道最初的优势菌。
长双歧杆菌 (B. longum) 成人肠道主要菌群，调节免疫。
短双歧杆菌 (B. breve) 耐酸性好，有助于缓解便秘。
动物双歧杆菌 (B. animalis) 包含乳双歧杆菌亚种，市面最常见的 “BB-12”。
3. 其他类
布拉氏酵母菌 (Saccharomyces boulardii) 唯一的酵母类益生菌，用于治疗腹泻，需按药品或保健食品监管。
嗜热链球菌 / 保加利亚乳杆菌 虽然是乳酸菌，但在国标中通常被定义为发酵剂，用于制作酸奶，除非有特定证明，否则一般不归类为 “口服益生菌补充剂”。","1. 非活菌 / 死菌制剂
死菌 / 菌体裂解物：益生菌在加工过程中失活，虽然有些研究表明死菌有一定益处，但在国标 GB 19642中，益生菌必须是活菌。
2. 不是益生菌的 “菌”
致病菌 / 条件致病菌：大肠杆菌、沙门氏菌、金黄色葡萄球菌，统统排除。
肠道坏菌：双歧杆菌虽然是好菌，但如果是未经审批的野生菌株，或者属于有害代谢类型，也不纳入。
3. 益生菌与 “益生元” 的混淆
这是最容易分错的地方。
益生菌 (Probiotic)：是菌（微生物），如乳酸菌、双歧杆菌。
益生元 (Prebiotic)：是食物（碳水化合物），如低聚果糖、菊粉、水苏糖。作用是喂养益生菌的。
4. 益生菌与 “发酵菌种” 的区分
发酵菌种：如酵母、乳球菌，用于生产过程，但不在肠道内发挥作用。
益生菌：必须经过人体食用并在肠道内起效。
5. 配料表中的 “非菌成分”
在计算益生菌含量时，以下成分不属于益生菌，需剔除：
载体 / 填充剂：麦芽糊精、淀粉、乳糖。
保护剂：脱脂奶粉、植物油（用于包裹益生菌防止胃酸腐蚀）。
糖 / 甜味剂：蔗糖、木糖醇、阿斯巴甜。
维生素：维生素 D、维生素 C（常与益生菌复配，但属性不同）。",汤臣倍健,,,原味,胶囊,,,,,,,
,,,,,,,,,安利,,,酸奶味,粉,,,,,,,
,,,,,,,,,完美,,,水果味,片剂,,,,,,,
,,,,,,,,,无限极,,,橙子味,液态,,,,,,,
,,,,,,,,,妈咪爱,,,无糖,袋装,,,,,,,
,,,,,,,,,,,,胡萝卜味,瓶装,,,,,,,
,,,,,,,,,,,,原味,盒装,,,,,,,
,,,,,,,,,,,,其他,,,,,,,,
,,,,,,,,,,,,,,,,,,,,
,,,,,,,,,,,,,,,,,,,,
,,,,,,,,,,,,,,,,,,,,
,,,,,,,,,,,,,,,,,,,,
,,,,,,,,,,,,,,,,,,,,
,,,,,,,,,,,,,,,,,,,,
,,,,,,,,,,,,,,,,,,,,
,,,,,,,,,,,,,,,,,,,,
,,,,,,,,,,,,,,,,,,,,
,,,,,,,,,,,,,,,,,,,,
,,,,,,,,,,,,,,,,,,,,
,,,,,,,,,,,,,,,,,,,,
,,,,,,,,,,,,,,,,,,,,
,,,,,,,,,,,,,,,,,,,,
45.0,食品,保健品,蛋白粉,蛋白粉,C,"定义：蛋白粉是一种主要用于补充蛋白质的营养补剂，通常由乳清、大豆、豌豆、酪蛋白等动植物蛋白为主要原料，经浓缩、分离或水解工艺制成的干燥细腻粉末状膳食补充剂，每份通常提供20–30克蛋白质，可溶于水或牛奶后饮用，也可添加至燕麦、酸奶或烘焙食品中。产品以罐装、袋装或一次性小条包装形式出售，主要面向运动营养及日常膳食补充场景。

快速核对要点
高蛋白：蛋白质含量必须是主导成分（通常 ≥ 50%，优质乳清可达 70%-90%）。
粉末形态：固态粉末，可冲泡、可复配。
可用于人体营养补充：用于补充膳食蛋白不足，增肌、康复、体重管理等。

一句话结论
蛋白粉 = 以蛋白质为主要原料的粉末状可冲泡食品。","1. 乳清蛋白粉（最主流）
Whey Protein Isolate（分离乳清）
Whey Protein Concentrate（浓缩乳清）
Whey Protein Hydrolysate（水解乳清）
特征：吸收快、蛋白质含量高、健身人群主力。
2. 酪蛋白蛋白粉（缓释型）
Casein（酪蛋白）
Micellar Casein（胶束酪蛋白）
特征：消化慢，适合夜间补蛋白、长期持续吸收。
3. 大豆蛋白粉（植物蛋白）
Soy Protein Isolate（分离大豆蛋白）
Soy Protein Concentrate（浓缩大豆蛋白）
特征：植物蛋白，适合素食者、不耐乳糖人群。
4. 豌豆 / 大米 / 其他植物蛋白粉
Pea Protein（豌豆蛋白）
Rice Protein（大米蛋白）
Hemp Protein（大麻蛋白）
特征：低致敏、植物基底，健身与轻食市场增长快。
5. 复合蛋白粉
乳清 + 大豆
乳清 + 豌豆
多种乳清等级复合
核心：蛋白比例为主，其他原料为辅。
6. 特殊功能蛋白粉（食品 / 保健级）
高蛋白代餐粉（如代餐奶昔）
蛋白能量棒（粉剂类归入蛋白粉库）
乳清蛋白饮料（粉末型）","1. 不是 “蛋白粉” 的相关产品
蛋白粉饮料（液态）：如即饮蛋白奶、蛋白乳饮。
→ 应归类为 乳制品饮料 / 功能饮品，不可并入蛋白粉。
蛋白棒：固态零食，不按蛋白粉处理。
蛋白块 / 蛋白饼：固体食品，不计入蛋白粉类目。
2. 蛋白质含量不够低的产品
普通早餐粉 / 五谷粉：玉米粉、五谷杂粮粉、米糊。
→ 蛋白含量远低于 50%，不属于蛋白粉。
乳粉 / 奶粉：虽含蛋白，但蛋白不是 “主导成分”，不归为蛋白粉。
3. 蛋白来源非食品级的原料
工业蛋白粉
饲料级蛋白
发酵残渣蛋白（非食品级）
4. 特殊化学品 / 药品
注射用白蛋白（药品）
氨基酸制剂（如氨基酸口服液、氨基酸粉）
→ 氨基酸 ≠ 蛋白粉（蛋白粉是完整蛋白，不是分解氨基酸）
5. 配料表里 “非蛋白部分” 占主导
例如：
淀粉、麦芽糊精、乳糖 > 蛋白含量
→ 属于复合谷物粉 / 固体饮料，不归为蛋白粉。
6. 胶原蛋白粉 / 骨胶原粉
虽然含蛋白，但属于功能性蛋白原料，不按 “蛋白粉” 主分类归入，应单独归类为 “胶原蛋白 / 功能性蛋白”。",汤臣倍健,,,原味,罐装,,,,,,,
,,,,,,,,,安利,,,巧克力味,袋装,,,,,,,
,,,,,,,,,完美,,,香草味,条装,,,,,,,
,,,,,,,,,肌肉科技,,,草莓味,桶装,,,,,,,
,,,,,,,,,康宝莱,,,香蕉味,,,,,,,,
,,,,,,,,,,,,抹茶味,,,,,,,,
,,,,,,,,,,,,椰子味,,,,,,,,
,,,,,,,,,,,,蓝莓味,,,,,,,,
,,,,,,,,,,,,芒果味,,,,,,,,
,,,,,,,,,,,,咖啡味,,,,,,,,
,,,,,,,,,,,,其他,,,,,,,,
,,,,,,,,,,,,,,,,,,,,
,,,,,,,,,,,,,,,,,,,,
,,,,,,,,,,,,,,,,,,,,
,,,,,,,,,,,,,,,,,,,,
,,,,,,,,,,,,,,,,,,,,
,,,,,,,,,,,,,,,,,,,,
,,,,,,,,,,,,,,,,,,,,
,,,,,,,,,,,,,,,,,,,,
,,,,,,,,,,,,,,,,,,,,
,,,,,,,,,,,,,,,,,,,,
,,,,,,,,,,,,,,,,,,,,
46.0,食品,保健品,其他保健品,其他保健品,,定义：指未归入特定功能类别（如维生素、钙、益生菌、蛋白粉等）的膳食补充剂或保健食品，通常用于补充日常饮食、支持特定生理机能或促进整体健康。产品形态包括胶囊、片剂、口服液、粉剂等，成分可能涉及植物提取物、动物源性物质、传统草药配方或新兴功能性原料。这类产品以预包装形式在零售渠道销售，需遵循相关法规进行标识和管理。,"1. 植物提取物类保健品
植物提取物胶囊 / 片剂（非维生素、非矿物类）
如：银杏叶提取物、葡萄籽提取物、姜黄提取物、奶蓟草提取物、灵芝提取物、人参提取物
植物复合配方胶囊
如：草本复方、植物复方、花草复方、药食同源复方
特殊植物粉剂
如：玛咖粉、辣木粉、酵素粉（植物酵素粉）、螺旋藻粉、小球藻粉（不是蛋白粉，不是矿物）
2. 动物源性 / 复合原料类保健品
动物组织提取物
如：深海鱼油 / Omega-3、虾青素、卵磷脂、辅酶 Q10、胶原蛋白肽 / 粉
动物来源复合配方
如：鹿鞭膏、蜂皇浆、蜂胶、蜂花粉、羊胎盘素、动物胰脏提取物（仅限食品 / 保健合法原料）
水产类
如：鲨鱼软骨粉、深海鱼骨钙粉（但归为 “钙” 类时应另立，否则归入其他）
3. 传统草药 / 药食同源类（非药）
传统草本配方保健食品
如：枸杞复方、黄芪复方、党参复方、当归复方等保健食品配方
药食同源原料制品
如：山楂复方、菊花复方、金银花复方、百合、酸枣仁、茯苓制品
传统滋补类保健品
如：阿胶糕（保健食品）、雪蛤膏（合规保健）、鹿茸膏（保健级）
4. 特殊功能性原料类（未归入其他类别）
新兴功能性成分制品
如：羟基酪醇、白藜芦醇、玛咖酰胺、壳聚糖、几丁质、植物甾醇 / 甾烷醇
抗疲劳 / 助眠 / 调节血脂 / 改善肠道等功能胶囊
如：左旋肉碱胶囊（非药品）、褪黑素口服液（保健合法）、菊粉（非膳食纤维谷物类）、抗性糊精（保健型）","1. 已归入其他类别的产品
维生素 A / 维生素 D / 维生素 C / 维生素 B 族 → 归入维生素
碳酸钙、乳酸钙、柠檬酸钙、乳矿物盐 → 归入钙 / 矿物质
益生菌（活菌）→ 归入益生菌
乳清蛋白、分离大豆蛋白、豌豆蛋白 → 归入蛋白粉
钙片 / 钙口服液 → 归入钙类
2. 液态饮料类（不属于保健品形态）
即饮蛋白饮料（液态）
功能饮料（能量饮料、补水饮料）
果汁类保健饮品
→ 应归类为 饮料 而非保健品。
3. 属于食品的产品
普通食品（无保健功效证明）
如：五谷粉、代餐粉（若不按保健食品注册）
零食类保健糖果
如：软糖、橡皮糖、夹心糖
药食同源食品但未做保健食品
如：黑芝麻糊、五谷豆浆粉、米糊
4. 药品（包括中成药、西药）
国药准字胶囊、片剂、口服液
如：复方阿胶浆（药品）、维生素药品、氨基酸注射剂
中药饮片、中药材
化学合成药品
→ 统统不算保健品，应归入药品库。
❌ 5. 化妆品 / 化学品
面膜、精华、护肤品（含植物提取物但不是保健品）
化学品原料
如：防腐剂、香精、色素、工业级提取物
→ 不属于保健食品范畴。
❌ 6. 饲料 / 动物用产品
动物饲料
宠物保健品
→ 与人类保健品无关。
❌ 7. 胶原蛋白肽 / 粉（特殊处理）
若产品明确属于胶原蛋白原料或小分子肽，且无保健功能备案，可归入 “其他原料库”，不一定归为 “其他保健品”。",汤臣倍健,,增强免疫,原味,瓶装（胶囊/片剂）,,,,,,,
,,,,,,,,,安利,,改善睡眠,柠檬味,袋装（粉剂/颗粒）,,,,,,,
,,,,,,,,,完美,,缓解疲劳,橙子味,盒装（口服液/软胶囊）,,,,,,,
,,,,,,,,,无限极,,抗氧化,蓝莓味,条装,,,,,,,
,,,,,,,,,东阿阿胶,,肠胃调理,草莓味,罐装,,,,,,,
,,,,,,,,,,,护肝,薄荷味,礼盒装,,,,,,,
,,,,,,,,,,,美容养颜,蜂蜜味,其他,,,,,,,
,,,,,,,,,,,护眼,西柚味,,,,,,,,
,,,,,,,,,,,心血管健康,苹果味,,,,,,,,
,,,,,,,,,,,关节养护,芒果味,,,,,,,,
,,,,,,,,,,,调节血糖,其他,,,,,,,,
,,,,,,,,,,,调节血脂,,,,,,,,,
,,,,,,,,,,,增强记忆,,,,,,,,,
,,,,,,,,,,,其他,,,,,,,,,
,,,,,,,,,,,,,,,,,,,,
,,,,,,,,,,,,,,,,,,,,
,,,,,,,,,,,,,,,,,,,,
,,,,,,,,,,,,,,,,,,,,
,,,,,,,,,,,,,,,,,,,,
,,,,,,,,,,,,,,,,,,,,
,,,,,,,,,,,,,,,,,,,,
,,,,,,,,,,,,,,,,,,,,
47.0,食品,冲调品,冲泡咖啡,冲泡咖啡,C,"定义：指以烘焙并研磨后的咖啡豆为原料，通过热水冲泡或滴滤等方式萃取出的咖啡饮品。其核心是消费者需自行完成冲煮过程，产品形态通常为预包装的咖啡粉或咖啡豆，常见于挂耳咖啡包、袋装咖啡粉及咖啡豆等零售形式，多按单次饮用量独立包装，便于在家庭、办公室等场景使用；冲泡器具包括但不限于手冲壶、法压壶、滴滤咖啡机等。
核心定义
冲泡咖啡（Brewed Coffee） 是指以咖啡豆为主要原料，经过研磨、萃取、过滤等物理工艺制成的液态咖啡饮品。
核心特征
原料主导：以咖啡豆（或咖啡粉）为主要原料。
物理萃取：通过热水浸泡、滴滤、浸泡等方式将咖啡成分溶出。
液态形态：直接饮用的液体，非粉末或固体。
一句话结论
冲泡咖啡 = 咖啡豆 / 粉 + 热水萃取 + 液态咖啡饮料。","1. 现磨冲泡咖啡（现制咖啡）
手冲咖啡：滤纸滴滤，手冲壶冲泡。
意式浓缩 / 美式：高压萃取浓缩液加水稀释。
法压壶咖啡：浸泡式萃取。
虹吸壶 / 冷萃 / 冰滴：特殊萃取工艺的液态咖啡。
挂耳咖啡：单杯分装，冲泡即饮。
2. 速溶咖啡（冲泡型）
纯速溶黑咖啡：仅含咖啡提取物，无奶无糖。
三合一速溶咖啡：咖啡 + 植脂末 / 奶精 + 糖。
二合一速溶咖啡：咖啡 + 糖 / 奶精（部分）。
冻干粉咖啡：冻干技术提取的高纯度咖啡粉，冲泡即溶。
3. 胶囊咖啡（冲泡型）
咖啡胶囊：配合胶囊机使用，冲泡出的液态咖啡。
咖啡粉胶囊：内装咖啡粉，机器自动萃取。
4. 咖啡液 / 浓缩液
咖啡浓缩液：高浓度咖啡液，加水 / 奶冲泡。
冷萃液：冷水萃取的浓缩液，冲泡或直接喝。","1. 咖啡豆 / 咖啡粉（未冲泡）
生咖啡豆：未烘焙，属农产品原料。
烘焙咖啡豆：未研磨萃取，属食品原料。
咖啡粉：未加水冲泡，属原料或固体饮料。
→ 应归类为 咖啡原料 / 固体饮料，而非冲泡咖啡。
2. 液态即饮咖啡（非冲泡型）
罐装 / 瓶装即饮咖啡：如星巴克星冰乐、雀巢即饮咖啡、农夫山泉咖啡饮料。
利乐包咖啡：成品液态。
→ 应归类为 饮料（即饮咖啡），而非冲泡咖啡。
3. 咖啡味饮料（无咖啡本质）
咖啡味奶茶：主要成分是茶、奶、糖，咖啡味为香精。
咖啡味汽水 / 饮料：以碳酸、水、香精为主。
→ 应归类为 奶茶 / 碳酸饮料，不属于咖啡范畴。
4. 咖啡替代品
代用咖啡（如菊苣根粉、大麦茶、橡子咖啡）：不含咖啡豆。
→ 应归类为 代用茶 / 固体饮料。
5. 咖啡提取物 / 咖啡粉（特殊处理）
咖啡提取物粉：用于工业生产、烘焙原料。
咖啡渣：萃取后的废弃物，不算食品。
→ 应归类为 食品原料 / 辅料，不属冲泡咖啡。
 6. 咖啡味调味品
咖啡味糖浆（如焦糖糖浆）
咖啡味巧克力酱
→ 应归类为 调味品 / 甜味剂，不是咖啡。
❌ 7. 咖啡味零食
咖啡味饼干、巧克力、薯片
→ 应归类为 零食，与冲泡咖啡无关。",雀巢,,,美式,挂耳包,,,,,,,
,,,,,,,,,麦斯威尔,,,拿铁,袋装,,,,,,,
,,,,,,,,,星巴克,,,焦糖,罐装,,,,,,,
,,,,,,,,,隅田川三,,,香草,胶囊装,,,,,,,
,,,,,,,,,顿半,,,榛果,,,,,,,,
,,,,,,,,,,,,巧克力,,,,,,,,
,,,,,,,,,,,,椰香,,,,,,,,
,,,,,,,,,,,,沁风桃桃味,,,,,,,,
,,,,,,,,,,,,焙烤椰子味,,,,,,,,
,,,,,,,,,,,,白桃味,,,,,,,,
,,,,,,,,,,,,清新茉莉味,,,,,,,,
,,,,,,,,,,,,其他,,,,,,,,
,,,,,,,,,,,,,,,,,,,,
,,,,,,,,,,,,,,,,,,,,
,,,,,,,,,,,,,,,,,,,,
,,,,,,,,,,,,,,,,,,,,
,,,,,,,,,,,,,,,,,,,,
,,,,,,,,,,,,,,,,,,,,
,,,,,,,,,,,,,,,,,,,,
,,,,,,,,,,,,,,,,,,,,
,,,,,,,,,,,,,,,,,,,,
,,,,,,,,,,,,,,,,,,,,
48.0,食品,冲调品,即溶咖啡,即溶咖啡,B,"定义：以烘焙咖啡豆为原料，经萃取、浓缩、干燥制成的粉末或颗粒状咖啡制品，可迅速溶解于热水或冷水而无需专业器具；产品通常密封包装为小袋、玻璃罐或塑料罐，常见形式包括纯黑、二合一或三合一等。

核心特征
原料主导：必须以咖啡豆或咖啡提取物为主。
可溶性：遇水或遇奶可迅速溶解。
固体 / 浓缩液态形态：不是现磨咖啡，也不是成品即饮咖啡。

一句话结论
即溶咖啡 = 咖啡粉 / 咖啡提取物 + 溶解技术 + 冲泡即饮型固体咖啡。","1. 纯黑即溶咖啡（纯咖啡粉）
纯咖啡提取物粉
冻干速溶黑咖啡（Freeze-dried）
喷雾干燥速溶黑咖啡
不含奶、不含糖的纯咖啡粉
2. 二合一 / 三合一即溶咖啡
二合一：咖啡粉 + 奶精 / 植脂末（部分含少量糖）
三合一：咖啡粉 + 植脂末 + 糖
风味二合一 / 三合一：咖啡味 + 香草 / 焦糖等风味
3. 风味型即溶咖啡（非奶糖型）
咖啡味可可粉（不含茶成分）
咖啡味固体饮料（咖啡粉 + 香精 / 风味粉）
咖啡气泡粉（特殊冲泡型）
4. 咖啡浓缩液 / 咖啡冻干粉（即溶型）
咖啡浓缩液（高浓度，加水冲泡）
咖啡膏状浓缩物
咖啡冻干粉（高纯度，冲泡即溶）
5. 胶囊型即溶咖啡（用于咖啡机）
咖啡粉胶囊
咖啡液胶囊","1. 咖啡豆 / 咖啡粉（未溶解）
生咖啡豆
烘焙咖啡豆
咖啡粉（未冲泡、未溶解）
2. 即饮咖啡（液态）
瓶装咖啡饮料
罐装咖啡
利乐包咖啡饮料
3. 咖啡味饮料（无咖啡本体）
咖啡味奶茶
咖啡味汽水
咖啡味红茶饮料
4. 咖啡替代品（无咖啡成分）
大麦咖啡
橡子咖啡
菊苣根咖啡粉
5. 咖啡提取物（用于工业烘焙）
咖啡提取物粉（工业原料）
咖啡浓缩液（用于烘焙或饮料）
6. 咖啡味零食 / 调味品
咖啡味饼干
咖啡味巧克力
咖啡味糖浆
咖啡味酱
❌ 7. 咖啡渣 / 咖啡副产物
咖啡渣
萃取残渣
❌ 8. 咖啡味保健品（特殊情况）
咖啡提取物胶囊
咖啡味减肥粉",雀巢,,,纯黑,小袋装,,,,,,,
,,,,,,,,,麦斯威尔,,,二合一,玻璃罐,,,,,,,
,,,,,,,,,星巴克,,,三合一,塑料罐,,,,,,,
,,,,,,,,,隅田川三,,,香草,盒装,,,,,,,
,,,,,,,,,顿半,,,焦糖,其他,,,,,,,
,,,,,,,,,,,,榛果,,,,,,,,
,,,,,,,,,,,,摩卡,,,,,,,,
,,,,,,,,,,,,沁风桃桃味,,,,,,,,
,,,,,,,,,,,,焙烤椰子味,,,,,,,,
,,,,,,,,,,,,白桃味,,,,,,,,
,,,,,,,,,,,,清新茉莉味,,,,,,,,
,,,,,,,,,,,,其他,,,,,,,,
,,,,,,,,,,,,,,,,,,,,
,,,,,,,,,,,,,,,,,,,,
,,,,,,,,,,,,,,,,,,,,
,,,,,,,,,,,,,,,,,,,,
,,,,,,,,,,,,,,,,,,,,
,,,,,,,,,,,,,,,,,,,,
,,,,,,,,,,,,,,,,,,,,
,,,,,,,,,,,,,,,,,,,,
,,,,,,,,,,,,,,,,,,,,
,,,,,,,,,,,,,,,,,,,,
49.0,食品,冲调品,袋泡茶,袋泡茶,A,"定义：袋泡茶是一种将定量茶叶（含粉碎或整叶形态）或草本植物原料封装于可渗透滤袋中，通过滤袋隔离茶渣以实现便捷冲泡与清理的即饮型茶产品。通常以单袋独立密封包装，配棉线标签便于取放，可直接在杯中用热水浸泡并快速出汤。产品涵盖红茶、绿茶、乌龙茶等单一或拼配茶，以及花果茶、草药茶等风味类型，适用于日常饮用、办公及旅行等多种场合。

袋泡茶是指以茶叶为原料，将茶叶或茶碎、茶末经粉碎、筛选、配比后，装入可降解或可食用滤袋 / 茶包中，通过热水冲泡即可饮用的茶制品。

核心特征
原料是茶叶（绿茶 / 红茶 / 乌龙茶 / 花茶等），必须有茶的特征成分。
形态是茶包（由滤袋包装的茶粉 / 茶碎 / 茶叶碎片）。
冲泡即饮，无需额外熬煮，属于方便型茶制品。

一句话结论
袋泡茶 = 茶叶 + 粉碎 / 取碎 + 茶包包装 + 热水冲泡即饮。","1. 纯茶袋泡茶（无风味、无复配）
绿茶袋泡茶
红茶袋泡茶
乌龙茶袋泡茶
白茶袋泡茶
普洱茶袋泡茶（熟普 / 生普）
花茶袋泡茶（茉莉花、桂花、玫瑰花、菊花茶等）
2. 风味袋泡茶（茶粉为主体，少量风味添加）
水果茶袋泡茶（荔枝、草莓、百香果、橙子等）
花香复合袋泡茶（玫瑰 + 茉莉 等）
草本茶包（薄荷、柠檬草、甘菊，但不含茶成分的归代用茶，不按袋泡茶算）
3. 抹茶 / 特殊茶粉袋泡茶
抹茶袋泡茶
高碎茶粉袋泡茶
乌龙茶粉袋泡茶
4. 复合配方款
奶茶茶包（茶包 + 奶精包 / 糖包）
调味茶包（如柠檬红茶包、桂花乌龙奶茶包）
家庭 / 商用组合茶包（多茶味组合、多配方组合）
5. 特殊工艺袋泡茶
立体三角茶包
玉米纤维可降解茶包
挂耳茶包（类似挂耳咖啡，属袋泡茶范畴）","1. 真实茶叶（不是茶包）
散茶、茶叶、茶碎、茶梗
→ 归为 茶叶 / 散茶 / 原料茶
2. 即饮茶饮料（液态）
瓶装茶、罐装茶、利乐包茶饮料
→ 归为 即饮茶饮料，不是袋泡茶
3. 代用茶包（不含茶叶）
大麦茶包、玉米茶包、菊苣根茶包、橡子茶包
→ 归为 代用茶 / 代用茶包，不按袋泡茶归类
4. 茶味粉包 / 茶味固体饮料（不是茶叶）
奶茶粉包
荔枝茶味粉包
茶味果冻粉包
→ 归为 固体饮料 / 奶茶粉 / 调味粉
5. 茶味食品（零食类）
茶味饼干、茶味巧克力、茶味糕点
→ 归 零食 / 糕点，与袋泡茶无关
6. 茶多酚原料粉（高纯度）
茶多酚 90% 粉、茶氨酸粉
→ 归 食品原料 / 保健品，不按袋泡茶
7. 茶包做成的果冻 / 饮料（成品形态）
仙草茶冻、奶茶冻
→ 归 甜品 / 果冻 / 即饮饮品
8. 特殊化学品或药品
茶提取物胶囊、茶保健茶包（蓝帽子）
→ 归 其他保健品",立顿,,,红茶味,盒装,,,,,,,
,,,,,,,,,统一,,,绿茶味,袋装,,,,,,,
,,,,,,,,,康师傅,,,乌龙茶味,盒装,,,,,,,
,,,,,,,,,农夫山泉,,,茉莉花味,,,,,,,,
,,,,,,,,,王老吉,,,菊花味,,,,,,,,
,,,,,,,,,,,,蜜桃味,,,,,,,,
,,,,,,,,,,,,柠檬味,,,,,,,,
,,,,,,,,,,,,玫瑰味,,,,,,,,
,,,,,,,,,,,,桂花味,,,,,,,,
,,,,,,,,,,,,薄荷味,,,,,,,,
,,,,,,,,,,,,陈皮味,,,,,,,,
,,,,,,,,,,,,生姜味,,,,,,,,
,,,,,,,,,,,,其他,,,,,,,,
,,,,,,,,,,,,,,,,,,,,
,,,,,,,,,,,,,,,,,,,,
,,,,,,,,,,,,,,,,,,,,
,,,,,,,,,,,,,,,,,,,,
,,,,,,,,,,,,,,,,,,,,
,,,,,,,,,,,,,,,,,,,,
,,,,,,,,,,,,,,,,,,,,
,,,,,,,,,,,,,,,,,,,,
,,,,,,,,,,,,,,,,,,,,
50.0,食品,冲调品,冲泡茶,冲泡茶,C,"定义：指以茶叶、茶包或茶粉为主要原料，需经热水冲泡或浸泡以提取其风味与有效成分的固态或半固态产品。其核心在于通过冲泡过程释放茶叶品质，产品形态包括散装茶叶、压制茶饼及封装茶包等，涵盖绿茶、红茶、乌龙茶等主流茶类。

冲泡茶是指以茶叶（或茶制品）为主要原料，通过热水浸泡、萃取、滴滤、熬煮等方式，将茶叶中的特征成分（茶多酚、茶氨酸、咖啡碱等）溶出，形成液态茶汤的茶制品。
核心特征
原料必须是茶叶（绿茶 / 红茶 / 乌龙 / 白茶 / 普洱等）。
需通过热水冲泡即饮，不是成品液态茶，也不是粉末。
形态为液态茶汤，冲泡过程属物理萃取。
一句话结论
冲泡茶 = 茶叶 + 热水萃取 + 即饮液态茶。","1. 全叶茶（最主流）
绿茶冲泡茶（龙井、碧螺春、毛尖等）
红茶冲泡茶（祁门红茶、阿萨姆、锡兰红茶）
乌龙茶冲泡茶（大红袍、铁观音、凤凰单丛）
白茶冲泡茶（白牡丹、寿眉）
普洱茶冲泡茶（生普、熟普）
花茶袋泡茶 / 花茶冲泡（茉莉花、玫瑰花、菊花茶）
2. 碎茶 / 茶粉型冲泡茶
袋泡茶（绿茶 / 红茶 / 乌龙 / 花茶）
挂耳茶（类似挂耳咖啡，茶粉袋装）
茶粉冲泡（绿茶粉 / 红茶粉 / 抹茶粉）
3. 风味冲泡茶（茶为主体）
水果茶冲泡（百香果茶、草莓茶、柠檬茶）
花香复合茶（茉莉 + 绿茶、桂花 + 乌龙）
奶茶茶包（茶包 + 奶精 / 糖包）
4. 特殊工艺冲泡茶
冷泡茶（冷水冲泡茶叶）
5. 茶粉
纯茶粉
速溶茶粉
茶味复合粉
特殊功能茶粉","1. 即饮茶饮料（液态成品）
瓶装茶、罐装茶、利乐包茶饮料
→ 归为 即饮茶饮料，不是冲泡茶
2. 代用茶包（无茶叶）
大麦茶包、玉米茶包、菊苣根茶包
→ 归为 代用茶 / 代用茶包，不按茶类处理
3. 茶味果冻 / 茶味零食
茶味果冻、茶味饼干、茶味巧克力
→ 归为 零食 / 果冻
4. 茶多酚原料（高纯度）
茶多酚 90% 粉、茶氨酸粉
→ 归为 食品原料 / 保健品
5. 茶包做成的果冻 / 饮料
仙草茶冻、奶茶冻
→ 归为 甜品 / 饮品
6. 化妆品 / 药品类茶
茶提取物胶囊、保健茶包（蓝帽子）
→ 归为 其他保健品",立顿,,,原味,袋装茶包,,,,,,,
,,,,,,,,,西湖龙井,,,茉莉花味,盒装散茶,,,,,,,
,,,,,,,,,碧螺春,,,蜜桃味,罐装散茶,,,,,,,
,,,,,,,,,铁观音,,,柠檬味,茶饼/茶砖,,,,,,,
,,,,,,,,,普洱,,,桂花味,条装,,,,,,,
,,,,,,,,,,,,玫瑰味,礼盒装,,,,,,,
,,,,,,,,,,,,薄荷味,,,,,,,,
,,,,,,,,,,,,陈皮味,,,,,,,,
,,,,,,,,,,,,其他,,,,,,,,
,,,,,,,,,,,,,,,,,,,,
,,,,,,,,,,,,,,,,,,,,
,,,,,,,,,,,,,,,,,,,,
,,,,,,,,,,,,,,,,,,,,
,,,,,,,,,,,,,,,,,,,,
,,,,,,,,,,,,,,,,,,,,
,,,,,,,,,,,,,,,,,,,,
,,,,,,,,,,,,,,,,,,,,
,,,,,,,,,,,,,,,,,,,,
,,,,,,,,,,,,,,,,,,,,
,,,,,,,,,,,,,,,,,,,,
,,,,,,,,,,,,,,,,,,,,
,,,,,,,,,,,,,,,,,,,,
51.0,食品,冲调品,冲泡凉茶,冲泡凉茶,C,"定义：以草本植物或药食同源食材为原料，按传统配方配伍而成的即冲即饮型非茶类植物性饮品。原料通常为干燥的根、茎、叶、花或果实（如菊花、金银花、夏枯草等），经加工后以散装、茶包或预包装形式销售，供消费者通过热水浸泡或短时煎煮后饮用，旨在提供清凉去火、清热解毒等传统养生功效，区别于即饮型凉茶饮料。 

核心定义
冲泡凉茶是指以药食同源植物或草本植物为主要原料，经熬煮、浸泡、滴滤等方式萃取，形成液态茶汤，并具有清热解暑、清润降火功效的茶制品 / 植物饮料。

核心特征
原料为草本 / 植物（非茶叶，不以茶多酚为主要成分）；
必须经冲泡或熬煮萃取（不是成品液态，也不是粉末）；
核心功效是清热、降火、清暑，是南方解暑传统饮品。

一句话结论
冲泡凉茶 = 草本 / 药食同源植物 + 热水萃取 + 清热血性茶饮。","1. 传统草本凉茶（最主流）
金银花凉茶
菊花凉茶（杭白菊、胎菊）
罗汉果凉茶
甘草凉茶
薄荷凉茶
陈皮凉茶
混合草本凉茶（金银花 + 菊花 + 甘草组合）
2. 广东 / 福建式古早凉茶（复方型）
二十四味凉茶
五花茶（金银花、菊花、槐花、木棉花、葛花）
清热茶（罗汉果 + 菊花）
祛湿茶（茯苓、薏米、赤小豆）
清火茶（夏枯草、板蓝根提取物，但食品级）
3. 风味型凉茶（草本为主体，少量风味）
柠檬草凉茶
薄荷柠檬凉茶
青桔罗汉果凉茶
陈皮普洱凉茶（含茶成分时归入冲泡茶，不按凉茶）
4. 茶包 / 袋泡型凉茶（冲泡形式）
草本凉茶茶包
颗粒型凉茶（熬煮粉）
挂耳草本茶包
玉米纤维可降解茶包
5. 即溶 / 浓缩型冲泡凉茶
速溶凉茶粉
凉茶浓缩液
凉茶膏（加水冲泡）","1. 真正茶叶（不是草本）
绿茶、红茶、乌龙茶、白茶、花茶
→ 归为 冲泡茶 / 茶叶，不按凉茶
2. 即饮凉茶（液态成品）
瓶装 / 罐装王老吉、加多宝、和其正
→ 归为 即饮植物饮料，不是冲泡凉茶
3. 代用茶（未冲泡、草本原料）
大麦茶、玉米茶、苦荞茶、菊苣根茶
→ 归为 代用茶 / 农产品，不按冲泡凉茶
4. 茶粉 / 固体饮料（草本粉）
凉茶粉（固体）
草本植物提取物粉（90% 纯度）
→ 归为 固体饮料 / 食品原料
5. 凉茶做成的果冻 / 饮品
仙草冻、凉茶冻、凉茶果冻
→ 归为 甜品 / 果冻
6. 凉茶味零食
凉茶味饼干、凉茶味糖、凉茶味糕点
→ 归为 零食 / 糕点
7. 保健品凉茶（蓝帽子）
凉茶提取物胶囊、保健凉茶包
→ 归为 其他保健品
8. 药品级凉茶（国药准字）
板蓝根颗粒（药品）
清热解毒颗粒（药品）
→ 归为 药品库，不算凉茶产品",王老吉,,,菊花味,茶包,,,,,,,
,,,,,,,,,加多宝,,,金银花味,盒装,,,,,,,
,,,,,,,,,和其正,,,夏枯草味,罐装,,,,,,,
,,,,,,,,,统一,,,甘草味,其他,,,,,,,
,,,,,,,,,康师傅,,,薄荷味,,,,,,,,
,,,,,,,,,,,,柠檬草味,,,,,,,,
,,,,,,,,,,,,陈皮味,,,,,,,,
,,,,,,,,,,,,玫瑰花味,,,,,,,,
,,,,,,,,,,,,其他,,,,,,,,
,,,,,,,,,,,,,,,,,,,,
,,,,,,,,,,,,,,,,,,,,
,,,,,,,,,,,,,,,,,,,,
,,,,,,,,,,,,,,,,,,,,
,,,,,,,,,,,,,,,,,,,,
,,,,,,,,,,,,,,,,,,,,
,,,,,,,,,,,,,,,,,,,,
,,,,,,,,,,,,,,,,,,,,
,,,,,,,,,,,,,,,,,,,,
,,,,,,,,,,,,,,,,,,,,
,,,,,,,,,,,,,,,,,,,,
,,,,,,,,,,,,,,,,,,,,
,,,,,,,,,,,,,,,,,,,,
52.0,食品,冲调品,冲泡奶茶,冲泡奶茶,A,"定义：以植脂末或乳粉、速溶茶粉、白砂糖为主要原料，经干燥混合制成的即冲即饮型固体饮料，外观呈粉末或颗粒状，通常以小袋、条状或杯装独立包装。使用时将内容物倒入杯中，加入约80℃热水搅拌即可复溶成兼具茶味、奶香及甜味的饮品，便于在办公室、家庭或旅行等场景快速享用。

快速核查要点

形态：粉末、颗粒、条包、茶包 + 奶粉 / 植脂末组合
食用方式：热水冲泡即可溶解
基底：茶 + 乳 / 植脂末 + 糖 / 甜味剂
风味：原味奶茶、香芋、抹茶、可可、水果味等冲泡型奶茶","1. 以茶粉 / 茶包 / 茶汤粉、乳粉 / 植脂末 / 奶精、糖 / 甜味剂为主要原料，经热水冲泡溶解的即溶奶茶粉、奶茶条、奶茶包等。

2. 含珍珠 / 椰果 / 布丁等固体配料的冲泡型奶茶（仅添加，非现场熬煮）。

3. 调味冲泡奶茶（如香芋、可可、抹茶等风味冲泡奶茶）。","1. 现制现煮奶茶（现场熬煮茶汤、鲜奶 / 淡奶油调制，非冲泡溶解）。
2. 瓶装 / 罐装即饮奶茶饮料（预包装成品，非冲泡型）。
3. 纯茶饮料、纯乳饮料、植脂末不含茶的固体饮料。
4. 含酒精、非茶基底的风味饮品。",香飘飘,速溶奶茶粉,,原味,袋装,无糖,,,,,,
,,,,,,,,,优乐美,袋装冲泡奶茶,,香芋味,杯装,含糖,,,,,,
,,,,,,,,,统一,杯装冲泡奶茶,,草莓味,盒装,,,,,,,
,,,,,,,,,康师傅,港式 / 台式冲泡奶茶,,巧克力味,罐装,,,,,,,
,,,,,,,,,喜茶,珍珠奶茶冲泡版,,咖啡味,礼盒装,,,,,,,
,,,,,,,,,,,,抹茶味,组合装,,,,,,,
,,,,,,,,,,,,阿萨姆,,,,,,,,
,,,,,,,,,,,,港式丝袜,,,,,,,,
,,,,,,,,,,,,珍珠奶茶味,,,,,,,,
,,,,,,,,,,,,椰果味,,,,,,,,
,,,,,,,,,,,,其他,,,,,,,,
,,,,,,,,,,,,,,,,,,,,
,,,,,,,,,,,,,,,,,,,,
,,,,,,,,,,,,,,,,,,,,
,,,,,,,,,,,,,,,,,,,,
,,,,,,,,,,,,,,,,,,,,
,,,,,,,,,,,,,,,,,,,,
,,,,,,,,,,,,,,,,,,,,
,,,,,,,,,,,,,,,,,,,,
,,,,,,,,,,,,,,,,,,,,
,,,,,,,,,,,,,,,,,,,,
,,,,,,,,,,,,,,,,,,,,
53.0,食品,冲调品,冲饮谷物,麦片,A,"定义：以燕麦为主要原料，经蒸煮、碾压、干燥等工艺制成的扁平状谷物制品，可直接或经短暂加热冲泡后食用。产品通常呈片状，富含膳食纤维，常作为早餐或加餐食用，市面上常见独立小包装或大袋包装形式。

快速核查要点 

核心判断：以燕麦（或燕麦粉 / 燕麦片）为主要原料的冲调 / 即食谷物食品，不是饮料、不是饼干。
看配料：第一位 / 前几位多为燕麦片 / 燕麦 / 燕麦粉。
看形态：片状、颗粒状、粉状，用于热水冲泡 / 干吃，不是液体。
看用途：早餐冲饮、代餐、零食，不属于饮料、烘焙食品、植物蛋白饮料。","纯燕麦片（原味燕麦片、压片燕麦、钢切燕麦、即食燕麦片）

复合麦片（燕麦 + 谷物 / 坚果 / 果干混合麦片）

速溶麦片、营养麦片（含燕麦基底的冲调麦片）

燕麦米、燕麦粒、燕麦麸皮等燕麦原料制品

儿童麦片、高钙麦片、无糖麦片等功能型麦片","不含燕麦、仅以大米 / 玉米 / 小麦等谷物制成的 “麦片”（实为谷物脆片）

含乳饮料、植物蛋白饮料类（如燕麦奶、燕麦露，属饮料）

燕麦饼干、燕麦面包、燕麦糕点等烘焙食品

纯坚果 / 纯谷物脆片、无燕麦基底的混合脆片

固体饮料中不含燕麦成分的产品",桂格,即食麦片,,原味,袋装,无糖,,,,,,
,,,,,,,,,西麦,煮食麦片,,奶香味,罐装,含糖,,,,,,
,,,,,,,,,雀巢,混合水果麦片,,水果味,盒装,,,,,,,
,,,,,,,,,五谷磨房,坚果麦片,,坚果味,桶装,,,,,,,
,,,,,,,,,雅士利,烘焙 / 脆麦片,,蜂蜜味,礼盒装,,,,,,,
,,,,,,,,,,无糖 / 原味麦片,,巧克力味,组合装,,,,,,,
,,,,,,,,,,,,抹茶味,,,,,,,,
,,,,,,,,,,,,红枣味,,,,,,,,
,,,,,,,,,,,,椰香味,,,,,,,,
,,,,,,,,,,,,酸奶味,,,,,,,,
,,,,,,,,,,,,其他,,,,,,,,
,,,,,,,,,,,,,,,,,,,,
,,,,,,,,,,,,,,,,,,,,
,,,,,,,,,,,,,,,,,,,,
,,,,,,,,,,,,,,,,,,,,
,,,,,,,,,,,,,,,,,,,,
,,,,,,,,,,,,,,,,,,,,
,,,,,,,,,,,,,,,,,,,,
,,,,,,,,,,,,,,,,,,,,
,,,,,,,,,,,,,,,,,,,,
,,,,,,,,,,,,,,,,,,,,
,,,,,,,,,,,,,,,,,,,,
54.0,食品,冲调品,冲饮谷物,谷物早餐,C,"定义
由多种谷物（如玉米、小麦、大米）经膨化、烘焙或压制成型加工而成的即食或速食产品，通常可直接干吃或与牛奶、酸奶等液体混合后食用。产品形态多样，包括圈状、片状、块状等，常添加糖、坚果或果干以调节风味，是便捷早餐的常见选择。

核心定义
谷物早餐是指以谷物（如玉米、小麦、燕麦、大米、黑米、荞麦等） 为主要原料，经清洗、烘焙、挤压、膨化、混合等工艺加工而成的，适合早餐食用的固态食品。

核心特征
原料主体是谷物（玉米、小麦、大米等）；
形态为固态或冲调固态（片状、颗粒状、块状、粉末状）；
定位为早餐或代餐（方便快捷、提供能量）。

一句话结论
谷物早餐 = 谷物原料 + 加工工艺 + 早餐代餐定位。","玉米片
谷物圈
谷物球
可可脆
麦麸球
米脆
谷物脆块
即食谷物粒
早餐谷物棒","纯燕麦片
生麦片
谷物粉
面包
蛋糕
饼干
挂面
大米小米等原粮
粥料包",家乐氏,即食膨化类,,原味,袋装,无糖,,,,,,
,,,,,,,,,雀巢,烘烤脆片类,,蜂蜜味,盒装,含糖,,,,,,
,,,,,,,,,桂格,夹心谷物类,,巧克力味,罐装,,,,,,,
,,,,,,,,,好丽友,代餐谷物棒类,,奶香,桶装,,,,,,,
,,,,,,,,,三只松鼠,混合果干谷物类,,水果味,独立小包装,,,,,,,
,,,,,,,,,百草味,,,坚果味,量贩装,,,,,,,
,,,,,,,,,通用磨坊,,,焦糖味,,,,,,,,
,,,,,,,,,,,,可可味,,,,,,,,
,,,,,,,,,,,,其他,,,,,,,,
,,,,,,,,,,,,,,,,,,,,
,,,,,,,,,,,,,,,,,,,,
,,,,,,,,,,,,,,,,,,,,
,,,,,,,,,,,,,,,,,,,,
,,,,,,,,,,,,,,,,,,,,
,,,,,,,,,,,,,,,,,,,,
,,,,,,,,,,,,,,,,,,,,
,,,,,,,,,,,,,,,,,,,,
,,,,,,,,,,,,,,,,,,,,
,,,,,,,,,,,,,,,,,,,,
,,,,,,,,,,,,,,,,,,,,
,,,,,,,,,,,,,,,,,,,,
,,,,,,,,,,,,,,,,,,,,
55.0,食品,冲调品,冲饮谷物,代餐粉,C,"定义
旨在替代或部分替代正餐的营养配方食品，通常由蛋白质、膳食纤维、维生素、矿物质等多种营养素科学配比混合而成，呈粉末状，冲泡后呈糊状或奶昔状饮用。产品设计以满足一餐的营养需求为目标，常见于体重管理或便捷代餐场景。
核心定义 
代餐粉是指以蛋白质、碳水化合物、脂肪、维生素、矿物质等多种营养素为主要成分，经粉碎、混合、干燥等工艺制成的粉末状食品。
食用时需加水或其他液体（如牛奶、酸奶）冲调，能替代正餐（早餐 / 午餐 / 晚餐），提供均衡营养、控制热量摄入或补充营养。
核心特征
营养均衡：包含宏量营养素（蛋白 / 碳水 / 脂肪）和微量营养素（维 / 矿）；
形态为粉末（固体），冲调后形成乳液或混悬液；
核心功能是替代一餐，而不是单纯的零食或保健品。
一句话结论
代餐粉 = 全营养 / 高蛋白谷物粉 + 冲调工艺 + 正餐替代定位。","1. 全营养代餐粉（均衡型）
基础均衡款：玉米、燕麦、大米等谷物粉 + 乳清蛋白 / 大豆蛋白 + 少量油脂 + 维生素矿物质；
体重管理款：低能量、高饱腹、营养均衡；
康复 / 营养补充款：面向术后、体弱、老年人等群体的全营养粉。
2. 高蛋白代餐粉（增肌 / 健身向）
乳清蛋白粉代餐：乳清蛋白为主，复配少量碳水 / 脂肪；
大豆蛋白代餐粉：植物蛋白为主体；
豌豆蛋白 / 复合蛋白代餐粉：以豌豆、大米等复合蛋白为主；
即溶型高蛋白粉：加水冲调形成高蛋白饮品。
3. 谷物 / 杂粮代餐粉（轻食 / 传统向）
五谷杂粮代餐粉：玉米、小米、黑米、荞麦、薏米等混合粉；
燕麦代餐粉：纯燕麦或复配坚果 / 水果干的早餐代餐粉；
山药 / 芡实 / 莲子代餐粉：药食同源谷物粉为主体。
4. 风味型代餐粉（口感优化）
奶昔代餐粉：香草 / 巧克力 / 草莓等风味，冲调后类似奶昔；
果味代餐粉：百香果、芒果、荔枝等水果风味，多为低糖 / 0 糖；
酸奶块代餐粉：添加冻干酸奶块的代餐粉。
5. 特殊人群代餐粉
孕妇 / 哺乳期代餐粉（营养补充型）；
中老年 / 慢病调理代餐粉（如低脂 / 低糖 / 高纤维款）；
运动人群代餐粉（按运动营养食品管理）。","❌ 1. 普通谷物粉 / 杂粮粉（不是代餐）
纯玉米粉、纯小米粉、纯大米粉、纯芝麻糊；
仅由谷物 / 杂粮单一或简单混合而成，营养结构不完整（缺蛋白 / 维矿）。
❌ 2. 蛋白粉（蛋白含量过高，不是均衡代餐）
乳清蛋白粉、分离乳清蛋白、大豆蛋白粉、豌豆蛋白粉；
蛋白含量≥50% 且不以均衡营养为核心。
❌ 3. 固体饮料 / 调味粉（不是代餐）
奶茶粉、果味饮料粉、咖啡味固体饮料；
仅以糖、植脂末、香精为主，不含完整营养体系。
❌ 4. 保健品 / 药品类营养粉
蓝帽子保健粉（如减肥粉、补血粉、免疫保健粉）；
药品级氨基酸粉、维生素粉；
❌ 5. 代餐其他形态（不是粉末）
代餐奶、代餐即饮杯（液态成品）；
代餐棒、代餐饼干、代餐粥（固态）；
❌ 6. 以代餐为配料的其他食品
代餐粉做成的果冻、代餐味饮料、代餐糕点；
❌ 7. 宠物食品
宠物代餐粉、宠物营养粉；",康宝莱,,,原味,袋装,无糖,,,,,,
,,,,,,,,,汤臣倍健,,,巧克力味,罐装,低糖,,,,,,
,,,,,,,,,五谷磨房,,,香草味,条装,含糖,,,,,,
,,,,,,,,,桂格,,,草莓味,盒装,,,,,,,
,,,,,,,,,西麦,,,抹茶味,桶装,,,,,,,
,,,,,,,,,,,,椰子味,其他,,,,,,,
,,,,,,,,,,,,咖啡味,,,,,,,,
,,,,,,,,,,,,红豆味,,,,,,,,
,,,,,,,,,,,,芒果味,,,,,,,,
,,,,,,,,,,,,香蕉味,,,,,,,,
,,,,,,,,,,,,蓝莓味,,,,,,,,
,,,,,,,,,,,,紫薯味,,,,,,,,
,,,,,,,,,,,,奶茶味,,,,,,,,
,,,,,,,,,,,,其他,,,,,,,,
,,,,,,,,,,,,,,,,,,,,
,,,,,,,,,,,,,,,,,,,,
,,,,,,,,,,,,,,,,,,,,
,,,,,,,,,,,,,,,,,,,,
,,,,,,,,,,,,,,,,,,,,
,,,,,,,,,,,,,,,,,,,,
,,,,,,,,,,,,,,,,,,,,
,,,,,,,,,,,,,,,,,,,,
56.0,食品,冲调品,冲饮谷物,芝麻糊,B,"定义
以黑芝麻或白芝麻为主要原料，经烘炒、研磨后与糖、淀粉等辅料混合制成的粉末状冲调食品，用热水冲泡后形成浓稠糊状。产品具有浓郁的芝麻香气和甜味，通常作为传统滋补甜品或便捷早餐食用，市面上多为独立小包装。

核心定义
芝麻糊是指以芝麻（主要为黑芝麻 / 白芝麻） 为主要原料，经清洗、炒制、研磨、混合等工艺加工而成的，需加热或热水冲泡搅拌后形成糊状或粥状的谷物 / 方便食品。

核心特征
原料主体是芝麻（或芝麻 + 谷物 / 坚果复配）；
形态为粉末或颗粒（固体），冲调后形成糊状或浓稠液状；
定位为早餐、代餐或滋补品，香甜浓郁，传统南方早餐。

一句话结论
芝麻糊 = 芝麻 / 谷物原料 + 研磨混合工艺 + 热冲即食糊状食品。","1. 传统纯芝麻糊（芝麻为主体）
纯黑芝麻糊：黑芝麻为主要原料，少添加 / 无添加蔗糖；
纯白芝麻糊：白芝麻为主要，风味更清甜；
黑白芝麻混合糊：黑白芝麻按比例混合，兼顾香气与口感。
2. 谷物复配芝麻糊（芝麻 + 杂粮）
五谷芝麻糊：芝麻 + 玉米 / 小米 / 黑米 / 荞麦等杂粮粉；
山药芝麻糊：芝麻 + 山药粉（药食同源，养胃）；
红枣枸杞芝麻糊：芝麻 + 红枣 / 枸杞干 / 粉（甜味与营养复合）；
核桃芝麻糊：芝麻 + 核桃仁（高油脂，补脑补能量）。
3. 风味型芝麻糊（调味款）
原味芝麻糊：少糖 / 无糖，突出芝麻香；
甜味芝麻糊：加蔗糖 / 麦芽糖浆，传统甜味款；
巧克力芝麻糊：芝麻 + 可可粉 / 巧克力味；
牛奶芝麻糊：芝麻 + 植脂末 / 奶粉 / 奶精，奶香浓郁。
4. 早餐 / 代餐型芝麻糊（方便即食）
即食速溶芝麻糊：超细粉，开水一冲即溶，无需熬煮；
早餐碗装芝麻糊：预调糊状，加热即食；
多谷物代餐芝麻糊：添加蛋白 / 膳食纤维 / 维生素矿物质，定位为代餐。","❌ 1. 纯芝麻原料（未加工成糊）
生黑芝麻、生白芝麻、炒熟芝麻粒、芝麻碎；
❌ 2. 芝麻味固体饮料（不是芝麻糊）
芝麻味固体饮料：以糖、植脂末、香精为主，芝麻成分极少；
芝麻味奶茶粉：芝麻味 + 奶茶基底，不是芝麻糊；
❌ 3. 芝麻粉 / 芝麻提取物（高纯度 / 原料）
纯芝麻粉：仅芝麻研磨，无其他谷物 / 糖 / 添加剂（若为冲调型可归入，但需区分）；
芝麻提取物粉：高浓度提取物，用于工业烘焙 / 复配；
❌ 4. 谷物早餐 / 代餐粉（非芝麻主体）
纯玉米糊、纯燕麦片、五谷杂粮粉：不以芝麻为主要原料；
❌ 5. 芝麻味零食 / 糕点
芝麻味饼干、芝麻味蛋糕、芝麻糖、芝麻酥；
❌ 6. 保健品 / 药品类芝麻制品
蓝帽子保健芝麻粉、芝麻保健胶囊；
药品级芝麻提取物（如药用）；
❌ 7. 宠物食品
宠物芝麻糊 / 芝麻零食；
❌ 8. 以芝麻为配料的其他食品
芝麻糊做成的果冻、芝麻糊味饮料、芝麻糊糕点；",南方,,,黑芝麻味,袋装,无糖,,,,,,
,,,,,,,,,五谷磨房,,,核桃味,罐装,含糖,,,,,,
,,,,,,,,,桂格,,,红枣味,盒装（内附独立小袋）,,,,,,,
,,,,,,,,,西麦,,,花生味,条装,,,,,,,
,,,,,,,,,雅士利,,,杏仁味,其他,,,,,,,
,,,,,,,,,,,,无糖,,,,,,,,
,,,,,,,,,,,,椰子味,,,,,,,,
,,,,,,,,,,,,山药味,,,,,,,,
,,,,,,,,,,,,坚果味,,,,,,,,
,,,,,,,,,,,,其他,,,,,,,,
,,,,,,,,,,,,,,,,,,,,
,,,,,,,,,,,,,,,,,,,,
,,,,,,,,,,,,,,,,,,,,
,,,,,,,,,,,,,,,,,,,,
,,,,,,,,,,,,,,,,,,,,
,,,,,,,,,,,,,,,,,,,,
,,,,,,,,,,,,,,,,,,,,
,,,,,,,,,,,,,,,,,,,,
,,,,,,,,,,,,,,,,,,,,
,,,,,,,,,,,,,,,,,,,,
,,,,,,,,,,,,,,,,,,,,
,,,,,,,,,,,,,,,,,,,,
57.0,食品,冲调品,冲饮谷物,混合五谷粉,C,"定义
由两种或两种以上谷物（如黑米、红豆、薏米、燕麦）及杂粮，经烘烤、研磨后混合制成的粉末状冲调食品，用热水冲泡后可直接食用。产品强调多种原料的复合营养，口感通常为带有颗粒感的糊状，是传统养生观念下的便捷食品。

核心定义
混合五谷粉是指以多种谷物（如大米、小米、玉米、小麦、荞麦、燕麦、黑米等） 为主要原料，经清洗、烘焙、研磨、混合等工艺加工而成的粉末状食品。
需加热水或牛奶冲泡即可食用，也可作为辅食、早餐或配料。

核心特征
原料主体是谷物（≥2 种，通常≥3 种）；
形态为粉末（固体），可直接冲泡；
定位为早餐、辅食或营养补充。

一句话结论
混合五谷粉 = 2 种以上谷物原料 + 混合研磨工艺 + 冲调即食型杂粮食品。","1. 传统五谷混合粉（最主流）
五谷杂粮粉：大米 + 小米 + 玉米 + 小麦 + 荞麦；
五色杂粮粉：黑米 + 红米 + 小米 + 糙米 + 燕麦；
粗粮混合粉：玉米 + 小米 + 高粱 + 荞麦 + 燕麦片。
2. 药食同源 / 养生型五谷粉（谷物 + 药食同源）
红枣枸杞五谷粉：五谷 + 红枣 + 枸杞；
山药芡实五谷粉：五谷 + 山药 + 芡实（养胃）；
祛湿五谷粉：五谷 + 薏米 + 赤小豆 + 陈皮；
清火五谷粉：五谷 + 莲子 + 百合。
3. 坚果 / 坚果复配型五谷粉（五谷 + 坚果）
核桃芝麻五谷粉：五谷 + 核桃 + 黑芝麻；
杏仁五谷粉：五谷 + 杏仁；
腰果五谷粉：五谷 + 腰果。
4. 风味 / 调味型五谷粉（少量添加）
奶香五谷粉：五谷 + 植脂末 / 奶粉；
红枣五谷粉：五谷 + 红枣粉；
红糖五谷粉：五谷 + 红糖（甜味款）；
巧克力五谷粉：五谷 + 可可粉（风味添加）。
5. 早餐 / 代餐型五谷粉（方便即食）
即溶五谷粉：超细粉，开水一冲即食；
早餐五谷粉：搭配奶、蛋、水果食用；
代餐五谷粉：添加蛋白 / 膳食纤维 / 维矿，定位代餐。","❌ 1. 单一谷物粉（不是混合）
纯玉米粉、纯小米粉、纯大米粉、纯燕麦片；
❌ 2. 五谷粉做成的固体饮料（不是五谷主体）
五谷味固体饮料：以糖、植脂末、香精为主，五谷成分极少；
❌ 3. 纯芝麻糊 / 坚果糊（不是五谷主体）
纯黑芝麻糊、纯核桃糊；
❌ 4. 蛋白粉 / 代餐粉（蛋白含量过高）
乳清蛋白粉、大豆蛋白粉、代餐粉；
❌ 5. 保健品 / 药品类营养粉
蓝帽子保健五谷粉、五谷保健胶囊；
❌ 6. 宠物食品
宠物五谷粉、宠物营养粉；
❌ 7. 以五谷为配料的其他食品
五谷做成的果冻、五谷味饮料、五谷糕点；",南方,,,原味,袋装,无糖,,,,,,
,,,,,,,,,五谷磨房,,,黑芝麻味,罐装,含糖,,,,,,
,,,,,,,,,桂格,,,红枣味,盒装,,,,,,,
,,,,,,,,,西麦,,,核桃味,桶装,,,,,,,
,,,,,,,,,雅士利,,,红豆薏米味,其他,,,,,,,
,,,,,,,,,,,,山药味,,,,,,,,
,,,,,,,,,,,,紫薯味,,,,,,,,
,,,,,,,,,,,,椰香味,,,,,,,,
,,,,,,,,,,,,抹茶味,,,,,,,,
,,,,,,,,,,,,其他,,,,,,,,
,,,,,,,,,,,,,,,,,,,,
,,,,,,,,,,,,,,,,,,,,
,,,,,,,,,,,,,,,,,,,,
,,,,,,,,,,,,,,,,,,,,
,,,,,,,,,,,,,,,,,,,,
,,,,,,,,,,,,,,,,,,,,
,,,,,,,,,,,,,,,,,,,,
,,,,,,,,,,,,,,,,,,,,
,,,,,,,,,,,,,,,,,,,,
,,,,,,,,,,,,,,,,,,,,
,,,,,,,,,,,,,,,,,,,,
,,,,,,,,,,,,,,,,,,,,
58.0,食品,冲调品,冲饮谷物,藕粉,B,"定义：以莲藕为原料，经清洗、磨碎、过滤、沉淀、干燥等工艺提取制成的纯淀粉制品，呈白色或微红色粉末状，用热水冲调后可形成透明或半透明的凝胶状糊体。产品本身味道清淡，常需额外添加糖或干果调味，是一种传统的冲调淀粉类食品。

核心定义
藕粉是指以鲜藕（莲藕）为主要原料，经清洗、粉碎、过滤、沉淀、干燥等工艺提取淀粉制成的粉末状淀粉类食品。
核心特征
原料为莲藕（核心成分是莲藕淀粉）；
形态为白色或微红色粉末（固体），遇热变糊；
核心功能是传统早餐、养胃或作为甜品配料，粘稠滑嫩。

一句话结论
藕粉 = 莲藕提取淀粉 + 干燥工艺 + 热冲 / 熬煮成糊状食品。","1. 纯藕粉（原料唯一，最正统）
纯莲藕粉：100% 莲藕淀粉，无其他添加；
红藕粉：原料为红莲藕，色泽微红，风味更浓；
白藕粉：原料为白莲藕，色泽洁白，口感清爽。
2. 坚果 / 果干复配藕粉（藕粉 + 配料）
桂花藕粉：藕粉 + 干桂花（最经典风味）；
红枣枸杞藕粉：藕粉 + 红枣 / 枸杞干（养生款）；
坚果藕粉：藕粉 + 核桃仁 / 杏仁 / 腰果（营养款）；
水果藕粉：藕粉 + 草莓 / 蔓越莓 / 芒果干（风味款）。
3. 风味 / 调味藕粉（少量添加）
原味藕粉：无蔗糖 / 少糖，突出藕本味；
甜味藕粉：加蔗糖 / 冰糖 / 麦芽糖浆，传统甜口；
奶香藕粉：加植脂末 / 奶粉（需注意是否含奶成分）；
速溶藕粉：超细粉，开水一冲即溶，无需熬煮。
4. 即食 / 碗装藕粉（方便即食）
杯装 / 碗装即食藕粉：内部已预调粉末或糊状，开水冲泡 3-5 分钟即可；
独立小包装藕粉：单次食用量，方便携带。","❌ 1. 莲藕原料 / 未加工品
新鲜莲藕、莲藕片、莲藕干（干货）；
❌ 2. 藕粉味固体饮料（不是藕粉主体）
藕粉味固体饮料：以糖、植脂末、香精为主，藕粉成分极少；
藕粉味奶茶粉：藕粉风味 + 奶茶基底；
❌ 3. 其他淀粉类冲调粉（原料不同）
葛根粉、山药粉、红薯粉、木薯粉；
❌ 4. 以藕粉为配料的其他食品
藕粉做成的糕点、藕粉果冻、藕粉饮品；
❌ 5. 保健品 / 药品类藕制品
蓝帽子保健藕粉、藕提取物胶囊；
❌ 6. 宠物食品
宠物藕粉 / 藕零食；",天堂,,,原味,袋装,无糖,,,,,,
,,,,,,,,,三家村,,,桂花味,罐装,含糖,,,,,,
,,,,,,,,,知味观,,,红枣味,盒装,,,,,,,
,,,,,,,,,万隆,,,冰糖味,其他,,,,,,,
,,,,,,,,,采芝斋,,,蜂蜜味,,,,,,,,
,,,,,,,,,,,,坚果味,,,,,,,,
,,,,,,,,,,,,水果味,,,,,,,,
,,,,,,,,,,,,其他,,,,,,,,
,,,,,,,,,,,,,,,,,,,,
,,,,,,,,,,,,,,,,,,,,
,,,,,,,,,,,,,,,,,,,,
,,,,,,,,,,,,,,,,,,,,
,,,,,,,,,,,,,,,,,,,,
,,,,,,,,,,,,,,,,,,,,
,,,,,,,,,,,,,,,,,,,,
,,,,,,,,,,,,,,,,,,,,
,,,,,,,,,,,,,,,,,,,,
,,,,,,,,,,,,,,,,,,,,
,,,,,,,,,,,,,,,,,,,,
,,,,,,,,,,,,,,,,,,,,
,,,,,,,,,,,,,,,,,,,,
,,,,,,,,,,,,,,,,,,,,
59.0,食品,冲调品,冲饮谷物,豆奶粉/豆浆粉,B,"定义：以大豆和牛奶（或奶粉）为主要原料，经混合、均质、杀菌、喷雾干燥等工艺制成的固体饮料冲调剂，用热水冲泡后即可饮用。产品兼具豆浆风味与奶香，口感顺滑，营养较单一豆浆粉更为全面，常见袋装或罐装形式。

核心定义
豆奶粉 / 豆浆粉是指以大豆（黄豆 / 黑豆 / 青豆） 为主要原料，经脱皮、脱腥、研磨、过滤、煮沸、浓缩、干燥等工艺制成的粉末状食品。

核心特征
原料主体是大豆（核心成分为大豆蛋白）；
形态为粉末（固体），遇热水冲泡成液；
定位为早餐、营养补充，含丰富植物蛋白。

一句话结论
豆奶粉 / 豆浆粉 = 大豆原料 + 提取干燥工艺 + 冲调即饮型植物蛋白食品。","1. 纯豆浆粉（无添加 / 少添加，最正统）
纯黄豆豆浆粉：100% 大豆粉，无蔗糖 / 少糖；
纯黑豆豆浆粉：黑豆为原料，花青素丰富；
纯青豆豆浆粉：青豆为原料，清爽风味；
无糖 / 低糖豆浆粉：突出豆原本味，健康款。
2. 豆奶粉（大豆 + 奶 / 奶精复配）
全脂豆奶粉：大豆 + 全脂奶粉；
脱脂豆奶粉：大豆 + 脱脂奶粉（低脂高蛋白）；
植脂末豆奶粉：大豆 + 植脂末 / 奶精（奶香浓郁，速溶款）；
多维豆奶粉：大豆 + 奶 + 维生素 / 矿物质强化。
3. 风味型豆奶粉 / 豆浆粉（少量添加）
红枣黑豆豆浆粉：大豆 + 红枣干 / 粉；
核桃芝麻豆浆粉：大豆 + 核桃 / 芝麻（香气温润）；
燕麦豆浆粉：大豆 + 燕麦片 / 粉（饱腹款）；
红糖豆浆粉：大豆 + 红糖 / 糖浆（甜味早餐）；
抹茶 / 巧克力豆浆粉：风味添加，不掩盖豆味。
4. 功能性 / 特殊人群款
高纤豆浆粉：添加膳食纤维（通便 / 控糖）；
中老年豆浆粉：低钠 / 高钙 / 易吸收配方；
儿童成长豆浆粉：添加钙、铁、锌、维生素；
减肥 / 控卡豆浆粉：低卡 / 高蛋白 / 0 蔗糖。
5. 即食 / 组合装
独立小袋装豆浆粉：单次冲泡量，方便携带；
杯装即食豆浆粉：配糖包 / 奶包，便利店热销。","❌ 1. 大豆原料 / 未加工品
干黄豆、黑豆、青豆、大豆粕；
❌ 2. 液态豆浆 / 即饮豆奶（非粉末）
瓶装 / 盒装 / 罐装鲜豆浆、即饮豆奶；
❌ 3. 豆味固体饮料（不是大豆主体）
豆味固体饮料：以糖、植脂末、香精为主，大豆成分极少；
豆味奶茶粉：豆味 + 奶茶基底；
❌ 4. 纯蛋白粉 / 代餐粉（蛋白含量过高）
大豆蛋白粉（蛋白≥50%）、分离大豆蛋白；
代餐粉（含完整营养均衡结构）；
❌ 5. 豆制品 / 其他大豆制品
豆腐、腐竹、豆干、豆皮、纳豆；
❌ 6. 保健品 / 药品类大豆制品
蓝帽子保健豆浆粉、大豆异黄酮胶囊；
❌ 7. 宠物食品
宠物豆奶粉 / 豆浆零食；",维维,,,原味,袋装,无糖,,,,,,
,,,,,,,,,永和,,,香草味,罐装,含糖,,,,,,
,,,,,,,,,统一,,,巧克力味,盒装,,,,,,,
,,,,,,,,,康师傅,,,麦香味,其他,,,,,,,
,,,,,,,,,伊利,,,核桃味,,,,,,,,
,,,,,,,,,,,,红枣味,,,,,,,,
,,,,,,,,,,,,其他,,,,,,,,
,,,,,,,,,,,,,,,,,,,,
,,,,,,,,,,,,,,,,,,,,
,,,,,,,,,,,,,,,,,,,,
,,,,,,,,,,,,,,,,,,,,
,,,,,,,,,,,,,,,,,,,,
,,,,,,,,,,,,,,,,,,,,
,,,,,,,,,,,,,,,,,,,,
,,,,,,,,,,,,,,,,,,,,
,,,,,,,,,,,,,,,,,,,,
,,,,,,,,,,,,,,,,,,,,
,,,,,,,,,,,,,,,,,,,,
,,,,,,,,,,,,,,,,,,,,
,,,,,,,,,,,,,,,,,,,,
,,,,,,,,,,,,,,,,,,,,
,,,,,,,,,,,,,,,,,,,,
60.0,食品,冲调品,冲饮谷物,米糊,C,"核心定义
米糊是指以大米（含全谷物、小米、糙米、黑米等米类原料） 为主要原料，经浸泡、磨浆、蒸煮、干燥等工艺制成的糊状或粉末状米制品。
 
核心特征
原料主体是米类（核心成分为大米淀粉 / 谷物蛋白）；
形态为粉末或糊状（固体 / 半固态），需温水冲调 / 加热熬煮；
定位为早餐、辅食、营养补充或病后康复食品，易消化、易吸收。

一句话结论
米糊 = 米类原料 + 磨浆糊化工艺 + 冲调型易消化米制品","1. 纯米糊（无添加 / 少添加，基础款）
纯大米糊：100% 大米磨浆，无其他配料，突出米香纯正；
小米糊 / 糙米糊 / 黑米糊：以全谷物米类为原料，保留更多膳食纤维；
无糖 / 低糖米糊：无额外调味，突出米原本味道，健康属性强。
2. 营养强化 / 功能型米糊
高钙米糊：添加钙元素，适合中老年 / 儿童；
高纤米糊：添加膳食纤维、益生元，适配控糖 / 通便需求；
多维米糊：添加维生素（B 族、A、E 等）、矿物质，强化营养。
3. 风味 / 复配米糊（主流热销款）
红枣米糊：大米 + 红枣，补气血、暖身；
核桃芝麻米糊：大米 + 核桃 + 芝麻，香浓饱腹；
南瓜 / 山药米糊：大米 + 果蔬 / 根茎类，口感顺滑，清甜款；
杂粮米糊：大米 + 小米 / 燕麦 / 藜麦等，丰富营养。
4. 特殊人群专用米糊
婴儿米糊：婴幼儿辅食专用，大米 + 钙 / 铁 / 锌 / 维生素强化，细腻易吸收；
中老年米糊：低钠、高营养，适配牙口不好人群；
控糖 / 低脂米糊：0 蔗糖、低 GI，适配减脂 / 控糖人群。","❌ 1. 纯米原料 / 未加工品
生大米、糙米、小米、黑米、大米碎；
❌ 2. 液态 / 即饮型米制品
瓶装鲜米浆、现熬米粥、粥铺即食米饮；
❌ 3. 米粉（形态不同）
干米粉、鲜湿米粉、河粉、米线；
❌ 4. 非米类主体的谷物粉
五谷粉（以杂粮 / 豆类为主）、淀粉类冲调粉；
❌ 5. 以米糊为配料的其他加工品
米糊糕点、米糊果冻、米糊零食；
❌ 6. 保健品 / 药品类米制品
含保健功能的米糊、米提取物胶囊；",亨氏,,,原味,盒装,无糖,,,,,,
,,,,,,,,,嘉宝,,,胡萝卜味,罐装,含糖,,,,,,
,,,,,,,,,贝因美,,,南瓜味,袋装,,,,,,,
,,,,,,,,,完达山,,,菠菜味,其他,,,,,,,
,,,,,,,,,伊利,,,猪肝味,,,,,,,,
,,,,,,,,,,,,牛肉味,,,,,,,,
,,,,,,,,,,,,三文鱼味,,,,,,,,
,,,,,,,,,,,,混合蔬菜味,,,,,,,,
,,,,,,,,,,,,酱香味,,,,,,,,
,,,,,,,,,,,,其他,,,,,,,,
,,,,,,,,,,,,,,,,,,,,
,,,,,,,,,,,,,,,,,,,,
,,,,,,,,,,,,,,,,,,,,
,,,,,,,,,,,,,,,,,,,,
,,,,,,,,,,,,,,,,,,,,
,,,,,,,,,,,,,,,,,,,,
,,,,,,,,,,,,,,,,,,,,
,,,,,,,,,,,,,,,,,,,,
,,,,,,,,,,,,,,,,,,,,
,,,,,,,,,,,,,,,,,,,,
,,,,,,,,,,,,,,,,,,,,
,,,,,,,,,,,,,,,,,,,,
61.0,食品,冲调品,冲饮谷物,核桃粉,C,"定义：以核桃仁为主要原料，经烘烤、研磨后与糖、麦芽糊精等辅料混合制成的粉末状冲调饮品，用热水冲泡后形成带有核桃颗粒感的糊状或乳状液体。产品具有核桃特有的香气和风味，常作为营养补充饮品，市面上多为罐装或独立小包装。

核心定义
以核桃仁为主要原料，可搭配麦芽糊精等辅料，经水提取、浓缩、干燥、粉碎等工艺制成，水分≤5% 的粉末状固态制品，供冲调饮用。行业企标常要求核桃仁含量≥30%。

快速判断要点
形态：粉末状固态 vs 乳状液态（乳 / 露）、整颗原果（坚果）。
工艺：干燥粉碎成粉 vs 调配杀菌成乳、直接食用原果。
标准：优先看标签，固体饮料类多标注 GB/T 29602 或 GB 7101。","1. 纯核桃粉：以核桃仁为唯一原料，无额外添加。
2. 复合核桃粉：添加芝麻、花生、杏仁等其他坚果 / 谷物。
3. 调味核桃粉：添加糖、植脂末、香精等改善风味。
4. 速溶核桃粉：采用喷雾干燥工艺，速溶性好、冲调便捷。
5. 固体饮料类核桃粉：市场主流形态，执行固体饮料标准。
6. 工业级核桃粉：用作食品配料，用于烘焙、饮品等加工。","1. 核桃乳 / 核桃露：乳状液态植物蛋白饮料，执行 GB 16322 或 GB/T 31325。
2. 核桃坚果 / 核桃仁：整颗或去壳原果，属坚果炒货类。
3. 核桃油：液态油脂，执行植物油相关标准。
4. 核桃蛋白粉：高纯度蛋白制品，属蛋白类原料。
5. 婴幼儿配方食品：属特殊食品，与普通核桃粉监管体系不同。
6. 含乳饮品：配料首位为乳类，与核桃粉原料属性不同。",南方,,,原味,罐装,无糖,,,,,,
,,,,,,,,,五谷磨房,,,甜味,袋装,含糖,,,,,,
,,,,,,,,,桂格,,,无糖,盒装,,,,,,,
,,,,,,,,,西麦,,,红枣味,,,,,,,,
,,,,,,,,,雅士利,,,黑芝麻味,,,,,,,,
,,,,,,,,,,,,其他,,,,,,,,
,,,,,,,,,,,,,,,,,,,,
,,,,,,,,,,,,,,,,,,,,
,,,,,,,,,,,,,,,,,,,,
,,,,,,,,,,,,,,,,,,,,
,,,,,,,,,,,,,,,,,,,,
,,,,,,,,,,,,,,,,,,,,
,,,,,,,,,,,,,,,,,,,,
,,,,,,,,,,,,,,,,,,,,
,,,,,,,,,,,,,,,,,,,,
,,,,,,,,,,,,,,,,,,,,
,,,,,,,,,,,,,,,,,,,,
,,,,,,,,,,,,,,,,,,,,
,,,,,,,,,,,,,,,,,,,,
,,,,,,,,,,,,,,,,,,,,
,,,,,,,,,,,,,,,,,,,,
,,,,,,,,,,,,,,,,,,,,
62.0,食品,冲调品,冲饮谷物,其他冲饮谷物,,"定义
以非指定谷物 / 淀粉质原料为主，经熟制 / 干燥制成，可简单冲调或加热后食用的粉末 / 颗粒状食品，归为冲调谷物制品（GB 19640），冲调后呈黏稠或固液混合状，不属固体饮料（GB/T 29602）。

快速判定清单
看标准：执行 GB 19640 为冲调谷物制品；执行 GB/T 29602 为固体饮料 
看形态：冲调后黏稠 / 有颗粒为谷物制品；清澈可溶为固体饮料
看配料：基底为非指定谷物 / 淀粉，且不属已排除品类","1. 杂粮粉 / 糊：小米粉、薏米粉、紫米粉、黑米粉、红豆粉、绿豆粉、杂豆糊等
2. 根茎淀粉粉：山药粉、葛根粉、芋头粉、菱角粉、芡实粉等
3. 复合谷物粉：以非指定谷物为基底，搭配少量非指定坚果 / 果蔬的混合粉
4. 谷物羹：如山药玉米羹、南瓜谷物羹等
5. 谷物粥粉：预熟制的谷物粥粉（非即食液态粥","麦片、谷物早餐：属即食谷物（06.06），不在本范畴
代餐粉：属特殊用途或风味固体饮料，不适用冲调谷物制品标准
芝麻糊、混合五谷粉、藕粉、豆奶粉 / 豆浆粉、米糊、核桃粉：已明确排除进出口食品安全局
谷物固体饮料：粉末、速溶、冲调后清澈，属固体饮料（14.06）
谷物乳 / 露：液态植物蛋白饮料，执行 GB 16322/GB/T 31322
谷物坚果粉（含芝麻 / 核桃）：芝麻糊、核桃粉等已排除，其复合制品亦不纳入
焙烤谷物粉：如烘焙燕麦粉，属焙烤食品（07）
婴幼儿谷物粉：属特殊膳食，不适用普通冲调谷物制品标准",杏仁粉,,,,,,,,,,,
,,,,,,,,,南方黑芝麻,,,原味,袋装,,,,,,,
,,,,,,,,,桂格,,,甜味,条装 / 独立小袋装,,,,,,,
,,,,,,,,,五谷磨房,,,无糖,罐装,,,,,,,
,,,,,,,,,燕之坊,,,红枣味,瓶装,,,,,,,
,,,,,,,,,同仁堂,,,桂花味,纸盒装,,,,,,,
,,,,,,,,,福东海,,,蜂蜜味,桶装,,,,,,,
,,,,,,,,,半山农,,,椰香味,礼盒装,,,,,,,
,,,,,,,,,方家铺子,,,牛奶味,组合装,,,,,,,
,,,,,,,,,绿帝,,,五谷香,,,,,,,,
,,,,,,,,,盛耳,,,草本味,,,,,,,,
,,,,,,,,,十月稻田,,,,,,,,,,,
,,,,,,,,,柴火大院,,,,,,,,,,,
,,,,,,,,,西麦,,,,,,,,,,,
,,,,,,,,,益汇坊,,,,,,,,,,,
,,,,,,,,,乐食麦,,,,,,,,,,,
,,,,,,,,,,,,,,,,,,,,
,,,,,,,,,,,,,,,,,,,,
,,,,,,,,,,,,,,,,,,,,
,,,,,,,,,,,,,,,,,,,,
,,,,,,,,,,,,,,,,,,,,
,,,,,,,,,,,,,,,,,,,,
63.0,食品,冲调品,麦乳精,麦乳精,C,"定义
一种以麦芽提取物、乳粉和糖为主要原料，经混合、干燥制成的速溶性固体饮料，呈浅棕色颗粒状或粉末状，具有麦芽的焦香风味和乳制品的醇厚口感。产品通常用热水或热牛奶冲调后饮用，也可作为烘焙或食品加工的辅料，常见于罐装或袋装包装，属于传统营养型冲调饮品。

核心定义
麦乳精是蛋白固体饮料（食品分类号 14.06.01），以麦芽（或麦精 / 麦芽提取物）、乳类（乳粉 / 炼乳等）、糖类为主要原料，可添加可可粉、蛋黄粉、营养强化剂等辅料，经调配、浓缩、干燥（多为喷雾干燥）制成的粉末 / 颗粒状制品。冲调后呈乳浊液状，具有典型的麦香与奶香复合风味，执行标准为 GB/T 29602《固体饮料》。

快速判定清单
看分类：标签标注 “蛋白固体饮料”，执行 GB/T 29602
看原料：配料含 “麦芽 / 麦精”+“乳粉 / 炼乳”，且非以谷物为主体
看形态：粉末 / 颗粒、冲调后乳浊、非液态乳 / 整颗谷物","1. 按风味：经典原味麦乳精、可可型麦乳精（可可粉添加量约 8%）、巧克力 / 咖啡风味麦乳精
2. 按功能：普通营养型、营养强化型（加维生素 / 矿物质 / 益生元）、无蔗糖型、高钙型、儿童 / 中老年专用型
3. 按形态：速溶粉末 / 颗粒麦乳精、罐装 / 袋装麦乳精
典型代表：乐口福、阿华田（配方结构相近，同属固体饮料范畴）","1. 非固体饮料类：
冲调谷物制品（GB 19640）：如麦片、米糊、藕粉，主体为谷物且不属蛋白固体饮料
乳粉 / 调制乳粉（GB 19644）：乳固体含量≥70%，与麦乳精主体结构不同
谷物乳 / 核桃露等植物蛋白饮料（GB 16322/GB/T 31322）：液态、无乳成分
2. 非麦乳精类固体饮料：
豆奶粉 / 豆浆粉：主体为大豆，不含麦芽核心成分
芝麻糊、核桃粉：已明确排除，其复合制品亦不纳入
果味固体饮料：无麦芽、乳类核心原料
3. 其他：
含乳饮料（GB/T 21732）：液态，执行饮料标准而非固体饮料
代餐粉：属特殊用途食品，不适用固体饮料分类
婴幼儿配方食品：特殊膳食，监管体系不同",,,,原味,罐装,无糖,,,,,,
,,,,,,,,,雀巢,,,巧克力味,袋装,含糖,,,,,,
,,,,,,,,,麦乳精,,,奶香味,盒装,,,,,,,
,,,,,,,,,南方,,,麦香味,,,,,,,,
,,,,,,,,,雅士利,,,可可味,,,,,,,,
,,,,,,,,,,,,低糖味,,,,,,,,
,,,,,,,,,,,,其他,,,,,,,,
,,,,,,,,,,,,,,,,,,,,
,,,,,,,,,,,,,,,,,,,,
,,,,,,,,,,,,,,,,,,,,
,,,,,,,,,,,,,,,,,,,,
,,,,,,,,,,,,,,,,,,,,
,,,,,,,,,,,,,,,,,,,,
,,,,,,,,,,,,,,,,,,,,
,,,,,,,,,,,,,,,,,,,,
,,,,,,,,,,,,,,,,,,,,
,,,,,,,,,,,,,,,,,,,,
,,,,,,,,,,,,,,,,,,,,
,,,,,,,,,,,,,,,,,,,,
,,,,,,,,,,,,,,,,,,,,
,,,,,,,,,,,,,,,,,,,,
,,,,,,,,,,,,,,,,,,,,
64.0,食品,冲调品,浓缩/固体果汁,浓缩/固体果汁,C,"定义
指通过物理或工业方法去除新鲜果汁中大部分水分，以延长保质期、便于储存和运输的果汁制品，其形态包括高浓度液体、膏状或固体粉末。该类产品通常不能直接饮用，需按比例加水稀释或冲调还原后方可饮用，广泛应用于餐饮原料、家庭冲调饮品及食品加工行业。

核心定义
浓缩 / 固体果汁是指100% 纯果汁制品，采用物理方法（如反渗透、浓缩、喷雾干燥）去除果汁中部分或全部水分而成的产品。它的本质是水果的浓缩汁液，不添加糖、香精、色素等非果汁原料。

快速判定清单 
看配料：配料表仅有水果 / 浆果 / 果汁 / 果肉，无蔗糖、果葡糖浆、香精、色素等添加。
看标准：执行 GB/T 24154。
看形态：液态、高浓度（>60°Brix）","1. 单水果浓缩汁
橙汁浓缩汁
苹果浓缩汁
葡萄浓缩汁
西柚浓缩汁
菠萝浓缩汁
桃浓缩汁
梨浓缩汁
2. 多水果复合浓缩汁
复合果蔬浓缩汁
热带水果浓缩汁（芒果 + 菠萝 + 橙）
混合果汁浓缩浆
3. 高可溶性固形物（SS）含量的果汁浓浆
如 Brix（可溶性固形物）40°Bx、60°Bx、70°Bx 的浓缩汁
常见于饮料工厂、餐饮供应链
4. 工业用 / 饮料厂用原料果汁
作为复原果汁、饮料生产的基础原料
超市冷链常见的 100% 果汁浓缩浆也属此类","1. 固体果汁（果汁粉、果汁果粉）
如橙汁粉、苹果果粉
已脱水成粉，本质是固体饮料
2. 冲饮果汁（果汁型固体饮料）
由果汁粉冲调而成
属固体饮料，不是液态浓缩汁
3. 果味型固体饮料（香精调味的假果汁粉）
柠檬味果汁粉、草莓味果汁粉
以糖、香精、麦芽糊精为主
4. 液态即饮果汁（非浓缩型）
普通瓶装果汁（如 100% 橙汁）
复原果汁（由浓缩汁 + 水复原而成的成品饮料）
5. 果汁浓浆 / 果汁膏
如酸梅膏、浓缩梨膏
虽为浓缩，但非真正果汁原汁浓缩
6. 水果提取物 / 水果香氛液
仅提取风味，无真实果汁成分
如香精液、水果风味浓缩液
7. 果蔬粉、蔬菜汁粉
菠菜粉、胡萝卜粉等
属植物基粉，不是果汁",果珍,,,橙味,袋装（粉剂/膏状）,无糖,,,,,,
,,,,,,,,,卡夫,,,苹果味,瓶装（浓缩液）,含糖,,,,,,
,,,,,,,,,雀巢,,,柠檬味,罐装（浓缩液/膏状）,,,,,,,
,,,,,,,,,统一,,,葡萄味,桶装（餐饮大包装）,,,,,,,
,,,,,,,,,康师傅,,,芒果味,盒装（独立小条/块）,,,,,,,
,,,,,,,,,,,,菠萝味,铝箔袋,,,,,,,
,,,,,,,,,,,,水蜜桃味,其他,,,,,,,
,,,,,,,,,,,,蓝莓味,,,,,,,,
,,,,,,,,,,,,草莓味,,,,,,,,
,,,,,,,,,,,,混合水果味,,,,,,,,
,,,,,,,,,,,,西柚味,,,,,,,,
,,,,,,,,,,,,百香果味,,,,,,,,
,,,,,,,,,,,,山楂味,,,,,,,,
,,,,,,,,,,,,其他,,,,,,,,
,,,,,,,,,,,,,,,,,,,,
,,,,,,,,,,,,,,,,,,,,
,,,,,,,,,,,,,,,,,,,,
,,,,,,,,,,,,,,,,,,,,
,,,,,,,,,,,,,,,,,,,,
,,,,,,,,,,,,,,,,,,,,
,,,,,,,,,,,,,,,,,,,,
,,,,,,,,,,,,,,,,,,,,
65.0,食品,冲调品,冲饮果汁/粉,冲饮果汁,C,"定义
以水果、植物提取物或其他可食用原料制成的冲调型饮品粉末或颗粒，需加水溶解后饮用；产品形态包括速溶粉、冻干粉或结晶颗粒，包装形式涵盖袋装、罐装或礼盒装，涵盖如芒果粉、蓝莓粉、复合果蔬粉等小众或功能性冲饮产品。

核心定义
冲饮果汁是指以水果或其浓缩原浆为主要原料，经加工制成粉末状、颗粒状或块状的固态制品，需加水冲调后饮用，成品水分含量通常不高于 5%。依据GB/T 29602-2013《固体饮料》，它属于果香型固体饮料下的果汁型固体饮料。

快速判定要点
形态： 粉末 / 颗粒 / 块状  
食用方式： 加水冲调后饮用  
执行标准： GB/T 29602（固体饮料） 
果汁含量： 通常含一定比例果汁 / 浓缩汁","1. 纯果汁型冲饮：以纯果汁或浓缩果汁为主要原料制成的果粉 / 颗粒，如橙汁粉、苹果汁粉、西柚果粉
2. 复合果蔬冲饮：多种水果 / 果蔬复合制成的固体饮品，如复合莓果粉、胡萝卜苹果汁粉
3. 含果肉冲饮：添加天然果肉纤维的固体制品，如橙肉粉、芒果肉粉
4. 功能强化冲饮：在果汁粉基础上添加维生素、矿物质等的制品，如维 C 果汁粉","1. 果味型固体饮料：仅含少量或不含果汁，主要靠香精调味的果味粉（如仅柠檬味不含柠檬果汁的果粉）
2. 液态果汁饮料：直接饮用的瓶装 / 罐装果汁、果汁饮料、NFC 果汁、复原果汁等
3. 碳酸类果汁制品：果汁汽水、果味气泡水等碳酸饮料安阳市市场监督管理局
4. 果汁味糖果 / 零食：果汁软糖、果汁果冻、果汁味糖果等非冲调食品
5. 茶 / 咖啡类固体饮料：速溶茶粉、咖啡粉等，即使含水果风味也不属于冲饮果汁
6. 果汁含量 < 5% 的果味饮料：仅用香精调香的液态饮料，不能称为果汁类饮品",果珍,,,芒果味,袋装,无糖,,,,,,
,,,,,,,,,卡夫,,,蓝莓味,罐装,含糖,,,,,,
,,,,,,,,,雀巢,,,草莓味,条包,,,,,,,
,,,,,,,,,统一,,,橙子味,盒装,,,,,,,
,,,,,,,,,康师傅,,,苹果味,其他,,,,,,,
,,,,,,,,,,,,百香果味,,,,,,,,
,,,,,,,,,,,,水蜜桃味,,,,,,,,
,,,,,,,,,,,,柠檬味,,,,,,,,
,,,,,,,,,,,,西柚味,,,,,,,,
,,,,,,,,,,,,复合果蔬味,,,,,,,,
,,,,,,,,,,,,其他,,,,,,,,
,,,,,,,,,,,,,,,,,,,,
,,,,,,,,,,,,,,,,,,,,
,,,,,,,,,,,,,,,,,,,,
,,,,,,,,,,,,,,,,,,,,
,,,,,,,,,,,,,,,,,,,,
,,,,,,,,,,,,,,,,,,,,
,,,,,,,,,,,,,,,,,,,,
,,,,,,,,,,,,,,,,,,,,
,,,,,,,,,,,,,,,,,,,,
,,,,,,,,,,,,,,,,,,,,
,,,,,,,,,,,,,,,,,,,,
66.0,食品,冲调品,冲饮果汁/粉,椰子粉,C,"定义
以椰肉为原料经脱水、研磨制成的细粉状冲调食品，富含膳食纤维及多种微量元素，可直接用热水或牛奶冲泡成椰奶状饮品，也可用于烘焙或调味；产品通常不含乳制品，部分配方添加糖或植脂末，包装形式多为密封袋装或罐装，常见于热带风味饮料及东南亚食品类别。

核心定义
椰子粉（Coconut Powder）是指以椰子肉（或椰子原浆）为主要原料，经压榨、提取、脱水、干燥等工艺加工制成的粉末状制品。根据原料的不同，通常分为纯椰子粉和椰子味固体饮料两大类。","1. 纯椰子粉 (Pure Coconut Powder)
原料：100% 纯椰子肉或椰子原浆。
特征：不添加其他辅料、香精或防腐剂。配料表通常只有 “椰子肉” 或 “椰子浆”。
形态：通常呈乳白色或淡黄色粉末，油脂含量较高（因椰子本身富含脂肪），具有天然的浓郁椰香。

2. 复合椰子粉 / 配方椰子粉 (Formulated Coconut Powder)
原料：以椰子粉为基底，添加白砂糖、植脂末、乳粉、麦芽糊精等。
特征：为了调整口感、溶解度或降低成本，进行了配方调配。市面上大部分用于冲饮的 “椰子粉” 都属于此类。","1. 椰子水粉 (Coconut Water Powder)
区别：原料为椰子水（液体），而非椰子肉。主要成分是碳水化合物和矿物质，属于天然果蔬粉，与以椰子肉为原料的椰子粉营养成分、风味差异巨大。
2. 椰浆粉 (Coconut Cream Powder)
区别：主要用于烘焙或烹饪（如咖喱粉），脂肪含量通常比普通椰子粉更高，工艺侧重乳化和增稠，非直接饮用的冲调饮品。
3. 椰子味固体饮料 (Coconut-flavored Drink Mix)
区别：这是你之前问到的品类。它不以椰子粉为主要原料，而是以糖、植脂末、奶精为主，添加椰子香精制成。虽然喝起来有椰子味，但本质是风味饮料，原料层级远低于纯椰子粉。
4. 其他仿制品
如使用椰子香精 + 淀粉制成的廉价填充粉，或仅添加微量椰子成分的调香粉，均不具备纯正椰子粉的定义。",南国,,,原味,袋装,无糖,,,,,,
,,,,,,,,,春光,,,甜味,罐装,含糖,,,,,,
,,,,,,,,,统一,,,无糖,条包,,,,,,,
,,,,,,,,,康师傅,,,椰奶味,盒装,,,,,,,
,,,,,,,,,雀巢,,,香草味,其他,,,,,,,
,,,,,,,,,,,,巧克力味,,,,,,,,
,,,,,,,,,,,,其他,,,,,,,,
,,,,,,,,,,,,,,,,,,,,
,,,,,,,,,,,,,,,,,,,,
,,,,,,,,,,,,,,,,,,,,
,,,,,,,,,,,,,,,,,,,,
,,,,,,,,,,,,,,,,,,,,
,,,,,,,,,,,,,,,,,,,,
,,,,,,,,,,,,,,,,,,,,
,,,,,,,,,,,,,,,,,,,,
,,,,,,,,,,,,,,,,,,,,
,,,,,,,,,,,,,,,,,,,,
,,,,,,,,,,,,,,,,,,,,
,,,,,,,,,,,,,,,,,,,,
,,,,,,,,,,,,,,,,,,,,
,,,,,,,,,,,,,,,,,,,,
,,,,,,,,,,,,,,,,,,,,
67.0,食品,冲调品,冲饮果汁/粉,酸梅粉,C,"定义
以乌梅、山楂等为主要原料，经熬煮、浓缩、干燥制成的酸味冲调粉末，需加水溶解后饮用；产品呈棕褐色细粉状，常含甘草、桂花等调味成分及少量盐分，包装多为小袋或条状，传统上作为消暑解渴的酸甜风味饮料。

核心定义
酸梅粉是指以乌梅、山楂、甘草等传统酸梅汤原料为基底，经提取、浓缩、干燥制成的固态粉末饮料。","1. 传统工艺酸梅粉 (Traditional Sour Plum Powder)
原料：以乌梅、山楂、甘草、陈皮、冰糖等真实食材为原料提取浓缩。
特征：配料表首位通常为乌梅粉 / 乌梅浓缩汁粉或冰糖，成分天然，具有真实的草本酸梅香。

2. 果味型酸梅粉 (Flavored Sour Plum Powder)
原料：以白砂糖、麦芽糊精、酸梅粉为主要原料，额外添加酸梅香精。
特征：为了增强风味或降低成本，人工强化了酸味和果香，闻起来香气更刺鼻浓郁。","1. 酸梅汤固体饮料 (Sour Plum Soup Drink Mix)
区别：这是更广泛的类目。酸梅粉是其核心成分，但市面上的 “酸梅汤固体饮料” 可能还混合了果粉、香精等，本质上是复合固体饮料。

2. 酸梅味糖果 / 蜜饯
区别：如酸梅糖、酸梅丹、话梅肉等。这是直接食用的零食，而非冲调饮品，形态归属为糖果 / 蜜饯类。

3. 酸梅味调味粉
区别：如撒在水果上的酸梅粉、烧烤用的酸梅撒料。这属于调味品 / 香辛料，其配方含大量食盐、辣椒素等，不适作为饮料冲饮。

4. 浓缩酸梅膏 (Concentrated Syrup)
区别：形态为浓稠膏状（流体），而非粉末。虽然都是浓缩品，但执行标准和形态完全不同，属于果汁浓浆类。",信远斋,,,经典酸甜味,条状袋装,无糖,,,,,,
,,,,,,,,,九龙斋,,,桂花味,罐装,含糖,,,,,,
,,,,,,,,,统一,,,甘草味,盒装,,,,,,,
,,,,,,,,,康师傅,,,陈皮味,桶装,,,,,,,
,,,,,,,,,雀巢,,,乌梅原味,其他,,,,,,,
,,,,,,,,,,,,山楂味,,,,,,,,
,,,,,,,,,,,,冰糖味,,,,,,,,
,,,,,,,,,,,,盐渍味,,,,,,,,
,,,,,,,,,,,,其他,,,,,,,,
,,,,,,,,,,,,,,,,,,,,
,,,,,,,,,,,,,,,,,,,,
,,,,,,,,,,,,,,,,,,,,
,,,,,,,,,,,,,,,,,,,,
,,,,,,,,,,,,,,,,,,,,
,,,,,,,,,,,,,,,,,,,,
,,,,,,,,,,,,,,,,,,,,
,,,,,,,,,,,,,,,,,,,,
,,,,,,,,,,,,,,,,,,,,
,,,,,,,,,,,,,,,,,,,,
,,,,,,,,,,,,,,,,,,,,
,,,,,,,,,,,,,,,,,,,,
,,,,,,,,,,,,,,,,,,,,
68.0,食品,冲调品,冲饮果汁/粉,其他冲饮果汁/粉,,"定义
指未列入上述具体品类的其他水果、植物或复合原料制成的冲调型饮品粉末或颗粒，需加水溶解后饮用；产品形态涵盖速溶粉、冻干粉、结晶颗粒，包装形式包括袋装、罐装、条状或礼盒装，常见原料如百香果、番石榴、仙人掌果、玫瑰茄、姜黄等，可单一或复配，部分配方添加糖、代糖、维生素或电解质。

核心定义
是指不以水果原汁或浓缩果汁为主要原料，而是以白砂糖、麦芽糊精、植脂末、香精等为主体，加水冲调后呈现水果风味的固态粉末状饮料（主要为果味型固体饮料）。

快速判断标准
1. 形态为粉末 / 颗粒需冲调
2. 名称含果汁、果味、×× 汁等字样
3. 原料不以果汁或浓缩汁为主体
4. 主要由糖、麦芽糊精、香精构成
5. 排除真果汁、椰子粉、酸梅粉
不是：
真果汁 → 排除
椰子粉 → 排除
酸梅粉 → 排除
茶 / 咖啡 → 排除
液态果汁 → 排除
糖果 / 果冻 → 排除","1. 果味型固体饮料（主流大类）
柠檬味果汁粉
草莓味果汁粉
芒果味果汁粉
百香果味果汁粉
葡萄味果汁粉
蜜桃味果汁粉
热带水果味综合粉（如什锦果汁味）
水果味能量冲饮粉
电解质果汁味冲饮粉
2. 维生素强化型 “果汁味粉”
VC 柠檬粉
多维水果味固体饮料
维 C 橙味粉
维 C 蜜桃粉
（原料通常以糖和香精为主，不是果汁）
3. 功能型果汁味冲饮粉
果汁味益生菌固体饮料
果汁味代餐固体饮料
果汁味运动补给粉
4. 进口 / 跨境果味粉（无真果汁）
外国品牌 Fruit Drink Mix（无真实果汁）
果味固体饮料（仅名称模仿果汁）","1. 真果汁类
果汁型固体饮料（橙汁粉、苹果果粉等）
复合果蔬粉（含真实果汁或浓缩汁）
2. 椰子粉体系 
纯椰子粉
复合椰子粉
3. 酸梅粉体系
酸梅粉
果味酸梅粉
4. 非冲饮 “果汁类”
果汁果冻
果汁糖果
液态即饮果汁
果汁汽水
果汁浓浆（酸梅膏、果汁浓缩液）
果汁味调味料（撒料粉）
5. 茶 / 咖啡类
速溶茶粉
水果味茶粉
咖啡粉
咖啡味粉",果珍,,,百香果味,袋装,无糖,,,,,,
,,,,,,,,,卡夫,,,番石榴味,罐装,含糖,,,,,,
,,,,,,,,,雀巢,,,芒果味,条状,,,,,,,
,,,,,,,,,统一,,,草莓味,其他,,,,,,,
,,,,,,,,,康师傅,,,柠檬味,,,,,,,,
,,,,,,,,,,,,苹果味,,,,,,,,
,,,,,,,,,,,,橙子味,,,,,,,,
,,,,,,,,,,,,葡萄味,,,,,,,,
,,,,,,,,,,,,蓝莓味,,,,,,,,
,,,,,,,,,,,,桃子味,,,,,,,,
,,,,,,,,,,,,混合水果味,,,,,,,,
,,,,,,,,,,,,仙人掌果味,,,,,,,,
,,,,,,,,,,,,玫瑰茄味,,,,,,,,
,,,,,,,,,,,,姜黄味,,,,,,,,
,,,,,,,,,,,,其他,,,,,,,,
,,,,,,,,,,,,,,,,,,,,
,,,,,,,,,,,,,,,,,,,,
,,,,,,,,,,,,,,,,,,,,
,,,,,,,,,,,,,,,,,,,,
,,,,,,,,,,,,,,,,,,,,
,,,,,,,,,,,,,,,,,,,,
,,,,,,,,,,,,,,,,,,,,
69.0,食品,冲调品,包装食用糖,包装食用糖,C,"定义：以甘蔗、甜菜为主要原料制成的固态蔗糖类甜味制品，经定量密封预包装，核心用途为冲调饮品的商品。

判断口诀：
小包装，冲饮配，方糖糖粉条装对；
无添加，纯蔗糖，调味大袋不归位。

快速判断标准
1. 看类目属性：商品标题 / 卖点标注 “冲调专用”“咖啡伴侣”“便携小包装”“独立条包” 等关键词
2. 看包装规格：单包净含量多为 100g - 300g，或为独立小包装（条装、粒装），适配单次冲调取量需求
3. 看使用场景：主打 “搭配咖啡 / 红茶 / 豆浆”“冲调糖水”“外卖配套” 等冲调相关场景
4. 看配料成分：配料表仅含单一食糖成分（如 “白砂糖”“红糖”“冰糖”），无其他添加物","1. 基础冲调用糖：白砂糖（精制小包装）、绵白糖（便携装）、冰糖（单晶 / 多晶小罐装）
2. 风味冲调用糖：姜汁红糖（独立条包）、桂花红糖、红枣红糖、梨汁冰糖
3. 便捷冲调用糖：方糖（咖啡专用）、糖包（餐饮 / 外卖配套）、速溶糖粉（奶茶专用）","1. 糖果类（直接零食）
软糖、硬糖、奶糖、巧克力
口香糖、棒棒糖
2. 糖制零食 / 代餐
糖块代餐、能量棒（糖为配料）
芝麻糖、花生糖、牛轧糖
3. 含糖原料（非主食糖）
蜂蜜
果酱、果泥
奶茶原料糖浆（大桶工业用）
4. 调味料里的糖（非食用糖）
酱油里的糖
酱料包添加的糖
烘焙原料糖霜（属烘焙原料体系）
5. 食品添加剂级糖
食品级甜味剂粉末（如阿斯巴甜、糖醇分装）
6. 工业大包装糖（无消费包装）
50kg、25kg 大袋原糖
散装原料糖",太古,,,原味,袋装,,,,,,,
,,,,,,,,,玉棠,,,焦糖味,盒装,,,,,,,
,,,,,,,,,莲花,,,红糖味,罐装,,,,,,,
,,,,,,,,,南字牌,,,黑糖味,桶装,,,,,,,
,,,,,,,,,中糖,,,蜂蜜味,散装,,,,,,,
,,,,,,,,,,,,香草味,,,,,,,,
,,,,,,,,,,,,柠檬味,,,,,,,,
,,,,,,,,,,,,玫瑰味,,,,,,,,
,,,,,,,,,,,,桂花味,,,,,,,,
,,,,,,,,,,,,椰子味,,,,,,,,
,,,,,,,,,,,,其他,,,,,,,,
,,,,,,,,,,,,,,,,,,,,
,,,,,,,,,,,,,,,,,,,,
,,,,,,,,,,,,,,,,,,,,
,,,,,,,,,,,,,,,,,,,,
,,,,,,,,,,,,,,,,,,,,
,,,,,,,,,,,,,,,,,,,,
,,,,,,,,,,,,,,,,,,,,
,,,,,,,,,,,,,,,,,,,,
,,,,,,,,,,,,,,,,,,,,
,,,,,,,,,,,,,,,,,,,,
,,,,,,,,,,,,,,,,,,,,
70.0,食品,冲调品,蜂蜜/蜂蜜制品,蜂蜜,C,"定义
蜂蜜是指蜜蜂采集植物的花蜜、分泌物或蜜露，经与自身分泌物混合，经酿造、脱水、成熟而形成的天然甜物质。

一句话总结
它是一种天然、无添加的甜味农产品，不属于加工食品。

快速判断标准 
1. 原料为花蜜 / 蜜露
2. 由蜜蜂酿造成熟
3. 无添加蔗糖、果葡糖浆、香精等
4. 符合 GB 14963 标准
5. 形态为液态、结晶或浓缩天然蜜
不是蜂蜜
有添加 → 蜂蜜制品
是饮料 / 零食 → 排除
是香精调味 → 排除
是勾兑糖浆 → 排除","1. 天然纯蜂蜜（主流类）
槐花蜜
椴树蜜
荆条蜜
油菜花蜜
荔枝蜜
龙眼蜜
洋槐蜜
百花蜜（多花种蜜源）
2. 成熟蜜、浓缩蜜
成熟蜂蜜（水分≤20%）
浓缩蜂蜜（物理浓缩，不得加糖）
3. 结晶蜂蜜
自然结晶或微加热后结晶的蜂蜜
如结晶洋槐蜜、结晶椴树蜜
4. 包装蜂蜜
超市小包装蜂蜜
1kg、500g 装天然蜂蜜
5. 单一花种蜂蜜 & 复合花蜜
单花种蜂蜜（如纯槐花蜜）
多花种蜂蜜（百花蜜）","1. 蜂蜜制品（复合加工食品）
蜂蜜膏
蜂蜜饮料
蜂蜜柠檬茶
蜂蜜糖果
蜂蜜糕点
蜂蜜营养膏
2. 含蜂蜜的零食 / 饮料
蜂蜜饼干
蜂蜜坚果
蜂蜜奶茶
蜂蜜果汁饮料
3. 假蜂蜜 / 勾兑蜜（非天然）
果葡糖浆勾兑蜂蜜
糖蜜调配蜂蜜
不含蜂蜜成分的 “风味蜂蜜”
4. 蜂蜜味糖浆 / 蜂蜜风味液
蜂蜜风味糖浆
蜂蜜香精水溶液
5. 蜂蜜类添加剂（微量）
蜂蜜粉（配料主体非蜂蜜）
蜂蜜味固体饮料
蜂蜜味糖果",汪氏,,,原味,瓶装,,,,,,,
,,,,,,,,,百花,,,柠檬味,罐装,,,,,,,
,,,,,,,,,冠生园,,,枸杞味,袋装,,,,,,,
,,,,,,,,,颐园,,,桂花味,,,,,,,,
,,,,,,,,,明园,,,枣花味,,,,,,,,
,,,,,,,,,,,,槐花味,,,,,,,,
,,,,,,,,,,,,椴树花味,,,,,,,,
,,,,,,,,,,,,荔枝味,,,,,,,,
,,,,,,,,,,,,洋槐味,,,,,,,,
,,,,,,,,,,,,其他,,,,,,,,
,,,,,,,,,,,,,,,,,,,,
,,,,,,,,,,,,,,,,,,,,
,,,,,,,,,,,,,,,,,,,,
,,,,,,,,,,,,,,,,,,,,
,,,,,,,,,,,,,,,,,,,,
,,,,,,,,,,,,,,,,,,,,
,,,,,,,,,,,,,,,,,,,,
,,,,,,,,,,,,,,,,,,,,
,,,,,,,,,,,,,,,,,,,,
,,,,,,,,,,,,,,,,,,,,
,,,,,,,,,,,,,,,,,,,,
,,,,,,,,,,,,,,,,,,,,
71.0,食品,冲调品,蜂蜜/蜂蜜制品,蜂蜜制品,C,"定义
蜂蜜制品是指以天然蜂蜜为核心原料，结合其他食材、辅料，通过加工、调配、成型等工艺制成的复合类食品。它既保留蜂蜜的天然属性，又通过加工拓展了食用场景，不属于 “纯蜂蜜”，而是蜂蜜的延伸应用形式。

核心定义 
蜂蜜制品是以天然蜂蜜为主要原料（占比通常≥50%），可搭配药食同源食材、营养补充剂或食品辅料，经物理加工、调配、成型等工艺制成的食品。

核心特征
蜂蜜为基底，无额外添加糖 / 香精 / 防腐剂（或仅微量合规添加），具备功能性、场景化食用属性。","1. 营养滋补类（主打养生 / 补充）
蜂蜜膏：蜂蜜 + 药食同源食材（如枸杞、红枣、桂圆、百合、莲子），经熬煮浓缩制成（例：蜂蜜枸杞膏、蜂蜜桂圆百合膏）。","1. 纯蜂蜜类（无加工 / 仅基础处理）
天然成熟蜂蜜（无任何添加，直接酿造成熟）
浓缩蜂蜜（仅物理脱水，无其他配料）
结晶蜂蜜（天然结晶，无加工干预）
2. 纯加工食品（无蜂蜜核心成分）
糖果类（仅用甜味剂，无蜂蜜）
果酱 / 蜜饯（蜂蜜仅为调味，占比极低）
烘焙原料（无蜂蜜基底）
3. 合成 / 仿冒产品
蜂蜜味糖浆（仅香精 + 糖，无天然蜂蜜）
假蜂蜜制品（用果葡糖浆、香精勾兑，无真实蜂蜜）
蜂蜜风味饮料 / 糖果（风味为模拟，无实际蜂蜜成分）",汪氏,,,原味,瓶装,,,,,,,
,,,,,,,,,百花,,,柠檬味,罐装,,,,,,,
,,,,,,,,,冠生园,,,姜味,袋装,,,,,,,
,,,,,,,,,颐园,,,枸杞味,条状,,,,,,,
,,,,,,,,,明园,,,菊花味,,,,,,,,
,,,,,,,,,,,,玫瑰味,,,,,,,,
,,,,,,,,,,,,桂花味,,,,,,,,
,,,,,,,,,,,,枣花味,,,,,,,,
,,,,,,,,,,,,荔枝味,,,,,,,,
,,,,,,,,,,,,其他,,,,,,,,
,,,,,,,,,,,,,,,,,,,,
,,,,,,,,,,,,,,,,,,,,
,,,,,,,,,,,,,,,,,,,,
,,,,,,,,,,,,,,,,,,,,
,,,,,,,,,,,,,,,,,,,,
,,,,,,,,,,,,,,,,,,,,
,,,,,,,,,,,,,,,,,,,,
,,,,,,,,,,,,,,,,,,,,
,,,,,,,,,,,,,,,,,,,,
,,,,,,,,,,,,,,,,,,,,
,,,,,,,,,,,,,,,,,,,,
,,,,,,,,,,,,,,,,,,,,
72.0,食品,冲调品,蜂蜜/蜂蜜制品,其他蜂蜜/蜂蜜制品,,"定义
指无法归入上述明确类别的、与蜂蜜相关的其他产品，主要包括以蜂蜜为基料进行深度加工、特殊工艺处理或与非传统配料复合而成的衍生品，以及由蜂蜜与其他成分复合而成的非传统形式商品；此类产品可能具有特定功能宣称或特殊用途，其核心特征在于突破了蜂蜜的原始物理形态或传统食用范畴。",,,汪氏,,,原味,瓶装,,,,,,,
,,,,,,,,,百花,,,柠檬味,罐装,,,,,,,
,,,,,,,,,冠生园,,,柚子味,袋装,,,,,,,
,,,,,,,,,颐园,,,玫瑰味,条状包装,,,,,,,
,,,,,,,,,明园,,,生姜味,,,,,,,,
,,,,,,,,,,,,薄荷味,,,,,,,,
,,,,,,,,,,,,红枣味,,,,,,,,
,,,,,,,,,,,,蓝莓味,,,,,,,,
,,,,,,,,,,,,桂花味,,,,,,,,
,,,,,,,,,,,,荔枝味,,,,,,,,
,,,,,,,,,,,,枇杷味,,,,,,,,
,,,,,,,,,,,,其他,,,,,,,,
,,,,,,,,,,,,,,,,,,,,
,,,,,,,,,,,,,,,,,,,,
,,,,,,,,,,,,,,,,,,,,
,,,,,,,,,,,,,,,,,,,,
,,,,,,,,,,,,,,,,,,,,
,,,,,,,,,,,,,,,,,,,,
,,,,,,,,,,,,,,,,,,,,
,,,,,,,,,,,,,,,,,,,,
,,,,,,,,,,,,,,,,,,,,
,,,,,,,,,,,,,,,,,,,,
73.0,食品,婴儿食品,婴儿配方奶粉,婴儿配方奶粉,S,"定义：专为满足0至36个月婴儿基本营养需求而设计的母乳替代或补充食品，以牛乳或其他动物乳及其加工制品为主要原料，经脱盐、脱脂、添加乳糖、植物油及婴幼儿必需的维生素、矿物质等营养素后喷雾干燥制成粉末状。产品需按比例冲调后喂养，常见包装形式为金属罐、复合纸罐或铝箔袋，并根据适用月龄分为1段（0-6个月）、2段（6-12个月）、3段（12-36个月），附有详细的冲调指南以确保安全食用。

快速核查要点

看适用月龄：仅限 0–36 月龄。
看基质：乳基 / 豆基，蛋白来源单一且符合规定。
看碳水：乳糖占碳水≥90%，无蔗糖 / 果糖（1 段）。
看注册号：必须有，且与产品一致。
看成分：无香精、色素、防腐剂等违规添加。

特别备注：
豆基婴儿配方奶粉，主要是以大豆蛋白为主要蛋白质来源，替代牛奶蛋白。通常用于：对牛奶蛋白过敏、乳糖不耐受，或有特殊喂养需求的宝宝。
属于特殊配方奶粉，需要在医生或营养师指导下使用。","要点：以乳类及乳蛋白制品（乳基）或大豆及大豆蛋白制品（豆基）为主要蛋白来源，经物理加工制成的粉状配方食品，专供 0–36 月龄正常婴儿食用，能满足其能量与营养需求。

必需成分：蛋白质、脂肪、碳水化合物（乳糖为主）、维生素 A/D/E/K/B 族、维生素 C / 叶酸 / 泛酸 / 生物素、钙、磷、钠、钾、铁、锌、铜、镁等，含量符合国标范围。

可选择成分：胆碱、牛磺酸、肌醇、DHA/ARA、益生元（GOS/FOS）等，添加需符合国标限量。

标签标注：食品名称、配料表、注册号、营养成分表、适宜人群、贮存条件、生产信息等法定项。","要点：非 0–36 月龄婴儿专用（如儿童奶粉、成人奶粉、羊奶粉 / 驼奶粉未按婴配注册）。

非配方粉：纯牛奶 / 鲜乳、调制乳、含乳饮料、植物蛋白饮料、米粉 / 米糊、辅食泥、饼干糕点等。

原料不合规：添加蔗糖、果糖、麦芽糊精过量，或香精、色素、防腐剂、非必需添加剂等。
特殊医学用途：无医学指征的水解配方、氨基酸配方、无乳糖配方等特殊医学用途配方食品。
未注册产品：境外未通过我国配方注册、无注册号的婴配粉。",伊利,1段婴儿配方奶粉,,原味,罐装,无糖,,,,,,
,,,,,,,,,蒙牛,2段较大婴儿配方奶粉,,羊奶粉味,盒装 / 袋装,含糖,,,,,,
,,,,,,,,,雀巢,3段幼儿配方奶粉,,豆基配方味,小包装 / 便携装,,,,,,,
,,,,,,,,,完达山,,,,礼盒装,,,,,,,
,,,,,,,,,飞鹤,,,,组合装,,,,,,,
,,,,,,,,,,,,,,,,,,,,
,,,,,,,,,,,,,,,,,,,,
,,,,,,,,,,,,,,,,,,,,
,,,,,,,,,,,,,,,,,,,,
,,,,,,,,,,,,,,,,,,,,
,,,,,,,,,,,,,,,,,,,,
,,,,,,,,,,,,,,,,,,,,
,,,,,,,,,,,,,,,,,,,,
,,,,,,,,,,,,,,,,,,,,
,,,,,,,,,,,,,,,,,,,,
,,,,,,,,,,,,,,,,,,,,
,,,,,,,,,,,,,,,,,,,,
,,,,,,,,,,,,,,,,,,,,
,,,,,,,,,,,,,,,,,,,,
,,,,,,,,,,,,,,,,,,,,
,,,,,,,,,,,,,,,,,,,,
,,,,,,,,,,,,,,,,,,,,
74.0,食品,婴儿食品,婴儿辅食,婴儿辅食,B,"定义：专为6个月以上婴幼儿设计的过渡性食品，介于母乳/配方奶与成人固体食物之间，以单一或少量谷物、蔬果、肉禽鱼蛋为原料，经蒸煮、研磨、均质、杀菌等工艺制成，质地从细腻糊状逐步过渡到细小颗粒或软烂块状，通常铁强化且低盐低糖、无或极低食品添加剂，多采用小份量包装（如罐装泥糊、即食米粉、独立袋装溶豆等），便于喂养并保证卫生。

核心定义 
婴儿辅食（Complementary Foods for Infants）
是指为满足 6 月龄～12 月龄婴儿生长发育需求，专门生产的、以补充母乳 / 配方奶营养不足为目的的食品。

快速判断标准 
适用年龄：6 月龄～12 月龄。
目的：补充母乳 / 配方奶营养。
形态：粉、泥、末、碎、液态。
符合国标（如 GB 10769、GB 10767）。
不是零食、不是营养品，不是婴儿饮料、不是 12 月 + 食品。","1. 谷类辅食（最基础）
米粉 / 米糊：强化铁米粉、小米米粉、燕麦米粉。
麦粉 / 粥粉：婴儿粥粉、营养麦粉。
谷物泥：纯大米粉糊、燕麦泥。
2. 泥糊状辅食（初期添加）
蔬菜泥：胡萝卜泥、南瓜泥、菠菜泥、西兰花泥。
水果泥：苹果泥、香蕉泥、梨泥、草莓泥。
肉蛋鱼泥：牛肉泥、鸡肉泥、三文鱼泥、蛋黄泥、全蛋泥。
混合泥：蔬菜 + 水果 + 肉的复合泥。
3. 末状 / 碎状辅食（中期添加）
蔬菜末：胡萝卜末、土豆末。
肉绒 / 肉酥：猪肉松、牛肉松、鱼松（专为婴儿设计，低盐低钠）。
蛋制品：婴儿蛋羹粉、全蛋粉。
4. 特殊配方辅食
抗过敏辅食（如低敏米粉、无敏泥）。
针对特殊体质的辅食：如早产儿 / 低体重儿专用营养米粉。","1. 超龄食品（12 月龄 +）
1 岁以上宝宝吃的营养粥、营养面。
儿童面条、儿童肉松（12 月 +）。
2. 普通家庭自制食品（无专用标准）
家长自己做的粥、饭、菜。
普通市售成人吃的米饭、蔬菜、肉类。
3. 含添加剂的零食 / 糖果
婴儿饼干（如牙牙棒，若不符合 GB 10769 则不属）。
婴儿糖果、果冻、巧克力。
含酒精、咖啡因、高盐高糖的食品。
4. 婴儿营养品
婴儿益生菌粉（非食品，属保健食品）。
婴儿鱼肝油、DHA 胶囊（属营养补充剂）。
5. 婴儿饮料 
6. 纯母乳 / 配方奶
母乳、婴儿配方奶粉。
婴儿液态奶（如液态奶，非辅食）。
7. 宠物食品 / 用品
给小狗小猫吃的 “婴儿风味零食”。",亨氏,,高铁补充,原味,罐装,无糖,,,,,,
,,,,,,,,,嘉宝,,促进消化,苹果,铝箔袋装,含糖,,,,,,
,,,,,,,,,贝因美,,低敏,香蕉,杯装,,,,,,,
,,,,,,,,,完达山,,益生菌,胡萝卜,纸盒装,,,,,,,
,,,,,,,,,伊利,,DHA益智,南瓜,挤压袋装,,,,,,,
,,,,,,,,,,,有机,鸡肉,,,,,,,,
,,,,,,,,,,,无添加,牛肉,,,,,,,,
,,,,,,,,,,,,三文鱼,,,,,,,,
,,,,,,,,,,,,蓝莓,,,,,,,,
,,,,,,,,,,,,菠菜,,,,,,,,
,,,,,,,,,,,,梨,,,,,,,,
,,,,,,,,,,,,豌豆,,,,,,,,
,,,,,,,,,,,,玉米,,,,,,,,
,,,,,,,,,,,,红薯,,,,,,,,
,,,,,,,,,,,,其他,,,,,,,,
,,,,,,,,,,,,,,,,,,,,
,,,,,,,,,,,,,,,,,,,,
,,,,,,,,,,,,,,,,,,,,
,,,,,,,,,,,,,,,,,,,,
,,,,,,,,,,,,,,,,,,,,
,,,,,,,,,,,,,,,,,,,,
,,,,,,,,,,,,,,,,,,,,
75.0,食品,婴儿食品,婴儿饮料,婴儿饮料,B,"定义：专为6-36个月婴儿设计的即饮型或冲调型液体食品，用于补充水分或营养。产品配方温和，富含维生素、矿物质等营养素，不含咖啡因、人工色素及香精等不适宜婴儿的成分。常见形态为可直接饮用或按说明稀释的液态产品，采用小容量无菌密封包装（如利乐包、小瓶），便于携带与喂养。

核心定义
婴儿饮料指专供 6–36 月龄婴幼儿饮用、以补充营养或补水为主要目的的液体食品，分两类口径：
1. 特殊膳食类（婴儿辅食范畴）：执行婴幼儿辅食标准（如 GB 10770-2025《婴幼儿罐装辅助食品》、GB 10769-2025《婴幼儿谷类辅助食品》），用于补充 6–12 月龄婴儿营养。
2. 普通饮料类（儿童饮料范畴）：执行饮料通用标准（如 GB 7101-2022《食品安全国家标准 饮料》），适用于 12–36 月龄幼儿，多为补水 / 风味型。","1. 婴幼儿营养型液体辅食： 婴幼儿营养液、钙铁锌补充液、婴幼儿谷物冲调液（6–12 月龄） GB 10770-2025、GB 10769-2025 6–12 月龄适用，营养补充，满足辅食营养指标 
2. 婴幼儿酸奶（特殊膳食用） 婴幼儿专用酸奶（6–36 月龄） GB 10770-2025、婴幼儿酸奶团标 不添加游离糖、钠、非必要添加剂；菌种合规
3. 婴幼儿配方乳（液态） 液态婴儿配方乳（0–12 月龄） GB 10765-2021《婴儿配方食品》 0–6/6–12 月龄，替代母乳 / 配方奶，特殊膳食。
4. 婴幼儿专用饮用水 婴幼儿饮用天然矿泉水（6–36 月龄） 婴儿水团体标准（严于 GB 8537） 低钠、低矿化，适配婴幼儿肾脏。","1. 普通果汁 / 风味饮料  
2. 含乳饮料（非辅食） 
3. 植物基饮料 豆奶、杏仁奶、燕麦奶（12 月龄 +） 蛋白 / 钙等不足，不能替代主奶 儿童饮料
4. 能量 / 咖啡 / 茶饮料  
5. 普通固体饮料（冲调型）  
6. 婴儿配方奶粉
7. 婴儿辅食
8. 婴儿零食
9. 婴儿营养品
10. 婴幼儿特殊医学用途配方粉",亨氏,,补充水分,原味,利乐包,无糖,,,,,,
,,,,,,,,,嘉宝,,提供营养,苹果味,小瓶装,低糖,,,,,,
,,,,,,,,,贝因美,,促进消化,香蕉味,袋装,,,,,,,
,,,,,,,,,完达山,,增强免疫,橙子味,盒装,,,,,,,
,,,,,,,,,伊利,,其他,葡萄味,其他,,,,,,,
,,,,,,,,,,,,梨味,,,,,,,,
,,,,,,,,,,,,桃子味,,,,,,,,
,,,,,,,,,,,,芒果味,,,,,,,,
,,,,,,,,,,,,其他,,,,,,,,
,,,,,,,,,,,,,,,,,,,,
,,,,,,,,,,,,,,,,,,,,
,,,,,,,,,,,,,,,,,,,,
,,,,,,,,,,,,,,,,,,,,
,,,,,,,,,,,,,,,,,,,,
,,,,,,,,,,,,,,,,,,,,
,,,,,,,,,,,,,,,,,,,,
,,,,,,,,,,,,,,,,,,,,
,,,,,,,,,,,,,,,,,,,,
,,,,,,,,,,,,,,,,,,,,
,,,,,,,,,,,,,,,,,,,,
,,,,,,,,,,,,,,,,,,,,
,,,,,,,,,,,,,,,,,,,,
76.0,食品,婴儿食品,婴幼儿特殊医学用途配方粉,婴幼儿特殊医学用途配方粉,B,"定义
为满足0-12月龄因疾病或医学状况导致营养需求特殊、无法或不宜使用普通婴幼儿配方食品的婴儿而设计的粉状配方食品，其能量、蛋白质、脂肪、碳水化合物、维生素及矿物质等营养素含量与比例依据特定疾病代谢特点调整，并符合国家特殊医学用途配方食品注册要求，必须在医生或临床营养师指导下使用；产品以干燥粉末形态密封包装，需按标示比例用温水冲调成液态后喂养，常见类别包括无乳糖配方、深度水解乳蛋白配方、氨基酸配方、早产/低出生体重配方、代谢障碍专用配方等。
核心定义 
适用年龄：0–12 月龄婴儿，1 岁以上不适用（1 岁以上对应 GB 29922） 
📌 快速判定要点 
看注册号：包装标注 “国食注字 TY”，无则不属特医粉 
看标准号：必须标注GB 25596-2025，其他标准不适用 
看适用年龄：明确标注0–12 月龄，1 岁以上不属 
看适用状况：标注具体医学适应症（如乳糖不耐受、牛奶蛋白过敏），非普通 “婴幼儿适用” 
看剂型：确认为粉状，液态剂型归入 “特殊医学用途婴儿配方食品（液态）”","1. 无乳糖 / 低乳糖配方 无乳糖婴儿特医粉 乳糖不耐受、腹泻 乳糖≤0.5g/100g（无乳糖），满足能量与营养。
2. 乳蛋白部分水解配方 部分水解乳清蛋白粉 轻度牛奶蛋白过敏 蛋白水解为小分子肽，降低致敏性。
3. 乳蛋白深度水解 / 氨基酸配方 深度水解蛋白粉、氨基酸粉 中重度牛奶蛋白过敏、胃肠功能障碍 无过敏原，氨基酸直接吸收。
4. 早产 / 低出生体重配方 早产儿特医粉 早产（<37 周）、低体重（<2500g） 能量、蛋白、矿物质密度更高，支持追赶生长。
5. 母乳营养补充剂 母乳强化剂粉 早产儿 / 低体重儿母乳喂养 补充母乳中不足的蛋白、矿物质。
6. 氨基酸代谢障碍配方 苯丙酮尿症专用粉 苯丙酮尿症、枫糖尿症等 限制致病氨基酸，补充必需氨基酸。","1. 普通婴幼儿配方粉：GB 10765/10767/10768（婴儿 / 较大婴儿 / 幼儿配方粉），无特殊医学适应症，无需 TY 注册号。
2. 1 岁以上特医粉：GB 29922-2013 适用 1 岁以上人群，如全营养 / 特定全营养配方粉，不属婴幼儿范畴。
3. 普通营养补充剂：GB 22570 辅食营养素撒剂，仅补充微量营养素，不可单一喂养，非特医粉。
4. 普通食品 / 乳饮料：婴幼儿奶粉、乳饮料、固体饮料等，执行普通食品标准，无特医注册证。
5. 非合规宣称产品：无 “国食注字 TY”、未标注适用医学状况、包装无 “医生 / 营养师指导” 字样的产品。
液态特医食品：液态剂型不属 “配方粉”，需区分剂型",雀巢,,无乳糖配方,原味,罐装,,,,,,,
,,,,,,,,,伊利,,深度水解乳蛋白配方,香草味,盒装（内为独立袋装）,,,,,,,
,,,,,,,,,蒙牛,,氨基酸配方,水果味,条状袋装,,,,,,,
,,,,,,,,,完达山,,早产/低出生体重配方,无味,其他,,,,,,,
,,,,,,,,,飞鹤,,代谢障碍专用配方,,,,,,,,,
,,,,,,,,,,,部分水解乳蛋白配方,,,,,,,,,
,,,,,,,,,,,全营养配方,,,,,,,,,
,,,,,,,,,,,高能量配方,,,,,,,,,
,,,,,,,,,,,低蛋白配方,,,,,,,,,
,,,,,,,,,,,高MCT配方,,,,,,,,,
,,,,,,,,,,,无苯丙氨酸配方,,,,,,,,,
,,,,,,,,,,,其他,,,,,,,,,
,,,,,,,,,,,,,,,,,,,,
,,,,,,,,,,,,,,,,,,,,
,,,,,,,,,,,,,,,,,,,,
,,,,,,,,,,,,,,,,,,,,
,,,,,,,,,,,,,,,,,,,,
,,,,,,,,,,,,,,,,,,,,
,,,,,,,,,,,,,,,,,,,,
,,,,,,,,,,,,,,,,,,,,
,,,,,,,,,,,,,,,,,,,,
,,,,,,,,,,,,,,,,,,,,
77.0,食品,休闲零食,饼干,饼干,S,"定义
以谷物粉为主要原料，经调制面团、成型、烘烤而成的固态焙烤食品，通常添加糖、油脂、乳制品或蛋制品以调节风味与口感，成品水分含量低于5%，常温下可长期保存。产品呈扁平或立体小块状，可直接食用。

快速判断要点

原料：以谷 / 豆 / 薯粉为主，非乳 / 非饮料 / 非糕点基底。
工艺：调粉 / 调浆 + 成型 + 烘烤 / 煎烤。
标准与许可：执行 GB 7100/GB/T 20980，归类 0801。","要点：以谷类粉 / 豆类粉 / 薯类粉为主要原料，经调粉 / 调浆、成型、烘烤 / 煎烤制成，可在熟制前后添加奶油、蛋白、可可、巧克力等的食品，含饼干碎。

常见品类：酥性、韧性、发酵（苏打）、压缩、曲奇、夹心 / 注心、威化、蛋圆、蛋卷、煎饼、装饰、水泡及其他饼干。

执行标准：GB 7100（安全）、GB/T 20980（质量），许可类别 0801。","非饼干类：膨化制品（雪饼 / 仙贝）、代可可脂巧克力制品、糕点（烘烤 / 油炸 / 蒸煮）、米饼 / 磨牙棒（婴幼儿谷物辅助食品）、含乳饮料 / 植物蛋白饮料、面包 / 蛋糕、方便面、薯片等。

工艺不符：未烘烤 / 煎烤、非成型、非焙烤工艺的面制品。

标签与标准不符：名称不含 “饼干” 且执行其他品类标准的产品。",奥利奥,韧性饼干,,原味,袋装,无糖,,,,,,
,,,,,,,,,趣多多,酥性饼干,,巧克力味,盒装,含糖,,,,,,
,,,,,,,,,康师傅,发酵 / 苏打饼干,,牛奶味,罐装,,,,,,,
,,,,,,,,,达利园,曲奇饼干,,芝士味,筒装,,,,,,,
,,,,,,,,,好吃点,威化饼干,,草莓味,礼盒装,,,,,,,
,,,,,,,,,,蛋卷、蛋圆饼干,,柠檬味,组合装,,,,,,,
,,,,,,,,,,夹心 / 注心饼干,,香葱味,,,,,,,,
,,,,,,,,,,压缩饼干,,芝麻味,,,,,,,,
,,,,,,,,,,儿童饼干,,海苔味,,,,,,,,
,,,,,,,,,,无糖 / 代餐饼干,,榴莲味,,,,,,,,
,,,,,,,,,,,,抹茶味,,,,,,,,
,,,,,,,,,,,,花生味,,,,,,,,
,,,,,,,,,,,,燕麦味,,,,,,,,
,,,,,,,,,,,,白桃乌龙味,,,,,,,,
,,,,,,,,,,,,蛋黄味,,,,,,,,
,,,,,,,,,,,,黑加仑味,,,,,,,,
,,,,,,,,,,,,红丝绒味,,,,,,,,
,,,,,,,,,,,,水蜜桃味,,,,,,,,
,,,,,,,,,,,,青柠味,,,,,,,,
,,,,,,,,,,,,芝士蛋糕味,,,,,,,,
,,,,,,,,,,,,坚果味,,,,,,,,
,,,,,,,,,,,,其他,,,,,,,,
78.0,食品,休闲零食,西式糕点,西式小蛋糕,A,"定义
以面粉、鸡蛋、糖和油脂为主要原料，通过烘烤制成的独立份量小型糕点（通常为30–120 g），质地松软湿润，常搭配奶油、水果或巧克力等装饰或夹心。产品多为一次性食用的大小，常见于杯装蛋糕、纸杯蛋糕或切片蛋糕等形式，是西式烘焙中常见的甜点品类。","1. 海绵 / 戚风 / 磅蛋糕等基础小蛋糕
2. 纸杯蛋糕、玛芬、玛德琳、费南雪等单份小蛋糕
3. 含奶油 / 果酱 / 巧克力 / 坚果等夹心或装饰的小蛋糕
4. 日式洋菓子类小蛋糕（如轻乳酪、蒸蛋糕）
5. 布朗尼","1. 饼干、曲奇、酥饼、挞派、泡芙
2. 面包、吐司、贝果、丹麦酥
3. 纯慕斯、冰淇淋蛋糕、布丁、果冻
4. 中式糕点（如绿豆糕、桂花糕）",达利园,海绵蛋糕类,,原味,独立小杯 / 纸杯,无糖,,,,,,
,,,,,,,,,盼盼,戚风蛋糕类,,水果味,塑料托 + 外盒,含糖,,,,,,
,,,,,,,,,好丽友,磅蛋糕类,,坚果与谷物风味类,透明塑料盒 / 吸塑盒,,,,,,,
,,,,,,,,,丹夫,玛芬 / 麦芬类,,奶油味,密封袋 / 复合膜袋,,,,,,,
,,,,,,,,,米旗,玛德琳 / 费南雪等小法式蛋糕,,复合风味,礼盒装,,,,,,,
,,,,,,,,,,轻乳酪 / 蒸蛋糕类,,其他,组合装,,,,,,,
,,,,,,,,,,儿童小蛋糕,,,,,,,,,,
,,,,,,,,,,,,,,,,,,,,
,,,,,,,,,,,,,,,,,,,,
,,,,,,,,,,,,,,,,,,,,
,,,,,,,,,,,,,,,,,,,,
,,,,,,,,,,,,,,,,,,,,
,,,,,,,,,,,,,,,,,,,,
,,,,,,,,,,,,,,,,,,,,
,,,,,,,,,,,,,,,,,,,,
,,,,,,,,,,,,,,,,,,,,
,,,,,,,,,,,,,,,,,,,,
,,,,,,,,,,,,,,,,,,,,
,,,,,,,,,,,,,,,,,,,,
,,,,,,,,,,,,,,,,,,,,
,,,,,,,,,,,,,,,,,,,,
,,,,,,,,,,,,,,,,,,,,
79.0,食品,休闲零食,西式糕点,面包,S,"定义
以小麦粉、水、酵母为主料，经揉面、发酵、烘烤制成的发酵面团食品，外皮呈金棕色，内部多孔柔软，可含盐、糖、油脂及果干、坚果等配料。产品按个或切片包装，常温或冷冻流通，常见于早餐、简餐场景，品类包括吐司、法棍、餐包、甜面包等。","主食类：白面包、全麦面包、黑麦面包、欧包（法棍、布里欧修等）、杂粮面包；

调味 / 软质面包：吐司（白吐司、奶酥吐司）、餐包、奶油面包、肉松面包、热狗面包、汉堡胚；

特色面包：牛角包、可颂、丹麦酥面包、贝果、碱水面包、司康（归类为面包类的焙烤制品）；

夹心 / 带馅面包：豆沙面包、果酱面包、芝士夹心面包、蛋黄酥类面包（含面包胚的制品）。","糕点类：蛋糕、戚风、海绵蛋糕、玛芬蛋糕、磅蛋糕、中式糕点（月饼、桃酥、糕点团）；

酥点 / 酥皮类：老婆饼、凤梨酥、千层酥、曲奇饼干（酥性饼干）；

其他焙烤 / 主食类：饼干（韧性饼干、酥性饼干、苏打饼干）、烧饼、馒头、花卷、包子、饺子（烘焙类）、派（水果派、奶油派）；

零食 / 点心类：沙琪玛、蛋卷、铜锣烧、麻薯（纯糯米制品，无面包发酵工艺）、甜甜圈（油炸为主，非烘烤发酵型）。",桃李,吐司面包,,原味,袋装,无糖,,,,,,
,,,,,,,,,宾堡,夹心面包,,调味风味类,袋装切片,含糖,,,,,,
,,,,,,,,,达利园,手撕面包,,馅料风味类,独立小包装,,,,,,,
,,,,,,,,,盼盼,法式小面包,,特色风味类,礼盒装,,,,,,,
,,,,,,,,,曼可顿,全麦 / 粗粮面包,,其他,组合装,,,,,,,
,,,,,,,,,,牛角包 / 起酥面包,,,,,,,,,,
,,,,,,,,,,肉松面包,,,,,,,,,,
,,,,,,,,,,无糖 / 低糖面包,,,,,,,,,,
,,,,,,,,,,,,,,,,,,,,
,,,,,,,,,,,,,,,,,,,,
,,,,,,,,,,,,,,,,,,,,
,,,,,,,,,,,,,,,,,,,,
,,,,,,,,,,,,,,,,,,,,
,,,,,,,,,,,,,,,,,,,,
,,,,,,,,,,,,,,,,,,,,
,,,,,,,,,,,,,,,,,,,,
,,,,,,,,,,,,,,,,,,,,
,,,,,,,,,,,,,,,,,,,,
,,,,,,,,,,,,,,,,,,,,
,,,,,,,,,,,,,,,,,,,,
,,,,,,,,,,,,,,,,,,,,
,,,,,,,,,,,,,,,,,,,,
80.0,食品,休闲零食,西式糕点,派/挞,C,"定义
以酥性或饼干性面团作外壳，填入甜味或咸味馅料后烘烤成型的西式糕点，底部及边缘形成脆壳，顶部可敞口或覆盖网格酥皮。成品按直径6–25 cm整只或切件销售，冷藏或常温保存，甜味如苹果派、蛋挞，咸味如鸡肉派、蔬菜挞。

核心定义
派：是一种以面粉为皮坯，经包裹、压制或铺盖馅料后烘烤而成的西式面点。
特点：有皮、有馅、烘烤成型。
挞：是一种以挞皮为底座，中间填充水果、奶油、 custard 等馅料的西式面点。
特点：空心挞皮 + 后填馅料，常呈圆形。

❗重要区别：
派多为全包裹或上盖皮。
挞多为空底挞皮 + 馅料。
两者都属于西式糕点，但结构不同。","1. 派类产品
苹果派
香蕉派
蓝莓派
樱桃派
南瓜派
鸡肉派（咸馅派）
牛肉派
蔬菜派
榴莲派
手派（迷你派，如榴莲手派、苹果手派）
2. 挞类产品
蛋挞（葡式蛋挞、牛油蛋挞、流心蛋挞）
水果挞（芒果挞、草莓挞、混合水果挞）
custard 挞（卡仕达挞）
芝士挞（流心芝士挞、半熟芝士挞）
抹茶挞、红豆挞
坚果挞（核桃挞、杏仁挞）","1. 普通糕点与面包
蛋糕卷、戚风蛋糕、海绵蛋糕
面包夹馅（如菠萝包、红豆面包）
饼干类夹心（饼干不是派）
2. 含馅膨化食品
派类膨化零食（如辣条派、蔬菜派口味的膨化片）
薯片、锅巴、米饼带馅
3. 中式点心（类似但不叫派 / 挞）
中式酥皮点心（如老婆饼、蛋黄酥、苏式月饼）
叉烧酥、榴莲酥
4. 冰淇淋类制品
冰淇淋派
冰淇淋挞
5. 液态或无烘烤制品
挞水未烘烤
派馅未烘烤
奶油直接涂抹的非烘烤产品
6. 普通糖果 / 果冻
水果果冻塔、果冻杯
糖果杯（虽外形像挞，但并非面粉皮底）",达利园,,,苹果味,盒装,无糖,,,,,,
,,,,,,,,,盼盼,,,巧克力味,纸盒装,含糖,,,,,,
,,,,,,,,,好丽友,,,蓝莓味,,,,,,,,
,,,,,,,,,丹夫,,,香蕉味,,,,,,,,
,,,,,,,,,米旗,,,草莓味,,,,,,,,
,,,,,,,,,,,,芝士味,,,,,,,,
,,,,,,,,,,,,榴莲味,,,,,,,,
,,,,,,,,,,,,柠檬味,,,,,,,,
,,,,,,,,,,,,抹茶味,,,,,,,,
,,,,,,,,,,,,红豆味,,,,,,,,
,,,,,,,,,,,,紫薯味,,,,,,,,
,,,,,,,,,,,,鸡肉味,,,,,,,,
,,,,,,,,,,,,牛肉味,,,,,,,,
,,,,,,,,,,,,南瓜味,,,,,,,,
,,,,,,,,,,,,可可味,,,,,,,,
,,,,,,,,,,,,西瓜味,,,,,,,,
,,,,,,,,,,,,其他,,,,,,,,
,,,,,,,,,,,,,,,,,,,,
,,,,,,,,,,,,,,,,,,,,
,,,,,,,,,,,,,,,,,,,,
,,,,,,,,,,,,,,,,,,,,
,,,,,,,,,,,,,,,,,,,,
81.0,食品,休闲零食,西式糕点,华夫饼,B,"定义：使用专用模具（华夫饼机）将面糊烘烤成带有网格状凹凸纹路的饼状点心，厚度约1–3 cm。面糊通常含鸡蛋、牛奶、面粉和发酵粉，成品外脆内软，可直接食用，也常搭配糖浆、奶油、水果或冰淇淋作为甜点，亦有预制冷冻或即食包装产品。

核心定义
本质：属于烘焙面点 / 快蛋糕（Quick Cake）范畴。
标志性特征：表面方格纹路（这是区分于煎饼、蛋糕的最直观外观）。
口感：外脆内软，奶香浓郁，趁热食用最佳。","1. 格子华夫饼： 经典双片，正反有格纹，可分开食用 原味华夫饼、巧克力华夫饼
2. 焦糖 / 糖浆华夫饼： 烘烤前表面淋糖 / 糖浆，或烘烤后上糖 焦糖脆顶华夫饼、糖霜华夫饼
3. 华夫松饼 / 软饼： 面团更软，烤后更蓬松，常做成单块大格纹 美式松软华夫饼
4. 华夫脆片 / 饼干： 压制更薄，烘烤更久，口感酥脆 进口华夫脆片、华夫饼干（零食类）","1. 中式 / 其他面点混淆
华夫饼面包：面包胚烤出格纹，但内部组织像面包，不归华夫饼，归面包类。
鸡蛋仔 / 蛋仔饼：虽然也是烤盘烤，但原料是鸡蛋浆 + 面粉糊，形态是球形，不归华夫饼。
煎饼果子：中式薄饼，无方格纹路，不归。
2. 西式其他糕点
松饼（Pancake）：平底锅煎制，无方格纹路，圆形薄饼，不归华夫饼。
华夫形状蛋糕：仅造型是格子，实际蛋糕胚（如戚风、海绵）结构，归蛋糕类。
3. 零食类非华夫本体
华夫形状饼干：无华夫饼的软嫩口感，只是饼干压出格子，归饼干类。
华夫形状巧克力：造型巧克力，归巧克力类。
4. 冷冻非华夫饼形态
冷冻华夫形状面团：未烘烤的生胚（如果是面包胚，归面包原料；如果是华夫饼胚，归华夫饼半成品）。",丹夫,,,原味,袋装,无糖,,,,,,
,,,,,,,,,达利园,,,巧克力味,盒装,含糖,,,,,,
,,,,,,,,,盼盼,,,香草味,散装,,,,,,,
,,,,,,,,,良品铺子,,,草莓味,冷冻包装,,,,,,,
,,,,,,,,,三只松鼠,,,牛奶味,,,,,,,,
,,,,,,,,,,,,蜂蜜味,,,,,,,,
,,,,,,,,,,,,抹茶味,,,,,,,,
,,,,,,,,,,,,蓝莓味,,,,,,,,
,,,,,,,,,,,,香蕉味,,,,,,,,
,,,,,,,,,,,,焦糖味,,,,,,,,
,,,,,,,,,,,,椰子味,,,,,,,,
,,,,,,,,,,,,红豆味,,,,,,,,
,,,,,,,,,,,,咸蛋黄味,,,,,,,,
,,,,,,,,,,,,黄油味,,,,,,,,
,,,,,,,,,,,,其他,,,,,,,,
,,,,,,,,,,,,,,,,,,,,
,,,,,,,,,,,,,,,,,,,,
,,,,,,,,,,,,,,,,,,,,
,,,,,,,,,,,,,,,,,,,,
,,,,,,,,,,,,,,,,,,,,
,,,,,,,,,,,,,,,,,,,,
,,,,,,,,,,,,,,,,,,,,
82.0,食品,休闲零食,西式糕点,泡芙,C,"定义
通过烫面工艺制成中空酥脆外皮，内部注入奶油、卡仕达酱或冰淇淋等馅料的西式点心。其外壳在烘烤过程中因水分蒸发而形成空洞，产品形态多样，包括圆形泡芙、长条闪电泡芙等，需冷藏或冷冻保存，单颗或组合盒装，常见于甜品店、咖啡连锁及冷冻甜品柜。

核心定义
泡芙（Choux / Puff）
是一种以低筋面粉、黄油、水、鸡蛋为主要原料，经煮制面团 → 挤花 → 高温膨胀烘烤形成的中空外酥面点，入口脆、内部微空。

关键点
核心结构 = 酥皮外壳 + 中空
口感 = 外脆内松
必须是烘烤成型（不是油炸）
快速分类口诀 
有壳、中空、外脆内松、烘烤 = 泡芙
是面包、是蛋糕、是饼干、是油炸 = 不属泡芙","1. 经典奶油泡芙类
原味奶油泡芙
香草卡仕达奶油泡芙
芝士奶油泡芙
抹茶奶油泡芙
咖啡奶油泡芙
2. 夹心 / 内馅扩展类
巧克力甘纳许泡芙
冰淇淋泡芙（主体仍是泡芙，归泡芙类别）
榴莲泡芙
草莓 / 蓝莓果酱泡芙
卡仕达 + 水果泡芙
咸蛋黄奶油泡芙（国内改良款）
3. 迷你泡芙 / 一口泡芙
迷你奶油泡芙
迷你巧克力泡芙
迷你爆浆泡芙（一口大小）
4. 造型类泡芙（仍属泡芙）
闪电泡芙（Éclair）
修女泡芙（双层泡芙叠起）
泡芙塔（多颗泡芙堆叠）
装饰性泡芙花（蛋糕裱花用泡芙胚）
5. 原料 / 半成品类
泡芙胚（冷冻半成品，需烘烤）
泡芙预拌粉
泡芙奶油馅（卡仕达馅、植脂奶油馅）
6. 风味改良款（仍归泡芙）
海盐焦糖泡芙
麻薯泡芙（外糯内脆的特殊改良）
肉松泡芙（国内热门款）
芋泥泡芙
红豆奶油泡芙","1. 奶油爆浆面包 
泡芙形状的面包胚
软面包挤出奶油，叫 “泡芙面包”
2. 蛋糕类混淆
泡芙形状蛋糕（实际是海绵 / 戚风胚）
3. 油炸类点心
油炸空心酥、油炸奶油球
4. 饼干、薄脆类
泡芙脆片
泡芙形状饼干 
5. 泡芙形状的巧克力 / 糖果
6. 非烘烤面团
冷冻泡芙形状面团（未烘烤）
面包胚 → 归面包原料
泡芙胚 → 归泡芙半成品",良品铺子,,,香草,盒装,无糖,,,,,,
,,,,,,,,,三只松鼠,,,巧克力,礼盒装,含糖,,,,,,
,,,,,,,,,百草味,,,草莓,其他,,,,,,,
,,,,,,,,,来伊份,,,抹茶,,,,,,,,
,,,,,,,,,好丽友,,,芒果,,,,,,,,
,,,,,,,,,,,,焦糖,,,,,,,,
,,,,,,,,,,,,咖啡,,,,,,,,
,,,,,,,,,,,,蓝莓,,,,,,,,
,,,,,,,,,,,,柠檬,,,,,,,,
,,,,,,,,,,,,椰子,,,,,,,,
,,,,,,,,,,,,榛子,,,,,,,,
,,,,,,,,,,,,开心果,,,,,,,,
,,,,,,,,,,,,其他,,,,,,,,
,,,,,,,,,,,,,,,,,,,,
,,,,,,,,,,,,,,,,,,,,
,,,,,,,,,,,,,,,,,,,,
,,,,,,,,,,,,,,,,,,,,
,,,,,,,,,,,,,,,,,,,,
,,,,,,,,,,,,,,,,,,,,
,,,,,,,,,,,,,,,,,,,,
,,,,,,,,,,,,,,,,,,,,
,,,,,,,,,,,,,,,,,,,,
83.0,食品,休闲零食,西式糕点,布丁/慕斯类（含提拉米苏）,B,"定义
主要通过冷藏凝固而非烘烤制成的软质甜点，质地细腻柔滑。布丁通常以蛋、奶、糖及凝固剂制成，口感顺滑；慕斯则以打发奶油或蛋白为基础，质地轻盈蓬松；提拉米苏是其中一种特定款式，由手指饼干、咖啡、马斯卡彭奶酪及可可粉层叠而成。这类产品需冷藏保存和运输，常见于甜品店和超市冷藏柜，保质期3–7天，代表品包括鸡蛋布丁、巧克力慕斯、提拉米苏。
布丁（Pudding）
布丁是以牛奶 / 奶油、鸡蛋、糖为主要原料，可加入面粉、淀粉、果泥、巧克力等，经蒸制、煮制、烘烤或凝固制成的柔软、半凝固或凝固型甜品。
结构 = 乳化体系 + 凝固 / 半凝固
口感 = 顺滑、柔软、绵密
温度可常温 / 冷藏 / 冷冻
慕斯（Mousse）
慕斯是以打发奶油、明胶 / 琼脂、巧克力 / 果泥为核心，经冷冻或冷藏凝固形成的轻盈充气型甜品。
核心结构 = 打发奶油 + 凝胶载体 + 风味主体
口感 = 轻盈、入口即化、空气感强
必须 冷藏 / 冷冻保存","布丁类 
1. 常规布丁
2. 果味布丁
3. 冷冻布丁（果冻布丁型）
4. 烘烤型布丁（Custard Pudding）
5. 礼盒 / 袋装布丁
慕斯类
1. 基础风味慕斯
2. 果味慕斯
3. 慕斯蛋糕组合
4. 冷冻慕斯制品

快速分类判定
布丁判定
有奶 / 有蛋、半凝固 / 凝固、柔软顺滑 = 布丁
慕斯判定
冷藏 / 冷冻、轻盈充气、奶油基底 = 慕斯","1. 结构不符 → 不属布丁
果冻（无奶 / 无蛋结构）→ 果冻类
酸奶布丁（非布丁体系）→ 酸奶乳制品
纯巧克力块 → 巧克力
饼干夹心布丁形状 → 饼干
面包布丁（面包 + 蛋奶）→ 面包类
2. 结构不符 → 不属慕斯
海绵蛋糕 / 戚风蛋糕 → 蛋糕
奶油裱花蛋糕 → 蛋糕
慕斯形状巧克力 → 巧克力制品
慕斯风味冰淇淋 → 冰淇淋（不归慕斯）
3. 其他排除
布丁形状的糖果 / 果冻 → 糖果 / 果冻
慕斯形状的装饰模型（非食品）→ 装饰品
慕斯风味饮品 → 饮料类",喜之郎,,,原味,袋装,无糖,,,,,,
,,,,,,,,,旺旺,,,巧克力味,盒装,含糖,,,,,,
,,,,,,,,,良品铺子,,,草莓味,礼盒装,,,,,,,
,,,,,,,,,三只松鼠,,,抹茶味,其他,,,,,,,
,,,,,,,,,百草味,,,芒果味,,,,,,,,
,,,,,,,,,,,,香草味,,,,,,,,
,,,,,,,,,,,,椰子味,,,,,,,,
,,,,,,,,,,,,咖啡味,,,,,,,,
,,,,,,,,,,,,焦糖味,,,,,,,,
,,,,,,,,,,,,蓝莓味,,,,,,,,
,,,,,,,,,,,,柠檬味,,,,,,,,
,,,,,,,,,,,,树莓味,,,,,,,,
,,,,,,,,,,,,提拉米苏味,,,,,,,,
,,,,,,,,,,,,山竹味,,,,,,,,
,,,,,,,,,,,,椰果味,,,,,,,,
,,,,,,,,,,,,其他,,,,,,,,
,,,,,,,,,,,,,,,,,,,,
,,,,,,,,,,,,,,,,,,,,
,,,,,,,,,,,,,,,,,,,,
,,,,,,,,,,,,,,,,,,,,
,,,,,,,,,,,,,,,,,,,,
,,,,,,,,,,,,,,,,,,,,
84.0,食品,休闲零食,西式糕点,甜甜圈,B,"定义
一种环形或封闭状、经油炸或烘烤而成的甜味面点，表面常覆盖糖霜、巧克力或撒上糖粉、糖粒。面团通常经过发酵，成品外酥内软，中心部分有时会注入果酱、奶油等馅料，是一种广泛流行的便携式甜点，直径6–10 cm，常温或冷冻流通，单只或盒装，常见于快餐店、咖啡店和专门店铺，经典口味为原味糖霜、巧克力、草莓糖衣。
核心定义
甜甜圈是一种以小麦粉、酵母、糖、油脂、鸡蛋 / 牛奶为主要原料，经醒发、整形、油炸（或烘烤）制成的环形或球形油炸面食 / 西式面点。
核心特征
环形 / 球形、表面常挂糖霜 / 糖粉 / 巧克力、口感外酥内软。
分类归属
属于烘焙食品 / 西式糕点或油炸面食，取决于工艺。
快速分类判定
有面团、油炸 / 烘烤、环形 / 球形、糖霜 / 夹心 = 甜甜圈","1. 油炸甜甜圈（Yeast Donut） 酵母发酵，面团更松软，口感外脆内软。 代表产品：经典原味圈、草莓糖霜圈、巧克力圈
2. 蛋糕甜甜圈（Cake Donut） 化学膨松剂（泡打粉），口感更扎实、偏干。 代表产品：老式甜甜圈、波提（Bomboloni）、甜甜圈球
3. 烘烤甜甜圈（Baked Donut） 无油炸，烘烤成型，低脂。 代表产品：健身 / 健康款甜甜圈、迷你烘烤甜甜圈","1. 面包圈（Bagel） 水煮后烘烤，口感硬韧有嚼劲，无油炸蓬松感 贝果 / 面包类
2. 油炸面团球（Fried Dough Balls） 无环形结构，只是面团球，不叫甜甜圈 油炸面食 / 点心
3. 甜甜圈形状的饼干 饼干口感干硬，无甜甜圈的松软内部 饼干 / 曲奇类
4. 甜甜圈形状的蛋糕 蛋糕胚（戚风 / 海绵）结构，非面团面团 蛋糕类",好丽友,,,原味糖霜,单只装,无糖,,,,,,
,,,,,,,,,达利园,,,巧克力,盒装（多只）,含糖,,,,,,
,,,,,,,,,盼盼,,,草莓糖衣,袋装,,,,,,,
,,,,,,,,,良品铺子,,,香草糖霜,礼盒装,,,,,,,
,,,,,,,,,三只松鼠,,,抹茶,其他,,,,,,,
,,,,,,,,,,,,焦糖,,,,,,,,
,,,,,,,,,,,,肉桂糖,,,,,,,,
,,,,,,,,,,,,柠檬糖霜,,,,,,,,
,,,,,,,,,,,,蓝莓糖霜,,,,,,,,
,,,,,,,,,,,,花生酱,,,,,,,,
,,,,,,,,,,,,枫糖,,,,,,,,
,,,,,,,,,,,,奶油夹心,,,,,,,,
,,,,,,,,,,,,果酱夹心,,,,,,,,
,,,,,,,,,,,,其他,,,,,,,,
,,,,,,,,,,,,,,,,,,,,
,,,,,,,,,,,,,,,,,,,,
,,,,,,,,,,,,,,,,,,,,
,,,,,,,,,,,,,,,,,,,,
,,,,,,,,,,,,,,,,,,,,
,,,,,,,,,,,,,,,,,,,,
,,,,,,,,,,,,,,,,,,,,
,,,,,,,,,,,,,,,,,,,,
85.0,食品,休闲零食,西式糕点,其他西式糕点,,"定义
指除上述明确分类外，符合西式烘焙工艺与风味特征，但形态、配方或制法具有较大差异，难以归入前述任一具体类别的糕点总称。这类产品可能包括特定地域的传统糕点、创新融合型点心，或由多种基础糕点组合而成的复合型甜品，其共同特点是采用西式烘焙常用的原料与技法制成。本类目不包含已列明的10个细分品类。

核心定义
西式糕点（排除上述指定品类）：以面粉、糖、油脂、鸡蛋为主要原料，辅以乳制品、坚果、水果、香料、巧克力等，通过烘烤、油炸、蒸煮等西式工艺制成，定型化、独立包装或单份食用的非主食类西式点心。","1. 起酥类（非派 / 挞）
定义：以多层酥皮为核心结构，通过油脂折叠形成分层口感，烘烤制成的点心。
代表品种：羊角包（可颂，排除面包的特殊例外：若为纯黄油起酥、无面包松软组织，属此类；若为常规软质面包形态，归面包）、丹麦酥（非面包形态）、蝴蝶酥、杏仁酥、千层酥皮卷、榛子酥皮饼。
2. 塔类（非挞）
定义：塔皮为硬质酥皮 / 甜酥皮，馅料为凝固型（奶油、卡仕达、巧克力、水果），高度高于挞，造型多为圆形或花边形。
代表品种：柠檬塔、巧克力塔、水果塔（草莓 / 蓝莓 / 芒果）、坚果塔、焦糖塔。
3. 酥皮点心类（非泡芙 / 可颂）
定义：以酥皮为包裹层，内馅为奶油、果酱、巧克力、坚果等，独立成型烘烤的点心（区别于泡芙的空心面糊结构）。
代表品种：拿破仑蛋糕（千层酥）、酥皮奶黄卷、酥皮豆沙卷、酥皮水果派（非挞）、酥皮巧克力卷。
4. 米 / 谷物类西式点心
定义：以大米、糙米、燕麦、玉米等谷物为主要原料，结合西式工艺（烘烤、油炸）制成的非面包类点心。
代表品种：糙米卷、燕麦酥、玉米酥、米饼（西式工艺，非中式米糕）、谷物能量棒（非面包 / 蛋糕）。
5. 油炸类西式点心（非甜甜圈 / 华夫饼）
定义：以面粉、鸡蛋、糖为原料，通过油炸成型，辅以糖浆、糖粉、坚果等装饰的西式点心。
代表品种：炸甜甜圈的特殊变体（如环形以外的造型，排除标准甜甜圈）、油炸奶油角、油炸酥球、芝麻球（西式工艺）。
6. 其他特殊工艺类
定义：未被排除，且采用西式发酵 / 烘烤 / 蒸煮工艺，独立成型的点心。
代表品种：玛芬蛋糕（排除小蛋糕的特殊例外：若为重油、顶部装饰丰富的玛芬，部分标准界定归此类；若为松软纸杯小蛋糕，归小蛋糕）、磅蛋糕（排除小蛋糕的特殊例外：重油、定型硬质磅蛋糕，归此类；松软款归小蛋糕）、芝士蛋糕（重芝士，非布丁 / 慕斯；轻芝士若为慕斯质地归慕斯，否则归此类）。",,稻香村,,,原味,盒装,无糖,,,,,,
,,,,,,,,,知味观,,,巧克力味,袋装,含糖,,,,,,
,,,,,,,,,沈大成,,,香草味,散装,,,,,,,
,,,,,,,,,五芳斋,,,水果味,礼盒装,,,,,,,
,,,,,,,,,广州酒家,,,芝士味,托盘装,,,,,,,
,,,,,,,,,,,,抹茶味,其他,,,,,,,
,,,,,,,,,,,,咖啡味,,,,,,,,
,,,,,,,,,,,,坚果味,,,,,,,,
,,,,,,,,,,,,焦糖味,,,,,,,,
,,,,,,,,,,,,肉桂味,,,,,,,,
,,,,,,,,,,,,其他,,,,,,,,
,,,,,,,,,,,,,,,,,,,,
,,,,,,,,,,,,,,,,,,,,
,,,,,,,,,,,,,,,,,,,,
,,,,,,,,,,,,,,,,,,,,
,,,,,,,,,,,,,,,,,,,,
,,,,,,,,,,,,,,,,,,,,
,,,,,,,,,,,,,,,,,,,,
,,,,,,,,,,,,,,,,,,,,
,,,,,,,,,,,,,,,,,,,,
,,,,,,,,,,,,,,,,,,,,
,,,,,,,,,,,,,,,,,,,,
86.0,食品,休闲零食,糖果,软糖,A,"定义：一种质地柔软、富有弹性和嚼劲的凝胶状糖果，通常以食用明胶、果胶或淀粉作为凝胶剂，并添加糖浆、果汁、食用香精和色素制成。产品形态多样，常见于动物造型、水果切片、条状或粒状，通常以散装、袋装或盒装形式销售，属于需咀嚼食用的糖果类别。

软糖的快速判断要点

1. 看质地：核心是 “软、糯、弹”
入口质地柔软，用手轻捏有弹性、不硬脆；区别于硬糖（硬脆）、酥糖（疏松易碎）、酥点（酥松掉渣）。
2. 看形态：多为凝胶定型
常见造型：块状、条状、小熊 / 动物形、果形、软质颗粒状；
表面多光滑或有少量糖粉，无硬壳、无酥脆结构。
3. 看工艺：以凝胶剂成型为主
核心工艺：添加琼脂、明胶、果胶、卡拉胶、变性淀粉等凝胶剂，经熬糖、调香、浇模成型；
区别于硬糖（熬糖拉条）、酥糖（炒糖酥化）、糕点（烘焙发酵）。
4. 看配料：含凝胶剂与甜味剂
配料表必见凝胶剂（明胶 / 琼脂 / 果胶 / 卡拉胶 / 淀粉）；
甜味以蔗糖、糖浆或代糖为主，多含香精、色素（果味型）。
5. 看口感：软糯有嚼劲
入口易嚼，质地绵密、不粘牙（或轻微粘牙），咀嚼后有弹性；
区别于奶糖（偏黏腻）、酥糖（易散碎）、糕点（偏粉 / 松软）。
一句话快速判断：质地软弹、凝胶成型、入口软糯有嚼劲的糖果类食品，就是软糖。","凝胶软糖
明胶、琼脂、果胶、卡拉胶等凝胶剂制成，口感软糯有弹性。
例：QQ 糖、软质水果糖、橡皮糖、小熊糖、果汁软糖。
软质糖果（广义）
质地柔软、非硬糖、非酥糖、非奶糖基底的糖制品。
例：软质奶糖、软质牛轧糖、软质夹心糖（外层软）。
功能性软糖
以软糖形态添加维生素、益生菌、胶原蛋白等。
例：软糖维生素、软糖益生菌、软糖胶原蛋白。","硬糖
质地坚硬、透明或半透明，无弹性。
例：水果硬糖、棒棒糖硬糖、玻璃糖。

胶基软糖（偏咀嚼型）
含胶基，以咀嚼为主、甜味为辅。
例：口香糖软糖、泡泡糖软糖、咀嚼软糖。

酥糖 / 酥点类
质地疏松、易碎，非凝胶结构。
例：花生酥、芝麻酥、酥糖。

奶糖 / 太妃糖（偏硬或偏粘）
以糖、乳、油脂为主，质地比软糖紧实。
例：奶糖、太妃糖、牛轧糖（偏硬）。

巧克力类
可可脂、可可液块基底，不属于软糖。
例：巧克力、巧克力豆、巧克力软心（外层巧克力）。

糕点 / 点心类
含面粉、蛋、油等烘焙原料，不属于糖果。
例：软糕、麻薯、糯米糕、软点心。",阿尔卑斯,凝胶软糖,,草莓味,独立小包装,无糖,,,,,,
,,,,,,,,,大白兔,橡皮糖（QQ 糖）,,葡萄味,盒装,含糖,,,,,,
,,,,,,,,,徐福记,夹心软糖,,橙子味,袋装,,,,,,,
,,,,,,,,,金丝猴,棉花糖,,芒果味,罐装,,,,,,,
,,,,,,,,,不二家,爆浆软糖,,水蜜桃味,瓶装,,,,,,,
,,,,,,,,,,维生素软糖 ,,蓝莓味,礼盒装,,,,,,,
,,,,,,,,,,牛轧软糖,,菠萝味,组合装,,,,,,,
,,,,,,,,,,,,混合水果味,,,,,,,,
,,,,,,,,,,,,牛奶味,,,,,,,,
,,,,,,,,,,,,巧克力味,,,,,,,,
,,,,,,,,,,,,酸奶味,,,,,,,,
,,,,,,,,,,,,其他,,,,,,,,
,,,,,,,,,,,,,,,,,,,,
,,,,,,,,,,,,,,,,,,,,
,,,,,,,,,,,,,,,,,,,,
,,,,,,,,,,,,,,,,,,,,
,,,,,,,,,,,,,,,,,,,,
,,,,,,,,,,,,,,,,,,,,
,,,,,,,,,,,,,,,,,,,,
,,,,,,,,,,,,,,,,,,,,
,,,,,,,,,,,,,,,,,,,,
,,,,,,,,,,,,,,,,,,,,
87.0,食品,休闲零食,糖果,硬糖,A,"定义：一种质地坚硬、结构致密的透明或不透明固体糖果，由砂糖、糖浆经高温熬煮并冷却固化而成，可添加水果香精、薄荷油等调味。产品通常为单颗的规则几何形状（如球形、扁圆形、方块形），部分内部可包裹夹心，以独立小包装或卷装形式为主，属于含服或吮吸至融化的糖果类别。

硬糖的快速判断要点

质地：坚硬、脆、不粘牙，用手掰或牙咬会有 “脆响”，不会变形、不软烂。
口感：入口先硬后慢慢溶解，不 Q 弹、不黏牙、不酥散。
形态：多为透明 / 半透明块状、片状、棒状、球状，表面光滑或有少量糖霜，无软胶质感。
工艺：以熬糖、冷却、成型为主，不含明胶、琼脂等凝胶剂（少数夹心除外）。
典型特征：含在嘴里会逐渐融化，不会像软糖那样有弹性，也不会像酥糖那样一捏就碎。","硬糖是以白砂糖、淀粉糖浆等为主要原料，经熬煮使水分含量≤2%，质地坚硬、质地均匀、透明或半透明的糖果，核心品类如下：

基础风味硬糖：水果硬糖（草莓、橙子、柠檬、葡萄等）、薄荷硬糖、留兰香硬糖、原味奶硬糖、奶油硬糖、酥心硬糖（花生酥心、芝麻酥心）。

造型 / 功能硬糖：棒棒糖硬糖（含棍式、无棍式）、玻璃硬糖（晶莹剔透，含水果 / 薄荷风味）、夹心硬糖（外硬内软，夹心为果酱、坚果、巧克力等）、压片硬糖（薄荷 / 水果味，含压片工艺）。

特色硬糖：中草药硬糖（薄荷草、金银花等风味）、咖啡 / 可可硬糖、乳酸硬糖、混合口味硬糖（多种水果 / 风味拼配）。","软质糖果：软糖（QQ 软糖、果汁软糖）、橡皮糖、棉花糖、奶糖（太妃糖、卡拉胶奶糖）、酥糖（花生酥、芝麻酥）、牛轧糖。

巧克力 / 可可制品：黑巧克力、牛奶巧克力、白巧克力、巧克力豆、巧克力夹心糖（非硬糖基底）。

糕点 / 点心类：饼干、蛋糕、酥饼、糕点、糖果糕点（非纯糖质构）。

其他零食：坚果、果干、薯片、膨化食品、蜜饯、果冻、布丁（无硬糖质地特征）。

特殊质构糖果：凝胶糖（琼脂 / 明胶凝胶）、充气糖果（如棉花糖、充气奶糖）、焦糖糖（质地柔韧，非坚硬）。",阿尔卑斯,熬煮硬糖,,水果味,袋装,含糖,,,,,,
,,,,,,,,,大白兔,酥心硬糖,,牛奶味,盒装 / 铁盒装,无糖,,,,,,
,,,,,,,,,徐福记,夹心硬糖,,薄荷味,独立小包装,,,,,,,
,,,,,,,,,金丝猴,抛光硬糖,,咖啡味,桶装 / 量贩装,,,,,,,
,,,,,,,,,不二家,,,复合风味,礼盒装,,,,,,,
,,,,,,,,,,,,其他,组合装,,,,,,,
,,,,,,,,,,,,巧克力味,,,,,,,,
,,,,,,,,,,,,其他,,,,,,,,
,,,,,,,,,,,,,,,,,,,,
,,,,,,,,,,,,,,,,,,,,
,,,,,,,,,,,,,,,,,,,,
,,,,,,,,,,,,,,,,,,,,
,,,,,,,,,,,,,,,,,,,,
,,,,,,,,,,,,,,,,,,,,
,,,,,,,,,,,,,,,,,,,,
,,,,,,,,,,,,,,,,,,,,
,,,,,,,,,,,,,,,,,,,,
,,,,,,,,,,,,,,,,,,,,
,,,,,,,,,,,,,,,,,,,,
,,,,,,,,,,,,,,,,,,,,
,,,,,,,,,,,,,,,,,,,,
,,,,,,,,,,,,,,,,,,,,
88.0,食品,休闲零食,糖果,酥糖,A,"定义：一种质地酥脆、易碎且层次分明的糖果，主要通过将熬煮的糖浆与炒熟的坚果碎（如花生、芝麻）、谷物粉等原料反复折叠拉伸制成。产品通常为小块长方体或片状，入口即碎，具有明显的坚果香气和甜味，多以散装称重或简易包装形式出售，属于传统糕点式糖果类别。

核心定义 
酥糖是一类以糖类（白砂糖、麦芽糖等）为基底，搭配坚果、芝麻、花生等富含油脂和蛋白质的原料，经熬煮、混合、成型、碾压等传统工艺制成的硬质或半硬质糖果。其核心特征是口感酥脆、易碎裂，且具有浓郁的坚果香气。

关键判定规则
必须同时满足 “糖果属性”+“酥脆口感”+“坚果 / 油脂为主要配料”。

快速判定口诀 
属性：是糖果还是点心？糖果归此类，点心排除。
口感：入口是否酥脆易断？是则归，柔韧 / 坚硬则排除。
原料：是否以坚果 / 芝麻 + 糖为主要成分？是则归入，否则排除。","1. 花生酥糖（最经典）
定义：以花生仁为主要坚果原料，与麦芽糖、白砂糖熬煮融合后压制成型。
代表品种：传统花生酥、芝麻花生酥、原味花生酥、椒盐花生酥。
2. 芝麻酥糖
定义：以黑白芝麻为核心原料，与糖液混合制成，香气浓郁。
代表品种：黑芝麻酥糖、白芝麻酥糖、芝麻核酥糖。
3. 综合坚果酥糖
定义：以两种及以上坚果（如花生、芝麻、核桃、杏仁）为主要成分的酥糖。
代表品种：什锦坚果酥、核桃酥糖、杏仁酥糖、腰果酥糖。
4. 特色风味酥糖
定义：在传统酥糖基础上，添加特定风味成分的变体。
代表品种：抹茶酥糖、可可酥糖、桂花酥糖、陈皮酥糖。
5. 酥心糖（特殊形态）
定义：外层为酥脆糖衣，内部包裹软芯或流心馅料的糖果。
代表品种：花生酥心糖、芝麻酥心糖、奶黄酥心糖。","1. 酥饼 / 酥点 属于糕点 / 点心，非糖果 属于主食或点心范畴，可独立成块食用，而非糖果属性
2. 牛轧糖 属于充气糖果，非酥糖 口感柔韧、有拉丝感，核心工艺为打发蛋白 / 坚果粘合
3. 花生糖（非酥） 属于硬糖 / 软糖，非酥糖 若未经过碾压形成酥脆结构，而是整块硬糖或软糖，不归为酥糖
4. 麻薯 / 糯米糍 属于糕点 / 点心，非糖果 以糯米粉为主要原料，口感软糯，非酥脆
5. 酥性饼干 属于西式糕点 / 饼干 核心原料为面粉，工艺为烘烤，属于糕点体系
6. 巧克力制品 属于巧克力糖果 主要成分为可可脂 / 可可液块，与酥糖的坚果糖基体系不同",阿尔卑斯,,,花生味,盒装,,,,,,,
,,,,,,,,,大白兔,,,芝麻味,罐装,,,,,,,
,,,,,,,,,徐福记,,,原味,礼盒装,,,,,,,
,,,,,,,,,金丝猴,,,黑芝麻味,,,,,,,,
,,,,,,,,,不二家,,,椒盐味,,,,,,,,
,,,,,,,,,,,,核桃味,,,,,,,,
,,,,,,,,,,,,杏仁味,,,,,,,,
,,,,,,,,,,,,椰香味,,,,,,,,
,,,,,,,,,,,,桂花味,,,,,,,,
,,,,,,,,,,,,玫瑰味,,,,,,,,
,,,,,,,,,,,,其他,,,,,,,,
,,,,,,,,,,,,,,,,,,,,
,,,,,,,,,,,,,,,,,,,,
,,,,,,,,,,,,,,,,,,,,
,,,,,,,,,,,,,,,,,,,,
,,,,,,,,,,,,,,,,,,,,
,,,,,,,,,,,,,,,,,,,,
,,,,,,,,,,,,,,,,,,,,
,,,,,,,,,,,,,,,,,,,,
,,,,,,,,,,,,,,,,,,,,
,,,,,,,,,,,,,,,,,,,,
,,,,,,,,,,,,,,,,,,,,
89.0,食品,休闲零食,糖果,充气糖果,A,"定义
以食糖 / 糖浆 / 甜味剂等为主要原料，经工艺制成内部含分散细密均匀气泡的固态 / 半固态糖果，气泡是其口感疏松的核心特征。

边界与判定要点
核心判定：必须经充气工艺形成稳定细密气泡，仅表面微泡或搅拌残留大泡不属充气糖果。
易混淆项：充气硬糖（含高压气泡但属硬糖范畴）、跳糖（含二氧化碳气泡但非传统充气糖果）。
合规依据：SB/T 10104-2017《糖果 充气糖果》、GB/T 31120-2014《糖果术语》。","1. 高度充气： 海绵状、轻脆 / 弹性、可复原。 典型代表：棉花糖、充气奶芙。关键工艺：高比例充气、明胶 / 蛋白发泡
2. 中度充气： 组织细密、略有弹性、咀嚼性适中。 典型代表：牛轧糖、太妃糖（充气型）。关键工艺： 控制充气度、添加果仁 / 油脂
3. 低度充气： 组织紧密、咀嚼感强、气泡隐蔽。 典型代表：求斯糖、部分奶糖。 关键工艺：低充气量、高浓度熬煮
4. 其他型： 特殊工艺 / 复合结构。 典型代表：充气夹心糖、包衣充气糖。 关键工艺：夹心封装、表面包衣","1. 无气泡的硬质糖果（如普通硬糖、抛光糖）
2. 以凝胶为主的凝胶糖果（如橡皮糖、QQ 糖，无充气工艺）
3. 胶基糖果（如口香糖、泡泡糖，含胶基基质）
4. 压制成型的压片糖果（无充气与气泡结构）
5. 不含充气工艺的乳脂糖果（如普通奶糖、太妃糖非充气款）",徐福记,高度充气糖果（棉花糖类）,,草莓味,独立小包装,,,,,,,
,,,,,,,,,雪丽糍,低度充气糖果（求斯糖、奶糖类）,,蓝莓味,袋装（中袋 / 大袋）,,,,,,,
,,,,,,,,,雅客,沙质型充气糖果（雪花糖类）,,芒果味,罐装,,,,,,,
,,,,,,,,,上好佳,凝胶型充气糖果（充气软糖类）,,葡萄味,盒装,,,,,,,
,,,,,,,,,不二家,脂肪型充气糖果（牛轧糖、太妃糖类）,,水蜜桃味,桶装,,,,,,,
,,,,,,,,,曼妥思,其他型充气糖果,,香橙味,长条棒装,,,,,,,
,,,,,,,,,森永（嗨啾）,,,柠檬味,瓶装,,,,,,,
,,,,,,,,,阿尔卑斯,,,哈密瓜味,礼袋装,,,,,,,
,,,,,,,,,大白兔,,,牛奶味,散装称重包装,,,,,,,
,,,,,,,,,金丝猴,,,巧克力味,夹心棉花糖串装,,,,,,,
,,,,,,,,,金冠,,,香草味,组合装,,,,,,,
,,,,,,,,,春光,,,抹茶味,礼盒装,,,,,,,
,,,,,,,,,,,,椰子味,,,,,,,,
,,,,,,,,,,,,榴莲味,,,,,,,,
,,,,,,,,,,,,其他,,,,,,,,
,,,,,,,,,,,,,,,,,,,,
,,,,,,,,,,,,,,,,,,,,
,,,,,,,,,,,,,,,,,,,,
,,,,,,,,,,,,,,,,,,,,
,,,,,,,,,,,,,,,,,,,,
,,,,,,,,,,,,,,,,,,,,
,,,,,,,,,,,,,,,,,,,,
90.0,食品,休闲零食,糖果,胶基糖果,A,"定义
一种以天然或合成胶基为主要成分的耐咀嚼型糖果，其核心特征是通过胶基（如聚醋酸乙烯酯、天然树胶等）提供持久且柔韧的咀嚼基底，并混合糖粉、糖浆、香料及软化剂制成。产品质地紧密且富有弹性，咀嚼时不易溶解，主要用于提供持久风味或辅助清洁口腔，常见形态为片状、块状或条状，通常以条状铝箔复合膜独立包装或瓶装、盒装形式销售。

快速判断要点
咀嚼感：嚼后有明显弹性、不化渣，能长时间咀嚼
成分：配料表含 “胶基”“咀嚼胶” 等胶基原料
口感：甜味释放后仍有韧性，不易咬碎
形态：多为口香糖、泡泡糖、咀嚼片等
功能：以咀嚼、清新口气、泡泡吹制为主","胶基糖果核心指以胶基为主要咀嚼基质，兼具清新口气、泡泡吹制或长期咀嚼功能的糖果，常见品类如下：

口香糖：原味薄荷、水果味、无糖型口香糖，以咀嚼为主要食用方式。

泡泡糖：专用于吹制泡泡的泡泡糖，口感更具延展性和韧性。

胶基硬糖 / 软糖：添加胶基的硬糖、软糖，保留咀嚼韧性的同时兼具糖体风味。

无糖胶基糖果：以代糖调味、胶基为基质的无糖口香糖、无糖泡泡糖。","排除无胶基基质、以单纯糖体或其他原料为主的糖果及食品，具体如下：

普通硬糖 / 软糖：仅由糖、糖浆、香精等制成，无胶基，无咀嚼韧性（如水果硬糖、奶糖、软糕糖）。

巧克力类：巧克力、巧克力豆、巧克力夹心糖，以可可脂为基质，无胶基。

糕点 / 点心类：面包、蛋糕、饼干、酥饼等主食或点心，无胶基咀嚼属性。

其他糖果类：酥糖、酥心糖、棉花糖、奶片（无胶基）、软质凝胶糖（仅糖体无胶基）。

非糖果类食品：坚果、果干、肉制品、膨化食品等，与胶基糖果无关联。",绿箭,口香糖,,薄荷味,片状装,无糖,,,,,,
,,,,,,,,,益达,泡泡糖,,西瓜味,瓶装 / 罐装,含糖,,,,,,
,,,,,,,,,炫迈,咀嚼糖,,草莓味,袋装,,,,,,,
,,,,,,,,,箭牌,,,葡萄味,独立小包装,,,,,,,
,,,,,,,,,乐天,,,橙子味,礼盒装,,,,,,,
,,,,,,,,,,,,柠檬味,组合装,,,,,,,
,,,,,,,,,,,,哈密瓜味,,,,,,,,
,,,,,,,,,,,,芒果味,,,,,,,,
,,,,,,,,,,,,混合水果味,,,,,,,,
,,,,,,,,,,,,酸奶味,,,,,,,,
,,,,,,,,,,,,牛奶味,,,,,,,,
,,,,,,,,,,,,巧克力味,,,,,,,,
,,,,,,,,,,,,其他,,,,,,,,
,,,,,,,,,,,,,,,,,,,,
,,,,,,,,,,,,,,,,,,,,
,,,,,,,,,,,,,,,,,,,,
,,,,,,,,,,,,,,,,,,,,
,,,,,,,,,,,,,,,,,,,,
,,,,,,,,,,,,,,,,,,,,
,,,,,,,,,,,,,,,,,,,,
,,,,,,,,,,,,,,,,,,,,
,,,,,,,,,,,,,,,,,,,,
91.0,食品,休闲零食,糖果,其他糖果,,"定义：指无法归入上述任一具体类别的糖果制品，其原料、工艺、形态或口感具有特殊性或综合性。这类产品可能包含特定地域的传统糖果、创新工艺糖果或成分组合独特的糖果，其包装和销售形式多样，在糖果分类中作为补充类别存在。

核心定义
其他糖果：指所有不隶属于软糖、硬糖、酥糖及胶基糖果这四大基础品类的糖果子类。它们通常具有特殊的工艺、质地或风味属性，作为补充分类用于完善糖果品类体系。",,,阿尔卑斯,,,水果味,袋装,无糖,,,,,,
,,,,,,,,,大白兔,,,薄荷味,盒装,含糖,,,,,,
,,,,,,,,,徐福记,,,牛奶味,铁盒,,,,,,,
,,,,,,,,,金丝猴,,,巧克力味,罐装,,,,,,,
,,,,,,,,,不二家,,,咖啡味,散装,,,,,,,
,,,,,,,,,,,,蜂蜜味,条装,,,,,,,
,,,,,,,,,,,,坚果味,瓶装,,,,,,,
,,,,,,,,,,,,花香,其他,,,,,,,
,,,,,,,,,,,,茶味,,,,,,,,
,,,,,,,,,,,,酸奶味,,,,,,,,
,,,,,,,,,,,,焦糖味,,,,,,,,
,,,,,,,,,,,,酒味,,,,,,,,
,,,,,,,,,,,,咸甜味,,,,,,,,
,,,,,,,,,,,,辣味,,,,,,,,
,,,,,,,,,,,,其他,,,,,,,,
,,,,,,,,,,,,,,,,,,,,
,,,,,,,,,,,,,,,,,,,,
,,,,,,,,,,,,,,,,,,,,
,,,,,,,,,,,,,,,,,,,,
,,,,,,,,,,,,,,,,,,,,
,,,,,,,,,,,,,,,,,,,,
,,,,,,,,,,,,,,,,,,,,
92.0,食品,休闲零食,巧克力,巧克力,S,"定义：以可可液块、可可脂、糖为主要原料，经精磨、调温、成型等工艺制成的固态甜食，可可固形物含量通常介于20%至99%，可添加乳粉、坚果等成分。产品形态包括排块、夹心、涂层制品等，常温下保持固体状态，可直接食用或作为烘焙原料，常见于独立包装、礼盒装等零售形式。

快速判断要点 

看配料：配料表前几位一般有可可液块 / 可可粉、可可脂、白砂糖；代可可脂产品会标注 “代可可脂”。
看质地：表面光滑、有光泽，边缘整齐，不软塌、不粘手；受热会变软但常温下应紧实。
看断面：断面细腻、均匀，无明显气孔、杂质或 “粉化” 现象。
尝口感：入口先微融、后顺滑，有可可香，不粘牙、不牙碜；劣质巧克力会发腻、发粉、有蜡质感。
辨温度反应：手温能让它慢慢变软，但不会一捏就碎成粉（那是饼干 / 酥糖，不是巧克力）。
一句话：配料有可可脂 / 可可液块、表面有光泽、入口顺滑不粘牙。","按原料分类
黑巧克力：可可液块、可可脂、可可粉为主要原料，可可含量≥35%（国标最低标准），口感微苦至浓郁。
牛奶巧克力：添加奶粉 / 炼乳，口感醇厚香甜，可可含量通常在 25%-35%。
白巧克力：以可可脂、奶粉、糖、香精为原料，不含可可粉，口感奶香浓郁。
代可可脂巧克力：以代可可脂替代可可脂，符合国标代可可脂巧克力定义的制品。

按形态分类
块状巧克力：板砖状、方形、圆形等常规块状。
巧克力制品：含巧克力的糖果（如巧克力豆、巧克力夹心糖、巧克力威化）、巧克力酱、巧克力粉、巧克力淋酱等。
装饰用巧克力：巧克力碎、巧克力币、巧克力转印纸、巧克力造型配件等。","非巧克力糖果类
仅含可可粉但无可可脂 / 代可可脂的制品（如可可粉饼干、可可味硬糖）。
以油脂、糖、香精为主，无可可相关原料的糖果（如奶糖、水果糖、酥糖）。

假冒 / 劣质类
配料表无可可脂、代可可脂，却标注 “巧克力味” 的仿制品。
代可可脂含量超标且不符合国标定义的 “假巧克力”。
其他食品类
纯可可粉、可可液块（未添加糖、乳粉等巧克力成型原料）。
含可可成分的糕点、饮料、冰淇淋等（非纯巧克力或巧克力制品）。",德芙,黑巧克力,,黑巧克力味,独立小包装,无糖,,,,,,
,,,,,,,,,费列罗,白巧克力,,牛奶味,盒装,含糖,,,,,,
,,,,,,,,,好时,牛奶巧克力,,白巧克力味,罐装 / 筒装,,,,,,,
,,,,,,,,,歌帝梵,巧克力制品,,无糖/低糖巧克力味,卷装 / 长条装,,,,,,,
,,,,,,,,,明治,,,奶香味,礼盒装,,,,,,,
,,,,,,,,,,,,坚果果仁味,组合装,,,,,,,
,,,,,,,,,,,,水果味,,,,,,,,
,,,,,,,,,,,,咖啡味,,,,,,,,
,,,,,,,,,,,,草本味,,,,,,,,
,,,,,,,,,,,,醇甜风味,,,,,,,,
,,,,,,,,,,,,谷物味,,,,,,,,
,,,,,,,,,,,,茶味,,,,,,,,
,,,,,,,,,,,,什锦味,,,,,,,,
,,,,,,,,,,,,其他,,,,,,,,
,,,,,,,,,,,,,,,,,,,,
,,,,,,,,,,,,,,,,,,,,
,,,,,,,,,,,,,,,,,,,,
,,,,,,,,,,,,,,,,,,,,
,,,,,,,,,,,,,,,,,,,,
,,,,,,,,,,,,,,,,,,,,
,,,,,,,,,,,,,,,,,,,,
,,,,,,,,,,,,,,,,,,,,
93.0,食品,休闲零食,坚果炒货,瓜子,A,"定义
一种以向日葵、南瓜或西瓜等植物的种子为原料，经烘烤或炒制而成的休闲零食，其核心特征是食用者需用牙齿嗑开外壳以获取内部较小的籽仁，通常带有咸味、五香或奶油等调味；产品多以带壳原粒散装或袋装销售，常见于佐茶、聚会及日常消遣场景。

快速判断要点

形态：多为扁平种子状，颗粒独立，有坚硬外壳，内部为籽仁。
原料：常见葵花籽、南瓜籽、西瓜籽，均为植物种子，非果实或坚果整颗。
质地：外壳硬脆，籽仁干燥酥脆，无多汁果肉，区别于水果、蔬菜、软质零食。
用途：以直接剥壳食用为主，非烹饪主料或配料，区别于杂粮、坚果仁、干货杂项。
外观：外壳多有自然纹理或色泽区分，无复杂包装结构，区别于加工糕点、膨化食品。","葵花籽
原味、盐焗、奶油、五香、多味等炒制瓜子。
西瓜子
来自籽用西瓜（打瓜），黑壳、红壳等，多味、盐焗等。
南瓜子
南瓜籽，去壳 / 带壳，原味、椒盐等。
吊瓜子
部分地区 / 渠道会归入瓜子类。","花生
属于坚果 / 豆类，不是瓜类种子。
各类树坚果
杏仁、腰果、核桃、松子、开心果、巴旦木等。
豆类 / 杂粮类
黄豆、绿豆、蚕豆、芝麻等。
水产 / 海鲜类
海瓜子（贝类）、瓜子蛏等，属于水产，不是植物种子。
其他种子 / 果实
葡萄籽、石榴籽、樱桃核等（一般不作为零食瓜子）。",洽洽,葵花籽类,,原味,袋装,无糖,,,,,,
,,,,,,,,,真心,西瓜子类,,盐焗味,独立小包装,含糖,,,,,,
,,,,,,,,,正林,南瓜子类,,五香味,罐装,,,,,,,
,,,,,,,,,傻子,其他瓜籽类,,奶油味,盒装,,,,,,,
,,,,,,,,,良品铺子,,,焦糖味,礼盒装,,,,,,,
,,,,,,,,,,,,多味,组合装,,,,,,,
,,,,,,,,,,,,椒盐,,,,,,,,
,,,,,,,,,,,,蜂蜜,,,,,,,,
,,,,,,,,,,,,麻辣香辣,,,,,,,,
,,,,,,,,,,,,绿茶味,,,,,,,,
,,,,,,,,,,,,陈皮味,,,,,,,,
,,,,,,,,,,,,其他,,,,,,,,
,,,,,,,,,,,,,,,,,,,,
,,,,,,,,,,,,,,,,,,,,
,,,,,,,,,,,,,,,,,,,,
,,,,,,,,,,,,,,,,,,,,
,,,,,,,,,,,,,,,,,,,,
,,,,,,,,,,,,,,,,,,,,
,,,,,,,,,,,,,,,,,,,,
,,,,,,,,,,,,,,,,,,,,
,,,,,,,,,,,,,,,,,,,,
,,,,,,,,,,,,,,,,,,,,
94.0,食品,休闲零食,坚果炒货,花生,B,"定义
一种以花生果仁为原料，通过烘烤、油炸或炒制加工而成的常见坚果食品，其核心特征是香脆的口感和浓郁的坚果风味，可直接食用或作为烹饪配料；产品形式多样，包括带壳炒花生、去壳盐焗花生、油炸花生米以及裹衣花生等，常以袋装、罐装或散装形式销售，适合日常食用及作为下酒菜。
核心定义
一种以花生果实为原料，经去壳、熟制或特殊工艺加工而成的休闲零食。其核心特征是豆科落花生属植物的种子，外形呈蚕豆类的荚果状，外壳坚硬，内含红色种皮的籽仁。产品多为带壳或去壳形态，常见于日常佐餐、聚会消遣场景，属于坚果与籽类食品中的籽类。
快速判断要点
形态：多为荚果状（长筒形 / 葫芦形），颗粒饱满，外壳厚硬且带有明显的网络状纹路，内部包裹籽仁。
原料：核心为花生（Arachis hypogaea L.），植物学上属豆科，是典型的籽类，区别于瓜类种子和木本坚果。
质地：外壳硬韧，去壳后籽仁干燥酥脆或软糯（依工艺），无多汁果肉，口感干爽，区别于水果、软糖及膨化食品。
用途：以直接剥壳食用为主，也可作为糕点、菜肴的主料或配料，区别于仅作杂粮、干货杂项的花生。","1. 按原料形态分类
带壳花生（花生果）
花生仁（花生米）
去除外壳后的籽仁，可分为红皮、白皮、黑皮等不同品种。
2. 按加工工艺分类
原味炒花生
五香花生
盐焗花生
蒜香花生
多味花生（复合调味）
水煮花生
卤煮花生
泡椒花生（熟制、即食）
油炸花生米
琥珀花生
香辣花生仁
裹衣花生（花生豆）
巧克力花生
蜂蜜花生
椒盐花生仁","1. 品类无关
瓜子类：葵花籽、南瓜籽、西瓜籽等瓜类植物种子。
树坚果类：核桃、杏仁、腰果、开心果、松子、巴旦木等。
其他豆类 / 杂粮：黄豆、绿豆、蚕豆、芝麻、鹰嘴豆等（虽同属豆科，但商品属性不同）。
2. 非食品 / 非零食形态
生花生 / 未熟制花生（未加工的生鲜花生）。
仅作饲料、工业原料（花生粕）、宠物食品或医药中间体的花生制品。
3. 非花生主原料
花生味膨化食品、花生味饼干 / 糕点（无真实花生原料，仅调味）。
花生占比低于 50% 的混合零食礼盒。",洽洽,,,原味,袋装,无糖,,,,,,
,,,,,,,,,真心,,,盐焗,罐装,含糖,,,,,,
,,,,,,,,,正林,,,五香,盒装,,,,,,,
,,,,,,,,,傻子,,,蒜香,散装,,,,,,,
,,,,,,,,,良品铺子,,,麻辣,其他,,,,,,,
,,,,,,,,,,,,奶油,,,,,,,,
,,,,,,,,,,,,蜂蜜,,,,,,,,
,,,,,,,,,,,,海苔,,,,,,,,
,,,,,,,,,,,,烧烤,,,,,,,,
,,,,,,,,,,,,芥末,,,,,,,,
,,,,,,,,,,,,焦糖,,,,,,,,
,,,,,,,,,,,,其他,,,,,,,,
,,,,,,,,,,,,,,,,,,,,
,,,,,,,,,,,,,,,,,,,,
,,,,,,,,,,,,,,,,,,,,
,,,,,,,,,,,,,,,,,,,,
,,,,,,,,,,,,,,,,,,,,
,,,,,,,,,,,,,,,,,,,,
,,,,,,,,,,,,,,,,,,,,
,,,,,,,,,,,,,,,,,,,,
,,,,,,,,,,,,,,,,,,,,
,,,,,,,,,,,,,,,,,,,,
95.0,食品,休闲零食,坚果炒货,核桃,B,"定义
一种以核桃树的果实核仁为原料的坚果，通常经过烘烤或炒制以提升香气和酥脆口感，其核心特征是脑状皱褶的外形和富含油脂的风味，可直接食用或用于烘焙、菜肴；产品多以去壳的完整半仁或碎仁形式，采用袋装、罐装或礼盒包装销售。

快速判断要点
1. 形态 带壳：呈球形或椭圆，外壳坚硬厚实且木质化，表面有自然沟壑纹理；去壳：呈元宝状或脑状，两瓣对称，中间有明显的隔膜缝隙。
2. 原料 核心为核桃（Juglans regia L.），植物学上属于胡桃科，是典型的木本坚果，区别于花生（草本）和瓜子（种子）。
3. 质地 外壳硬脆木质，去壳后籽仁油脂饱满、口感细腻，富含油脂香气；区别于坚果仁的干硬或膨化食品的疏松。
4. 用途 以直接剥壳食用或取食果仁为主，可作为烘焙原料（如核桃酥、面包），非烹饪主料或杂粮。
5. 外观 外壳多为黄褐色或浅棕色，纹理粗糙；常见形态为纸皮核桃、薄皮核桃及核桃仁，包装多为简单袋装，无复杂托盒。","1. 按形态
带壳核桃：纸皮核桃、薄皮核桃、厚皮核桃（自然状态或清洗后）。
核桃仁：整颗核桃仁、碎核桃仁、核桃仁瓣。
2. 按工艺
传统炒货：原味核桃、盐焗核桃、草本味核桃、五香核桃。
裹衣 / 深加工：琥珀核桃仁（蜂蜜 / 糖衣）、奶油核桃仁、椒盐核桃仁。
复合坚果：坚果混合礼盒中，以核桃为主要原料的部分。
3. 按品种
新疆核桃、云南核桃、美国加州核桃、薄皮核桃、黑核桃等特色品种。","1. 品类无关
花生：属于豆科草本籽类，非木本坚果。
瓜子类：葵花籽、南瓜籽、西瓜籽等瓜类植物种子。
其他树坚果：杏仁、腰果、开心果、松子、巴旦木等
豆类 / 杂粮：黄豆、绿豆、芝麻等。
2. 非食品 / 非零食形态
生核桃 / 未加工核桃：生鲜核桃、未剥皮的生核桃仁（归为生鲜）。
非食用：仅作饲料、工业原料（如核桃壳粉）、医药中间体的核桃制品。
3. 非核桃主原料
核桃味零食：核桃味膨化食品、核桃味饼干（无真实核桃原料）。
核桃油：属于食用油，不归入休闲炒货。
核桃露 / 乳：属于植物蛋白饮料，另有分类。",三只松鼠,,,原味,袋装,无糖,,,,,,
,,,,,,,,,良品铺子,,,椒盐味,罐装,含糖,,,,,,
,,,,,,,,,百草味,,,五香味,,,,,,,,
,,,,,,,,,来伊份,,,奶油味,,,,,,,,
,,,,,,,,,沃隆,,,蜂蜜味,,,,,,,,
,,,,,,,,,,,,炭烧味,,,,,,,,
,,,,,,,,,,,,盐焗味,,,,,,,,
,,,,,,,,,,,,其他,,,,,,,,
,,,,,,,,,,,,,,,,,,,,
,,,,,,,,,,,,,,,,,,,,
,,,,,,,,,,,,,,,,,,,,
,,,,,,,,,,,,,,,,,,,,
,,,,,,,,,,,,,,,,,,,,
,,,,,,,,,,,,,,,,,,,,
,,,,,,,,,,,,,,,,,,,,
,,,,,,,,,,,,,,,,,,,,
,,,,,,,,,,,,,,,,,,,,
,,,,,,,,,,,,,,,,,,,,
,,,,,,,,,,,,,,,,,,,,
,,,,,,,,,,,,,,,,,,,,
,,,,,,,,,,,,,,,,,,,,
,,,,,,,,,,,,,,,,,,,,
96.0,食品,休闲零食,坚果炒货,开心果,C,"定义：一种以开心果树果实为原料的坚果，其特征是淡绿色的果仁和自然开裂的淡黄色外壳，通常经过烘烤和盐渍调味，食用时需剥开外壳；产品以带壳的原粒为主，常见于休闲零食场景，多采用密封袋装或罐装以保持其酥脆口感。

核心定义
一种以开心果为原料，经烘烤、盐焗等熟制工艺制成的坚果炒货类休闲零食。核心特征为外壳自然开裂，果仁呈淡绿色或淡黄色，外壳薄硬，果仁饱满香脆，多为开口带壳形态，常见盐焗、原味等调味，以袋装、散装为主，用于日常休闲、佐茶及聚会食用。

快速判断要点
1. 形态：多为长椭圆形小坚果，外壳薄硬，常见自然开口状，内部为单粒果仁。
2. 原料：核心为开心果，属于漆树科黄连木属木本坚果，非瓜类种子、豆类或草本籽类。
3. 质地：外壳硬脆，果仁干爽酥脆，油脂香气明显，无多汁果肉，区别于水果、软质零食。
4. 用途：以直接剥壳食用为主，非烹饪主料或杂粮干货，区别于粮食、豆类、油料作物。
5. 外观：外壳多为米白或淡褐色，开口处露出绿色果仁，包装简单袋装 / 散装，无复杂糕点结构。","1. 原味开心果、盐焗开心果、烘焙开心果等各类熟制开心果
2. 自然开口、机器开口的带壳开心果
3. 去壳开心果仁（熟制即食类）
4. 混合坚果中包含的开心果成分","1. 瓜子类：葵花籽、南瓜籽、西瓜籽等瓜类种子
2. 其他坚果：核桃、巴旦木、腰果、榛子、松子、花生等
3. 豆类、杂粮类：黄豆、绿豆、蚕豆、芝麻等
4. 生开心果（未熟制、仅作原料或油料）
5. 开心果味膨化食品、饼干、糖果（无真实开心果原料）
6. 开心果油、开心果乳等饮料 / 油脂类产品",三只松鼠,,,盐焗味,袋装,无糖,葵花籽,,,,,
,,,,,,,,,良品铺子,,,原味,罐装,含糖,西瓜子,,,,,
,,,,,,,,,百草味,,,五香味,散装,,南瓜子,,,,,
,,,,,,,,,来伊份,,,奶油味,其他,,特色瓜子,,,,,
,,,,,,,,,沃隆,,,椒盐味,,,,,,,,
,,,,,,,,,,,,蒜香味,,,,,,,,
,,,,,,,,,,,,蜂蜜味,,,,,,,,
,,,,,,,,,,,,烧烤味,,,,,,,,
,,,,,,,,,,,,芥末味,,,,,,,,
,,,,,,,,,,,,麻辣味,,,,,,,,
,,,,,,,,,,,,海苔味,,,,,,,,
,,,,,,,,,,,,其他,,,,,,,,
,,,,,,,,,,,,,,,,,,,,
,,,,,,,,,,,,,,,,,,,,
,,,,,,,,,,,,,,,,,,,,
,,,,,,,,,,,,,,,,,,,,
,,,,,,,,,,,,,,,,,,,,
,,,,,,,,,,,,,,,,,,,,
,,,,,,,,,,,,,,,,,,,,
,,,,,,,,,,,,,,,,,,,,
,,,,,,,,,,,,,,,,,,,,
,,,,,,,,,,,,,,,,,,,,
97.0,食品,休闲零食,坚果炒货,腰果,C,"定义
一种以腰果为原料，经烘烤、炒制或盐焗等工艺加工而成的休闲零食，其核心特征是外壳坚硬，剥壳后可得饱满弯月状果仁，市面多为去壳净仁款，通常带有原味、咸味、奶香、椒盐、炭烧等调味；产品多以净仁散装、袋装或罐装销售，常见于佐茶、聚会、日常消遣及代餐加餐场景。

快速判断要点

形态：多为弯月形、肾形，市面主流为去壳净仁款，带壳款外壳坚硬厚实，内部果仁饱满有型。
原料：特指腰果果仁及带壳腰果，属于坚果类，非普通植物种子、瓜果果肉或杂粮谷物。
质地：带壳款外壳坚硬紧实，果仁干爽香脆，口感绵密醇厚，无多汁果肉，区别于软糖、糕点等软质零食。
用途：以直接剥壳食用为主，可做零食加餐，非烹饪主料、配料，区别于杂粮、干货、调味食材。
外观：带壳款外壳粗糙坚硬，色泽偏深褐，净仁呈乳白色或浅金黄色，无复杂加工造型，区别于糕点、膨化食品、糖果。","按原料分类
原味腰果：不添加额外调味，保留腰果本身坚果香气，口感香脆绵密。
调味腰果：添加食盐、糖、奶香、椒盐、炭烧、蜂蜜黄油等辅料调味，口味丰富香浓。
带壳腰果：保留完整果壳，果仁包裹在硬壳内，需剥壳后食用。
去壳腰果仁：去除坚硬外壳，仅保留可直接食用的果仁，食用便捷。

按形态分类
整粒腰果：完整颗粒的带壳腰果、完整去壳果仁，颗粒饱满。
腰果碎/腰果片：切割成碎粒、薄片状，多用于烘焙、配料、点缀。
熟制腰果：经烘烤、炒制、盐焗等熟化工艺加工，开袋即食。
生腰果：未经过熟制，无调味，多用于烹饪、烘焙、制作辅食。","非坚果零食类
腰果味调味制品：如腰果口味的饼干、薯片、膨化食品、谷物棒等，仅含腰果风味香精或提取物，无实际腰果果仁。
含腰果粉末/碎屑的加工食品：如腰果味面包、糕点、酱料、饮料等，以调味为主，不含完整腰果果仁。

非腰果原料类
腰果外壳/果壳：仅为腰果加工副产物，无食用价值，不可直接作为食品原料。
腰果壳提取物（非食用级）：如工业用壳粉、活性炭等，不属于食品范畴。

假冒/劣质类
配料表无实际腰果果仁，仅用坚果香精、其他坚果替代（如杏仁、巴旦木）却标注“腰果”的仿制品。
腰果果仁存在霉变、酸败、异味，或因储存不当产生哈喇味，且不符合食品安全标准的劣质产品。",三只松鼠,,,原味,袋装,无糖,,,,,,
,,,,,,,,,良品铺子,,,盐焗,罐装,含糖,,,,,,
,,,,,,,,,百草味,,,蜂蜜味,散装,,,,,,,
,,,,,,,,,来伊份,,,奶油味,其他,,,,,,,
,,,,,,,,,沃隆,,,炭烧,,,,,,,,
,,,,,,,,,,,,香辣,,,,,,,,
,,,,,,,,,,,,五香,,,,,,,,
,,,,,,,,,,,,蒜香,,,,,,,,
,,,,,,,,,,,,海苔味,,,,,,,,
,,,,,,,,,,,,椰香,,,,,,,,
,,,,,,,,,,,,巧克力味,,,,,,,,
,,,,,,,,,,,,芥末,,,,,,,,
,,,,,,,,,,,,其他,,,,,,,,
,,,,,,,,,,,,,,,,,,,,
,,,,,,,,,,,,,,,,,,,,
,,,,,,,,,,,,,,,,,,,,
,,,,,,,,,,,,,,,,,,,,
,,,,,,,,,,,,,,,,,,,,
,,,,,,,,,,,,,,,,,,,,
,,,,,,,,,,,,,,,,,,,,
,,,,,,,,,,,,,,,,,,,,
,,,,,,,,,,,,,,,,,,,,
98.0,食品,休闲零食,坚果炒货,杏仁,C,"定义
一种以杏仁为原料，经烘烤、炒制或盐焗等工艺加工而成的休闲零食，其核心特征是外壳薄硬光滑，剥壳后可得饱满扁卵状果仁，市面多为开口带壳款、去壳净仁款，通常带有原味、咸味、奶香、椒盐、五香等调味；产品多以开口带壳、去壳净仁散装、袋装或罐装销售，常见于佐茶、聚会、日常消遣及代餐加餐场景。

快速判断要点
形态：多为扁卵形、心形，市面主流为开口带壳款、去壳净仁款，带壳款外壳薄硬光滑，部分带有便于剥壳的裂口，内部果仁饱满匀称。
原料：特指杏仁果仁及带壳杏仁，属于坚果类，非普通植物种子、瓜果果肉或杂粮谷物。
质地：带壳款外壳薄硬紧实，果仁干爽香脆，口感醇厚香浓，无多汁果肉，区别于软糖、糕点等软质零食。
用途：以直接剥壳食用为主，可做零食加餐，非烹饪主料、配料，区别于杂粮、干货、调味食材。
外观：带壳款外壳光滑紧实，色泽偏浅褐至棕褐色，净仁呈乳白或淡黄色，表皮带有薄衣，无复杂加工造型，区别于糕点、膨化食品、糖果。","按原料分类
原味杏仁：不添加额外调味，保留杏仁本身坚果香气，口感酥脆香浓。
调味杏仁：添加食盐、糖、奶香、椒盐、五香、蜂蜜黄油等辅料调味，口味丰富香浓。
带壳杏仁：保留完整果壳，果仁包裹在硬壳内，果壳带有开口，需剥壳后食用。
去壳杏仁：去除坚硬外壳，仅保留可直接食用的果仁，食用便捷。

按形态分类
整粒杏仁：完整颗粒的带壳杏仁、完整去壳果仁，颗粒饱满匀称。
杏仁碎/杏仁粒：切割成碎粒、小块状，多用于烘焙、配料、点缀。
熟制杏仁：经烘烤、炒制、盐焗等熟化工艺加工，开袋即食。","非坚果零食类
杏仁味调味零食：如杏仁口味的饼干、薯片、膨化食品、谷物棒等，仅添加风味香精或提取物，不含实际杏仁果仁。
含果味粉末 / 碎屑制品：如杏仁味面包、糕点、酱料、饮料等，以调味香精为主，不含完整杏仁果仁。

非杏仁原料类
杏仁外壳 / 果壳：仅为加工副产物，无食用价值，不可作为直接食品原料。
非食用级提取物：如工业用壳粉、活性炭等，属于工业副产品，不属于食品范畴。

假冒 / 劣质类
仿冒制品：配料表无实际杏仁果仁，用其他坚果或香精替代，却标注 “杏仁”。
变质劣质产品：果仁存在霉变、酸败、异味，或因储存不当产生哈喇味，不符合食品安全标准。",三只松鼠,,,原味,袋装,无糖,,,,,,
,,,,,,,,,良品铺子,,,盐焗,罐装,含糖,,,,,,
,,,,,,,,,百草味,,,蜂蜜,盒装,,,,,,,
,,,,,,,,,来伊份,,,奶油,散装,,,,,,,
,,,,,,,,,沃隆,,,五香,,,,,,,,
,,,,,,,,,,,,椒盐,,,,,,,,
,,,,,,,,,,,,巧克力,,,,,,,,
,,,,,,,,,,,,芥末,,,,,,,,
,,,,,,,,,,,,海苔,,,,,,,,
,,,,,,,,,,,,焦糖,,,,,,,,
,,,,,,,,,,,,黑糖,,,,,,,,
,,,,,,,,,,,,芝士,,,,,,,,
,,,,,,,,,,,,抹茶,,,,,,,,
,,,,,,,,,,,,咖啡,,,,,,,,
,,,,,,,,,,,,其他,,,,,,,,
,,,,,,,,,,,,,,,,,,,,
,,,,,,,,,,,,,,,,,,,,
,,,,,,,,,,,,,,,,,,,,
,,,,,,,,,,,,,,,,,,,,
,,,,,,,,,,,,,,,,,,,,
,,,,,,,,,,,,,,,,,,,,
,,,,,,,,,,,,,,,,,,,,
99.0,食品,休闲零食,坚果炒货,板栗,C,"定义
一种以板栗为原料，经蒸制、烤制、炒制或糖渍等工艺加工而成的休闲零食，其核心特征是外壳坚硬带绒毛，剥壳后可得饱满圆润果仁，市面多为开口带壳款、去壳净仁款，通常带有原味、糖炒、咸味、蜂蜜、五香等调味；产品多以开口带壳、去壳净仁散装、袋装或盒装销售，常见于佐茶、聚会、日常消遣及代餐加餐场景。

快速判断要点
形态：多为球形、扁圆形，市面主流为开口带壳款、去壳净仁款，带壳款外壳坚硬厚实，带有便于剥壳的裂口，表面覆有细密绒毛，内部果仁饱满圆润。
原料：特指板栗果仁及带壳板栗，属于坚果类，非普通植物种子、瓜果果肉或杂粮谷物。
质地：带壳款外壳坚硬紧实，果仁软糯粉面，口感香甜醇厚，无多汁果肉，区别于软糖、糕点等软质零食。
用途：以直接剥壳食用为主，可做零食加餐，非烹饪主料、配料，区别于杂粮、干货、调味食材。
外观：带壳款外壳坚硬粗糙，色泽偏深褐至红棕色，净仁呈金黄色或淡黄色，无复杂加工造型，区别于糕点、膨化食品、糖果。","按原料分类
原味板栗：不添加额外调味，保留板栗本身香甜气息，口感软糯粉面。
调味板栗：添加食盐、糖、糖炒、蜂蜜、五香、奶香等辅料调味，口味丰富香甜。
带壳板栗：保留完整果壳，果仁包裹在硬壳内，果壳带有开口，需剥壳后食用。
去壳板栗：去除坚硬外壳，仅保留可直接食用的果仁，食用便捷。

按形态分类
整粒板栗：完整颗粒的带壳板栗、完整去壳果仁，颗粒饱满圆润。
板栗碎/板栗粒：切割成碎粒、小块状，多用于烘焙、配料、点缀。
熟制板栗：经炒制、烤制、蒸制等熟化工艺加工，开袋即食。","非坚果零食类
板栗味调味零食：如板栗口味的饼干、薯片、膨化食品、谷物棒等，仅添加风味香精或提取物，不含实际板栗果肉。含果味粉末 / 碎屑制品：如板栗味面包、糕点、酱料、饮料等，以调味香精为主，不含完整板栗果肉。

非板栗原料类
板栗外壳 / 果壳：仅为加工副产物，无食用价值，不可作为直接食品原料。非食用级提取物：如工业用壳粉、活性炭等，属于工业副产品，不属于食品范畴。

假冒 / 劣质类
仿冒制品：配料表无实际板栗果肉，用其他淀粉、豆类或香精替代，却标注 “板栗”。变质劣质产品：果肉存在霉变、酸败、异味，或因储存不当产生哈喇味、酒味，不符合食品安全标准。",三只松鼠,,,原味,袋装,含糖,,,,,,
,,,,,,,,,良品铺子,,,糖炒,罐装,,,,,,,
,,,,,,,,,百草味,,,蜂蜜味,散装,,,,,,,
,,,,,,,,,来伊份,,,奶油味,,,,,,,,
,,,,,,,,,洽洽,,,其他,,,,,,,,
,,,,,,,,,,,,,,,,,,,,
,,,,,,,,,,,,,,,,,,,,
,,,,,,,,,,,,,,,,,,,,
,,,,,,,,,,,,,,,,,,,,
,,,,,,,,,,,,,,,,,,,,
,,,,,,,,,,,,,,,,,,,,
,,,,,,,,,,,,,,,,,,,,
,,,,,,,,,,,,,,,,,,,,
,,,,,,,,,,,,,,,,,,,,
,,,,,,,,,,,,,,,,,,,,
,,,,,,,,,,,,,,,,,,,,
,,,,,,,,,,,,,,,,,,,,
,,,,,,,,,,,,,,,,,,,,
,,,,,,,,,,,,,,,,,,,,
,,,,,,,,,,,,,,,,,,,,
,,,,,,,,,,,,,,,,,,,,
,,,,,,,,,,,,,,,,,,,,
100.0,食品,休闲零食,坚果炒货,蚕豆/兰花豆,B,"定义
一种以蚕豆为原料，经油炸、烘烤、炒制或卤制等工艺加工而成的休闲零食，其核心特征是豆粒饱满厚实，经加工后部分豆荚开裂形似兰花，市面多为去壳净豆款、带皮款，通常带有原味、咸味、香辣、五香、牛肉味、蟹黄味等调味；产品多以散装、袋装或罐装销售，常见于佐茶、聚会、日常消遣及代餐加餐场景。

快速判断要点
形态：多为椭圆形、长圆形，市面主流为去壳净豆款、带皮熟豆款，加工后部分豆粒微微开裂，整体饱满敦实，肉质厚实。
原料：特指蚕豆果仁及带皮蚕豆，属于杂豆类休闲零食，非普通坚果、瓜果果肉或杂粮谷物。
质地：外皮薄韧紧实，果仁酥脆爽口，口感香浓入味，无多汁果肉，区别于软糖、糕点等软质零食。
用途：以开袋直接食用为主，可做零食加餐，非烹饪主料、配料，区别于杂粮、干货、调味食材。
外观：生豆多为青绿色、黄褐色，熟制后色泽金黄或棕褐色，无复杂加工造型，区别于糕点、膨化食品、糖果。","按原料分类
原味蚕豆：不添加额外调味，保留蚕豆本身豆香气息，口感酥脆紧实。
调味蚕豆：添加食盐、香辣、五香、牛肉味、蟹黄味、孜然等辅料调味，口味丰富香浓。
带皮蚕豆：保留外层薄皮，豆粒裹着外皮加工，口感更有嚼劲。
去壳蚕豆：去除外层薄皮，仅保留可直接食用的豆仁，食用便捷。

按形态分类
整粒蚕豆：完整颗粒的带皮蚕豆、完整去壳豆仁，颗粒饱满厚实。
蚕豆碎/蚕豆粒：切割成碎粒、小块状，多用于烘焙、配料、点缀。
熟制蚕豆：经油炸、烘烤、炒制、卤制等熟化工艺加工，开袋即食。","非坚果零食类
蚕豆味调味零食：如蚕豆口味的饼干、薯片、膨化食品、谷物棒等，仅添加风味香精或提取物，不含实际蚕豆豆粒。
含豆味粉末 / 碎屑制品：如蚕豆味面包、糕点、酱料、饮料等，以调味香精为主，不含完整蚕豆豆粒。

非蚕豆原料类
蚕豆外皮 / 豆皮：仅为加工副产物，无食用价值，不可作为直接食品原料。
非食用级提取物：如工业用豆壳粉、活性炭等，属于工业副产品，不属于食品范畴。

假冒 / 劣质类
仿冒制品：配料表无实际蚕豆豆粒，用其他豆类、淀粉或香精替代，却标注 “蚕豆/兰花豆”。
变质劣质产品：豆粒存在霉变、酸败、异味，或因储存不当产生哈喇味，不符合食品安全标准。",三只松鼠,,,原味,袋装,无糖,,,,,,
,,,,,,,,,良品铺子,,,五香味,罐装,含糖,,,,,,
,,,,,,,,,百草味,,,香辣味,盒装,,,,,,,
,,,,,,,,,来伊份,,,牛肉味,散装,,,,,,,
,,,,,,,,,洽洽,,,烧烤味,其他,,,,,,,
,,,,,,,,,,,,蟹黄味,,,,,,,,
,,,,,,,,,,,,蒜香味,,,,,,,,
,,,,,,,,,,,,海苔味,,,,,,,,
,,,,,,,,,,,,椒盐味,,,,,,,,
,,,,,,,,,,,,麻辣味,,,,,,,,
,,,,,,,,,,,,葱香味,,,,,,,,
,,,,,,,,,,,,烤肉味,,,,,,,,
,,,,,,,,,,,,其他,,,,,,,,
,,,,,,,,,,,,,,,,,,,,
,,,,,,,,,,,,,,,,,,,,
,,,,,,,,,,,,,,,,,,,,
,,,,,,,,,,,,,,,,,,,,
,,,,,,,,,,,,,,,,,,,,
,,,,,,,,,,,,,,,,,,,,
,,,,,,,,,,,,,,,,,,,,
,,,,,,,,,,,,,,,,,,,,
,,,,,,,,,,,,,,,,,,,,
101.0,食品,休闲零食,坚果炒货,豌豆/青豆,B,"定义
一种以豌豆为原料，经油炸、烘烤、炒制或卤制等工艺加工而成的休闲零食，其核心特征是豆粒小巧圆润，颗粒饱满紧实，市面多为带皮熟豆款、去壳净豆款，通常带有原味、咸味、香辣、五香、牛肉味、蟹黄味等调味；产品多以散装、袋装或罐装销售，常见于佐茶、聚会、日常消遣及代餐加餐场景。

快速判断要点
形态：多为圆形、近球形，个头小巧，市面主流为带皮熟豆款、去壳净豆款，豆粒饱满匀称，肉质紧实。
原料：特指豌豆果仁及带皮豌豆，属于杂豆类休闲零食，非普通坚果、瓜果果肉或杂粮谷物。
质地：外皮薄韧有嚼劲，果仁酥脆鲜香，口感香浓入味，无多汁果肉，区别于软糖、糕点等软质零食。
用途：以开袋直接食用为主，可做零食加餐，非烹饪主料、配料，区别于杂粮、干货、调味食材。
外观：生豆多为青绿色、淡绿色，熟制后色泽翠绿或金黄，无复杂加工造型，区别于糕点、膨化食品、糖果。","按原料分类
原味豌豆：不添加额外调味，保留豌豆本身豆香气息，口感酥脆鲜香。
调味豌豆：添加食盐、香辣、五香、牛肉味、蟹黄味、蒜香等辅料调味，口味丰富香浓。
带皮豌豆：保留外层薄皮，豆粒裹着外皮加工，口感更有嚼劲。
去壳豌豆：去除外层薄皮，仅保留可直接食用的豆仁，食用便捷。

按形态分类
整粒豌豆：完整颗粒的带皮豌豆、完整去壳豆仁，颗粒饱满小巧。
豌豆碎/豌豆粒：切割成碎粒、小块状，多用于烘焙、配料、点缀。
熟制豌豆：经油炸、烘烤、炒制、卤制等熟化工艺加工，开袋即食。","非坚果零食类
豌豆味调味零食：如豌豆口味的饼干、薯片、膨化食品、谷物棒等，仅添加风味香精或提取物，不含实际豌豆豆粒。
含豆味粉末 / 碎屑制品：如豌豆味面包、糕点、酱料、饮料等，以调味香精为主，不含完整豌豆豆粒。

非豌豆原料类
豌豆外皮 / 豆皮：仅为加工副产物，无食用价值，不可作为直接食品原料。
非食用级提取物：如工业用豆壳粉、活性炭等，属于工业副产品，不属于食品范畴。

假冒 / 劣质类
仿冒制品：配料表无实际豌豆豆粒，用其他豆类、淀粉或香精替代，却标注 “豌豆/青豆”。
变质劣质产品：豆粒存在霉变、酸败、异味，或因储存不当产生哈喇味，不符合食品安全标准。",三只松鼠,,,原味,袋装,无糖,,,,,,
,,,,,,,,,良品铺子,,,烤肉味,罐装,含糖,,,,,,
,,,,,,,,,百草味,,,香辣味,盒装,,,,,,,
,,,,,,,,,来伊份,,,五香味,散装,,,,,,,
,,,,,,,,,洽洽,,,蒜香味,其他,,,,,,,
,,,,,,,,,,,,椒盐味,,,,,,,,
,,,,,,,,,,,,芥末味,,,,,,,,
,,,,,,,,,,,,海苔味,,,,,,,,
,,,,,,,,,,,,番茄味,,,,,,,,
,,,,,,,,,,,,孜然味,,,,,,,,
,,,,,,,,,,,,咖喱味,,,,,,,,
,,,,,,,,,,,,麻辣味,,,,,,,,
,,,,,,,,,,,,芝士味,,,,,,,,
,,,,,,,,,,,,其他,,,,,,,,
,,,,,,,,,,,,,,,,,,,,
,,,,,,,,,,,,,,,,,,,,
,,,,,,,,,,,,,,,,,,,,
,,,,,,,,,,,,,,,,,,,,
,,,,,,,,,,,,,,,,,,,,
,,,,,,,,,,,,,,,,,,,,
,,,,,,,,,,,,,,,,,,,,
,,,,,,,,,,,,,,,,,,,,
102.0,食品,休闲零食,坚果炒货,混合坚果/每日坚果,B,"定义
一种以两种及以上坚果、果干为原料，经筛选、烘烤、烘干等熟化工艺加工而成的组合型休闲零食，其核心特征是品类多样、配比均衡，主打便携小包装，市面多为独立小包袋装、罐装、盒装，通常以原味为主，少部分带有淡盐、奶香等轻调味；产品多按定量小包分装销售，常见于日常加餐、办公充饥、旅途解馋、营养代餐及送礼场景。

快速判断要点
形态：由多种食材混合组成，包含整粒坚果、果干切块，颗粒完整规整，无碎渣结块，食材搭配丰富，形态各不相同。
原料：特指多种可食用坚果、优质果干组合，常见含腰果、巴旦木、夏威夷果、碧根果、松子、核桃、榛子等坚果，搭配蔓越莓干、葡萄干、蓝莓干等果干，属于坚果果干类混合零食，非单一谷物、膨化食品或糖果。
质地：坚果部分干爽酥脆，果干部分柔韧有嚼劲，整体无软烂、无湿黏积水，无多汁果肉，区别于软糖、糕点、蜜饯等单一质地零食。
用途：以开袋直接食用为主，主打便捷营养补给，可做零食加餐，非烹饪主料、配料，区别于杂粮、干货、调味食材。
外观：食材色泽自然鲜亮，坚果呈浅黄、棕褐等本色，果干色泽温润，无过度染色，无复杂加工造型，区别于糕点、膨化食品、糖果。","按原料分类
原味混合坚果：不添加额外调味，保留食材本身原香，口感纯粹自然。
调味混合坚果：添加食盐、奶香、蜂蜜、椒盐、焦糖等辅料调味，口味丰富香浓。
纯坚果款：仅由多种坚果组合搭配，不含果干、果脯等配料，坚果含量充足。
坚果果干款：多种坚果搭配葡萄干、蔓越莓干、蓝莓干等果干，口感酸甜酥脆。

按形态分类
整粒混合坚果：完整颗粒的各类坚果、整块果干，食材饱满完整。
坚果碎混合款：含有坚果碎、果干碎粒，口感丰富，多用于配料、点缀。
熟制混合坚果：经烘烤、烘干、轻炒等熟化工艺加工，开袋即食。","非坚果零食类
坚果味调味零食：如坚果口味的饼干、薯片、膨化食品、谷物棒等，仅添加风味香精或提取物，不含实际坚果、果干食材。
含坚果味粉末/碎屑制品：如坚果味面包、糕点、酱料、饮料等，以调味香精为主，不含完整坚果、果干食材。

非混合坚果原料类
坚果果干外壳/边角料：仅为加工副产物，无食用价值，不可作为直接食品原料。
非食用级提取物：如工业用坚果壳粉、活性炭等，属于工业副产品，不属于食品范畴。

假冒/劣质类
仿冒制品：配料表无足量实际坚果、果干，用淀粉、豆类、香精或劣质配料替代，却标注“混合坚果/每日坚果”。
变质劣质产品：食材存在霉变、酸败、异味，或因储存不当产生哈喇味，果干发霉黏连，不符合食品安全标准。",三只松鼠,,,原味,袋装,无糖,,,,,,
,,,,,,,,,良品铺子,,,海盐味,罐装,含糖,,,,,,
,,,,,,,,,百草味,,,蜂蜜黄油味,盒装,,,,,,,
,,,,,,,,,来伊份,,,酸奶味,散装,,,,,,,
,,,,,,,,,沃隆,,,黑糖味,其他,,,,,,,
,,,,,,,,,,,,椰香味,,,,,,,,
,,,,,,,,,,,,芥末味,,,,,,,,
,,,,,,,,,,,,辣味,,,,,,,,
,,,,,,,,,,,,巧克力味,,,,,,,,
,,,,,,,,,,,,其他,,,,,,,,
,,,,,,,,,,,,,,,,,,,,
,,,,,,,,,,,,,,,,,,,,
,,,,,,,,,,,,,,,,,,,,
,,,,,,,,,,,,,,,,,,,,
,,,,,,,,,,,,,,,,,,,,
,,,,,,,,,,,,,,,,,,,,
,,,,,,,,,,,,,,,,,,,,
,,,,,,,,,,,,,,,,,,,,
,,,,,,,,,,,,,,,,,,,,
,,,,,,,,,,,,,,,,,,,,
,,,,,,,,,,,,,,,,,,,,
,,,,,,,,,,,,,,,,,,,,
103.0,食品,休闲零食,坚果炒货,其他坚果炒货,,"定义
一种以单一或多种坚果、籽类、果仁为主要原料，经筛选、清洗、烘烤、烘干、炒制、油炸、调味、裹衣等熟化加工工艺制成的休闲零食，不含额外添加大量谷物、果干、糖类辅料的混合型产品。核心特征是口感酥脆、香气浓郁，多为整粒、整颗形态，常见袋装、罐装、散装售卖，可开袋直接食用，多用于日常休闲解馋、办公零食、旅途充饥、待客小食等场景。
快速判断要点
形态：以完整颗粒、整颗果仁、整粒籽实为主，无大量碎渣、无结块成团，不含糕点、膨化、糖果等造型，质地干爽，无汁水、无软烂质地。
原料：特指各类可食用坚果、植物籽仁，常见包含巴旦木、开心果、碧根果、夏威夷果、松子、榛子、葵花籽、南瓜子、西瓜子、花生仁、核桃仁等，属于纯坚果籽类制品，非果干、谷物、豆类、膨化食品或蜜饯。
质地：整体干爽酥脆，部分带薄衣裹层，入口香脆，无黏腻、无湿软、无多汁口感，区别于果脯、软糖、糕点、罐头等食品。
用途：以开袋即食为主，属于休闲零食范畴，不可作为烹饪主料、烘焙馅料、食疗药材，也不属于生鲜原料、粮油制品。
外观：食材色泽自然，保留原料本色，无过度染色、无花哨造型，调味款仅表层带薄料，无复杂雕花、包裹造型，区别于深加工糕点、糖果、膨化零食。","按原料分类
原味坚果炒货：不添加额外调味，仅经过熟化处理，保留食材本身原香，口感纯粹酥脆。
调味坚果炒货：添加食盐、奶香、蜂蜜、椒盐、焦糖、五香、蒜香等辅料调味，口味浓郁多样。
纯坚果仁款：单一品种或多种果仁制成，无壳、无杂质，开袋即食，食用便捷。
带壳坚果炒货：保留坚果外壳，经熟化、调味加工，常见带壳瓜子、松子、开心果、榛子等。
植物籽类炒货：以各类植物种子为原料，包括葵花籽、南瓜子、西瓜子、紫苏籽、芝麻等制品。
裹衣坚果炒货：果仁外层包裹糖衣、粉衣、酥皮等辅料，口感香脆，风味独特。

按形态分类
整粒坚果炒货：完整颗粒、整颗果仁、整粒籽实，食材饱满规整，口感酥脆。
坚果碎炒货：切成碎粒、小块的果仁制品，适合直接吃或做配料、点缀。
熟制坚果炒货：经烘烤、烘干、炒制、油炸等熟化工艺加工，开袋即食，无需二次加工。","非坚果零食类
坚果味调味零食：仅带有坚果风味的普通零食，比如坚果口味饼干、薯片、膨化食品、谷物棒等，这类食品只添加风味香精或坚果提取物，不含真实坚果、果干食材，不属于坚果炒货范畴。
含坚果味粉末/碎屑制品：添加坚果味调味粉、微量碎屑的食品，比如坚果味面包、糕点、酱料、冲调饮料等，主打风味调味，不含完整坚果、果干食材，不归为坚果炒货。

非混合坚果原料类
坚果果干外壳/边角料：属于坚果加工过程中产生的副产物，没有食用价值，口感粗糙，无法直接食用，不能当作坚果炒货原料。
非食用级提取物：工业用途的坚果衍生制品，比如工业用坚果壳粉、坚果壳活性炭等，属于工业副产品，并非食品，更不属于食用坚果炒货。

假冒/劣质类
仿冒坚果制品：虚假标注的伪坚果产品，配料表里没有足量真实坚果、果干，只用淀粉、豆类、香精或劣质原料替代，却打着混合坚果、每日坚果的旗号售卖，不属于正规坚果炒货。
变质劣质坚果产品：食材出现霉变、酸败、刺鼻异味，或是储存不当产生哈喇味，果干发霉黏连、果仁变质的产品，不符合食品安全标准，排除在合格坚果炒货之外。",三只松鼠,,,原味,袋装,无糖,,,,,,
,,,,,,,,,良品铺子,,,五香味,罐装,含糖,,,,,,
,,,,,,,,,百草味,,,奶油味,盒装,,,,,,,
,,,,,,,,,来伊份,,,椒盐味,散装,,,,,,,
,,,,,,,,,洽洽,,,焦糖味,其他,,,,,,,
,,,,,,,,,,,,香辣味,,,,,,,,
,,,,,,,,,,,,炭烧味,,,,,,,,
,,,,,,,,,,,,蜂蜜味,,,,,,,,
,,,,,,,,,,,,其他,,,,,,,,
,,,,,,,,,,,,,,,,,,,,
,,,,,,,,,,,,,,,,,,,,
,,,,,,,,,,,,,,,,,,,,
,,,,,,,,,,,,,,,,,,,,
,,,,,,,,,,,,,,,,,,,,
,,,,,,,,,,,,,,,,,,,,
,,,,,,,,,,,,,,,,,,,,
,,,,,,,,,,,,,,,,,,,,
,,,,,,,,,,,,,,,,,,,,
,,,,,,,,,,,,,,,,,,,,
,,,,,,,,,,,,,,,,,,,,
,,,,,,,,,,,,,,,,,,,,
,,,,,,,,,,,,,,,,,,,,
104.0,食品,休闲零食,肉类制品小食,猪肉制品小食,A,"定义：以猪肉为原料，经切片或绞碎后调味、腌制、烘干或烤制而成的即食肉制品。成品呈片状、条状或块状，表面常覆有糖衣或酱汁，水分含量低于35%。采用真空或充氮密封包装，常见于独立小袋或大包装，主要用于休闲零食或佐餐。

快速核对要点

看执行标准
优先核对包装上标注的肉制品 / 肉干 / 肉脯相关国标 / 行标（如 GB/T 23969 等）。
看原料与形态
核心原料：以猪肉为主要原料。
形态：固态片状 / 条状，非液体、非粉末、非软塌不成形。
排除：添加非肉类蛋白、非食用原料、明显掺假物。
看标签与配料
配料表首位一般为猪肉 / 猪肉制品。
配料、添加剂符合国标要求，无违禁添加。
产品名称清晰标注 “猪肉脯”“猪肉干”，无虚假或误导性名称。
看外观与感官
颜色：正常红褐色、棕红色，无发黑、发灰、过红（色素异常）。
表面：干爽不黏手，无霉点、无油污渗出。
气味：有正常肉香、调味香，无酸味、馊味、霉味、刺鼻味。","猪肉脯
片状、质地偏韧、有明显纤维感，以猪肉为主要原料制成的肉脯制品。
猪肉干
条状、粒状或小块状，以猪肉为主要原料制成的肉干制品。
调味猪肉脯 / 猪肉干
原味、蜜汁、黑胡椒、五香、香辣等调味款，只要主体是猪肉脯 / 猪肉干，均包含在内。
纯猪肉制作的肉脯 / 肉干
以猪肉为主要原料，不含其他肉类或替代蛋白的产品。","其他肉类制品
牛肉干、牛肉脯、鸡肉干、鱼肉干、鸭肉干等。
混合肉干 / 肉脯
猪肉与其他肉类混合、或添加大量植物蛋白、大豆蛋白等替代原料的产品。
非肉干 / 肉脯形态
肉松、肉粉、肉粒酱、肉肠、肉丸、肉饼、肉罐头等。
素肉 / 植物蛋白制品
素肉脯、素肉干、大豆蛋白肉、素食肉干等非肉类产品。
含猪肉但不属于肉脯 / 肉干的加工品
猪肉脯味的糖果、糕点、零食等（仅风味添加，非肉干肉脯本体）。",三只松鼠,猪肉脯,,原味,袋装,,,,,,,
,,,,,,,,,良品铺子,猪肉干,,蜜汁味,独立小包装,,,,,,,
,,,,,,,,,百草味,猪肉粒,,香辣味,罐装,,,,,,,
,,,,,,,,,来伊份,猪肉条,,黑胡椒味,盒装,,,,,,,
,,,,,,,,,黄飞红,,,孜然味,散装,,,,,,,
,,,,,,,,,,,,五香味,礼盒装,,,,,,,
,,,,,,,,,,,,烧烤味,组合装,,,,,,,
,,,,,,,,,,,,麻辣味,,,,,,,,
,,,,,,,,,,,,沙嗲味,,,,,,,,
,,,,,,,,,,,,炭烧味,,,,,,,,
,,,,,,,,,,,,蒜香味,,,,,,,,
,,,,,,,,,,,,芝麻味,,,,,,,,
,,,,,,,,,,,,其他,,,,,,,,
,,,,,,,,,,,,,,,,,,,,
,,,,,,,,,,,,,,,,,,,,
,,,,,,,,,,,,,,,,,,,,
,,,,,,,,,,,,,,,,,,,,
,,,,,,,,,,,,,,,,,,,,
,,,,,,,,,,,,,,,,,,,,
,,,,,,,,,,,,,,,,,,,,
,,,,,,,,,,,,,,,,,,,,
,,,,,,,,,,,,,,,,,,,,
105.0,食品,休闲零食,肉类制品小食,牛肉制品小食,A,"定义：以牛肉为原料，经修割、调味、干燥或烘烤制成的即食肉制品。纤维明显，质地紧实有嚼劲，水分含量一般低于30%。常见形态为薄片、长条或块状，采用真空袋、铝箔袋或罐装密封，常温保存，可直接食用，常用于能量补充或旅行便携食品。

牛肉脯 / 干快速核对要点

看标准：有肉制品 / 肉干 / 肉脯相关执行标准，无非标套用。
看原料：以牛肉为主要原料，无明显掺假或非肉添加。
看形态：固态片状（脯）或条状 / 粒状（干），非液体、非粉末。
看配料：配料表首位多为牛肉或牛肉制品，添加剂合规。
看感官：颜色正常红褐色，干爽不黏，无霉点、无异味。","牛肉脯：片状、质地偏韧、以牛肉为主要原料的肉脯制品。
牛肉干：条状、粒状、小块状，以牛肉为主要原料的肉干制品。
调味牛肉脯 / 干：原味、蜜汁、五香、黑胡椒、香辣等调味款。
纯牛肉制作的肉脯 / 干：不含其他肉类或植物蛋白替代。","其他肉类：猪肉干、鸡肉干、鸭肉干、鱼肉干等。
混合肉干 / 肉脯：含多种肉类或添加大量植物蛋白、大豆蛋白等。
非肉脯 / 干形态：肉松、肉粉、肉酱、肉肠、肉丸、肉罐头等。
素肉 / 植物蛋白制品：素牛肉、大豆蛋白肉等非肉类产品。
仅含少量牛肉的风味零食：如牛肉味糖果、糕点等。",三只松鼠,牛肉脯,,原味,袋装,,,,,,,
,,,,,,,,,良品铺子,牛肉干,,五香味,独立小包装,,,,,,,
,,,,,,,,,百草味,牛肉粒,,香辣味,罐装,,,,,,,
,,,,,,,,,来伊份,牛肉条 / 手撕牛肉,,麻辣味,盒装,,,,,,,
,,,,,,,,,黄飞红,,,黑胡椒味,散装,,,,,,,
,,,,,,,,,,,,孜然味,礼盒装,,,,,,,
,,,,,,,,,,,,沙嗲味,组合装,,,,,,,
,,,,,,,,,,,,蜜汁味,,,,,,,,
,,,,,,,,,,,,烧烤味,,,,,,,,
,,,,,,,,,,,,咖喱味,,,,,,,,
,,,,,,,,,,,,芝麻味,,,,,,,,
,,,,,,,,,,,,鲜香味,,,,,,,,
,,,,,,,,,,,,其他,,,,,,,,
,,,,,,,,,,,,,,,,,,,,
,,,,,,,,,,,,,,,,,,,,
,,,,,,,,,,,,,,,,,,,,
,,,,,,,,,,,,,,,,,,,,
,,,,,,,,,,,,,,,,,,,,
,,,,,,,,,,,,,,,,,,,,
,,,,,,,,,,,,,,,,,,,,
,,,,,,,,,,,,,,,,,,,,
,,,,,,,,,,,,,,,,,,,,
106.0,食品,休闲零食,肉类制品小食,肉松,,"定义
以畜禽肉为主要原料，经修割、煮制、调味、炒松、烘干等工艺制成的即食肉制品，纤维蓬松絮状，质地松软酥香，入口易化不费牙，水分含量适中，常见形态为蓬松絮状、绒状、粒状，采用密封袋、铁罐或盒装保存，常温存放可直接食用，多用于佐餐配粥、烘焙配料、零食解馋，也适合辅食加餐、便携补给。

肉松快速核对要点
看标准：有肉松、肉粉松相关执行标准，无非标套用，符合肉制品食品安全规范。
看原料：以猪肉、牛肉、鸡肉等畜禽肉为主要原料，纯肉松无大量淀粉、豆粉掺假。
看形态：蓬松絮状、绒丝状或疏松粒状，固态干燥质地，非液体、非膏状、非粉末。
看配料：配料表首位为畜禽肉，肉粉松会标注相关成分，添加剂合规，无违规添加。
看感官：色泽金黄或浅褐、红褐色，蓬松干燥不结块、不黏手，无霉点、无哈喇味、无异味。","纯肉松：絮状、绒丝状、疏松粒状，以畜禽肉为主要原料制成的肉松制品。
肉粉松：以畜禽肉、豆粉等为原料，符合标准的肉粉松制品。
调味肉松：原味、咸味、甜味、海苔、香辣、芝麻等调味款。
纯肉制作的肉松：不含劣质淀粉、植物蛋白替代，主料为纯畜禽肉。","其他肉制品：猪肉干、鸡肉干、鸭肉干、鱼肉干、肉脯、肉肠、肉丸、肉罐头等。
混合肉制品：含多种肉类或添加大量植物蛋白、大豆蛋白的制品。
非肉松形态：肉粉、肉酱、肉糜、肉粒、肉条、肉脯等非絮状绒丝制品。
素肉/植物蛋白制品：素肉松、大豆蛋白肉等非肉类产品。
仅含少量肉的风味零食：如肉松味糖果、糕点、膨化食品等。",三只松鼠,,,原味,罐装,,,,,,,
,,,,,,,,,良品铺子,,,海苔味,袋装,,,,,,,
,,,,,,,,,百草味,,,芝麻味,自立拉链袋,,,,,,,
,,,,,,,,,来伊份,,,香辣味,,,,,,,,
,,,,,,,,,黄飞红,,,五香味,盒装,,,,,,,
,,,,,,,,,,,,葱香味,其他,,,,,,,
,,,,,,,,,,,,其他,,,,,,,,
,,,,,,,,,,,,,,,,,,,,
,,,,,,,,,,,,,,,,,,,,
,,,,,,,,,,,,,,,,,,,,
,,,,,,,,,,,,,,,,,,,,
,,,,,,,,,,,,,,,,,,,,
,,,,,,,,,,,,,,,,,,,,
,,,,,,,,,,,,,,,,,,,,
,,,,,,,,,,,,,,,,,,,,
,,,,,,,,,,,,,,,,,,,,
,,,,,,,,,,,,,,,,,,,,
,,,,,,,,,,,,,,,,,,,,
,,,,,,,,,,,,,,,,,,,,
,,,,,,,,,,,,,,,,,,,,
,,,,,,,,,,,,,,,,,,,,
,,,,,,,,,,,,,,,,,,,,
107.0,食品,休闲零食,肉类制品小食,鸡肉制品小食,A,"定义：以鸡肉为原料，经切片或绞碎后调味、烘干或烤制而成的即食肉制品。肉质较细嫩，水分含量低于35%。呈片状、条状或颗粒状，表面可带糖衣或香辣调味层，采用真空袋或充氮包装，常温保存，可直接食用，常见于儿童零食或健身轻食场景。

快速核对要点

原料：以鸡肉为主要原料（鸡肉占比≥70%），无其他肉类核心替代。
形态：片状、条状、粒状等脯 / 干形态，无明显非肉结构（如淀粉团、非肉黏合剂）。
工艺：经烘烤、晾晒、油炸等肉脯 / 干加工工艺，无蒸煮后液态 / 膏状非核心形态。
标识：配料表首位为 “鸡肉” 或 “鸡肉制品”，无虚假肉类标注。

一、核心判断依据（国标层面）
《肉与肉制品 术语》（GB/T 19480）：仅对 “肉干”“肉脯” 等产品定义为以畜禽肉为主要原料，并未明确具体百分比。
预包装食品标签通则（GB 7718）：要求配料表中原料按加入量递减排序，若鸡肉在配料表中排名第一（且无其他肉类占比远超鸡肉），可认定为 “以鸡肉为主” 的鸡肉脯 / 干。
二、行业实操与通用判断标准
结合商超、检测机构的行业惯例，“鸡肉脯 / 干” 的通用判定标准为：鸡肉占比≥50%。
若鸡肉占比≥50%，可在产品名称中突出 “鸡肉”（如鸡肉脯、鸡肉干）；
若鸡肉占比＜50%，则不能单独以 “鸡肉” 作为产品主名，需标注 “混合肉脯 / 干” 或按占比最高的肉类命名（如 “猪肉鸡肉混合脯”）。","鸡肉脯：以鸡肉为主要原料制成的片状肉脯。
鸡肉干：以鸡肉为主要原料制成的条状 / 粒状肉干。
鸡爪、鸡珍：
调味鸡肉脯 / 干：原味、蜜汁、五香、黑胡椒、香辣等调味款。
纯鸡肉制品：以鸡肉为主要原料，无明显掺假或非肉类添加。","原料替换：以猪肉、牛肉、鸭肉等其他肉类为主要原料。
形态偏差：肉松、肉酱、肉肠、肉丸、肉罐头、肉糜制品等非脯 / 干形态。
非肉核心：素肉、大豆蛋白制品、植物蛋白肉等非鸡肉原料产品。
混合掺假：鸡肉占比＜50%，且以其他肉类 / 植物蛋白为主要原料。
风味仅关联：仅含 “鸡肉味” 添加剂，无实际鸡肉原料的非肉类产品。",三只松鼠,鸡肉脯,,原味,袋装,,,,,,,
,,,,,,,,,良品铺子,鸡肉干,,香辣味,独立小包装,,,,,,,
,,,,,,,,,百草味,鸡肉条 / 手撕鸡肉,,蜜汁味,罐装,,,,,,,
,,,,,,,,,来伊份,鸡肉粒,,黑胡椒味,盒装,,,,,,,
,,,,,,,,,黄飞红,鸡胸肉干,,烧烤味,散装,,,,,,,
,,,,,,,,,,,,孜然味,礼盒装,,,,,,,
,,,,,,,,,,,,五香味,组合装,,,,,,,
,,,,,,,,,,,,麻辣味,,,,,,,,
,,,,,,,,,,,,奥尔良味,,,,,,,,
,,,,,,,,,,,,蒜香味,,,,,,,,
,,,,,,,,,,,,咖喱味,,,,,,,,
,,,,,,,,,,,,其他,,,,,,,,
,,,,,,,,,,,,,,,,,,,,
,,,,,,,,,,,,,,,,,,,,
,,,,,,,,,,,,,,,,,,,,
,,,,,,,,,,,,,,,,,,,,
,,,,,,,,,,,,,,,,,,,,
,,,,,,,,,,,,,,,,,,,,
,,,,,,,,,,,,,,,,,,,,
,,,,,,,,,,,,,,,,,,,,
,,,,,,,,,,,,,,,,,,,,
,,,,,,,,,,,,,,,,,,,,
108.0,食品,休闲零食,肉类制品小食,鸭肉制品小食,A,"定义
以鸭肉为原料，经修割、腌制、风干或烘烤制成的即食肉制品。风味偏浓郁，常带酱香或麻辣味，水分含量低于30%。形态多为薄片或小方块，真空或铝箔袋密封，常温保存，可直接食用，多用于休闲零食或下酒配菜。

快速核对要点
原料：鸭肉（优先以鸭肉为主要原料，配料表首位一般为鸭肉或鸭肉制品）。
形态：片状、条状、块状、丝状等形态完整，无破损、无霉变、无发黑发暗。
质地：干爽不黏手、不结块，表面无明显油脂渗出，肉质紧实有弹性。
工艺：经清洗、腌制 / 卤制、烘烤 / 烘干 / 风干等工艺制成。
标识：清晰标注 “鸭肉脯”“鸭肉干” 等符合产品属性的名称。","以鸭肉为主要原料制成的肉脯、肉干、肉条等制品
调味鸭肉脯 / 干：原味、五香味、蜜汁味、香辣味、烧烤味等
纯鸭肉制作的鸭肉脯 / 干
鸭掌：
鸭肉与少量其他肉类（不超过 50%）混合制成的鸭肉脯 / 干
风干、烘干、烤制等工艺制成的鸭肉干制品","鸭肉占比低于 50%，且不以鸭肉为主要原料的产品
鸭肉含量极少，仅作为风味添加的非鸭肉脯 / 干制品
以鸭肉为原料但形态为肉松、肉粉、肉肠、肉丸等非脯 / 干形态
素鸭肉、植物蛋白仿制鸭肉制品（无鸭肉原料）
鸭肉味零食但不含鸭肉成分的产品
混合肉类中鸭肉为次要原料（非主要）的制品",三只松鼠,鸭肉脯,,原味,袋装,,,,,,,
,,,,,,,,,良品铺子,鸭肉干,,酱香味,独立小包装,,,,,,,
,,,,,,,,,百草味,手撕鸭肉,,香辣味,罐装,,,,,,,
,,,,,,,,,来伊份,鸭肉粒,,麻辣味,盒装,,,,,,,
,,,,,,,,,黄飞红,,,五香味,散装,,,,,,,
,,,,,,,,,,,,烧烤味,礼盒装,,,,,,,
,,,,,,,,,,,,黑椒味,组合装,,,,,,,
,,,,,,,,,,,,蜜汁味,,,,,,,,
,,,,,,,,,,,,孜然味,,,,,,,,
,,,,,,,,,,,,藤椒味,,,,,,,,
,,,,,,,,,,,,其他,,,,,,,,
,,,,,,,,,,,,,,,,,,,,
,,,,,,,,,,,,,,,,,,,,
,,,,,,,,,,,,,,,,,,,,
,,,,,,,,,,,,,,,,,,,,
,,,,,,,,,,,,,,,,,,,,
,,,,,,,,,,,,,,,,,,,,
,,,,,,,,,,,,,,,,,,,,
,,,,,,,,,,,,,,,,,,,,
,,,,,,,,,,,,,,,,,,,,
,,,,,,,,,,,,,,,,,,,,
,,,,,,,,,,,,,,,,,,,,
109.0,食品,休闲零食,肉类制品小食,其他肉类制品小食,,"定义
以除猪、牛、鸡、鸭、鱼之外的其他可食用动物瘦肉为原料，经切片、绞碎或整体修割后调味、干燥或烘烤制成的即食肉制品。水分含量低于35%。形态可为片、条、粒或整块，真空袋、铝箔袋或罐装密封，常温保存，可直接食用，多用于补充小众蛋白来源或作为地域特色零食。

快速核对要点
原料：选用猪、牛、鸡、鸭、羊、兔、鱼肉以外的可食用动物瘦肉，为产品主要原料。
形态：片、条、粒、整块等形态均可，外形规整，无破损、无霉变、无发黑变质。
质地：干爽不黏手、不松散碎烂，肉质紧实，无多余油脂渗出，无异味、无哈喇味。
工艺：经修割、调味、干燥或烘烤熟化工艺制成。
标识：清晰标注对应产品名称、原料种类，标明生产日期、保质期、储存条件等信息。",以猪、牛、鸡、鸭、鱼肉之外的合规可食用动物瘦肉为核心原料，经修割、调味、干燥或烘烤制成的即食肉制品。涵盖片状、条状、粒状、整块等多种形态，水分含量≤35%，密封包装、常温可存，符合食品安全标准，属于正规小众肉干肉脯零食。,"常规肉类制品
以猪肉、牛肉、鸡肉、鸭肉、鱼肉为主要原料制成的肉干、肉脯、肉条、肉粒等常规肉制品，不属于此类小众品类。

风味调味零食
仅添加肉类风味香精、调味粉，不含真实动物瘦肉的零食，比如肉味薯片、膨化食品、素肉零食、调味糕点等。

非食用及劣质制品
动物皮毛、骨骼、边角废料等无食用价值的副产物；工业级动物提取物、非食用加工副产品；霉变、酸败、变质劣质产品；假冒伪劣、用淀粉、豆制品、劣质填料冒充纯瘦肉的仿冒制品。
非即食生鲜及加工品
未经干燥、烘烤熟化的生鲜肉类、冷冻肉块；需二次蒸煮炒制的半生制品、腌腊生制品；罐头类、卤味熟食、肉肠、肉丸子等非干制肉制品。",三只松鼠,,,原味,真空袋装,,,,,,,
,,,,,,,,,良品铺子,,,香辣味,铝箔袋装,,,,,,,
,,,,,,,,,百草味,,,五香味,罐装,,,,,,,
,,,,,,,,,来伊份,,,烧烤味,散装称重,,,,,,,
,,,,,,,,,黄飞红,,,黑胡椒味,,,,,,,,
,,,,,,,,,,,,孜然味,,,,,,,,
,,,,,,,,,,,,麻辣味,,,,,,,,
,,,,,,,,,,,,酱香味,,,,,,,,
,,,,,,,,,,,,蜜汁味,,,,,,,,
,,,,,,,,,,,,咖喱味,,,,,,,,
,,,,,,,,,,,,蒜香味,,,,,,,,
,,,,,,,,,,,,泡椒味,,,,,,,,
,,,,,,,,,,,,其他,,,,,,,,
,,,,,,,,,,,,,,,,,,,,
,,,,,,,,,,,,,,,,,,,,
,,,,,,,,,,,,,,,,,,,,
,,,,,,,,,,,,,,,,,,,,
,,,,,,,,,,,,,,,,,,,,
,,,,,,,,,,,,,,,,,,,,
,,,,,,,,,,,,,,,,,,,,
,,,,,,,,,,,,,,,,,,,,
,,,,,,,,,,,,,,,,,,,,
110.0,食品,休闲零食,膨化食品,薯片/薯条,S,"定义
以马铃薯为主要原料，经切片或成型后油炸或烘烤而成的薄脆休闲食品，通常呈片状或条状，表面可附着盐、香料、奶酪粉等多种调味料。产品质地酥脆，口味多样，是膨化食品中最主流的大众化品类，常见于袋装或罐装等即食包装形式。

快速核对要点

原料：以马铃薯为主要原料，无变质、发霉、异味原料。
形态：片状 / 条状完整，无严重破碎、粘连成团。
工艺：油炸 / 烘烤膨化，熟制到位，无夹生、焦糊。
调味：均匀附着，无明显脱味、结块、异物。
包装：密封完好，无漏气、胀袋、漏油。
标识：品名、配料、生产日期、保质期、厂家信息清晰齐全。
口感：酥脆适中，无油腻、发黏、哈喇味。","薯片：以马铃薯为主要原料，经切片、油炸 / 烘烤、调味制成的片状零食。
薯条：以马铃薯为主要原料，经切条、油炸 / 烘烤、调味制成的条状零食。
调味款：原味、烧烤味、番茄味、香辣味、海苔味、芝士味等。
复合口味：多种风味叠加的调味薯片 / 薯条。
非油炸款：以烘烤、热风干燥等工艺制成的非油炸薯片 / 薯条。","非马铃薯原料：以玉米、豆类、谷物、薯类以外原料制成的片状 / 条状零食。
非薯类：玉米片、谷物脆、蔬菜脆、豆类脆等。
非油炸 / 非烘烤类：膨化挤压成型但非薯类切片的零食。
含肉、含奶、含酱料的复合薯类制品：如薯泥、薯饼、薯角（非片 / 条形态）。
仅含少量薯粉的膨化食品：非以马铃薯为主要原料。
非零食形态：薯泥、薯饼、冷冻薯条（未调味 / 未熟制）。",乐事,薯片,,原味,袋装,,,,,,,
,,,,,,,,,可比克,薯条,,番茄味,罐装 / 桶装,,,,,,,
,,,,,,,,,上好佳,薯格,,烧烤味,盒装,,,,,,,
,,,,,,,,,品客,薯棒,,香辣味,礼盒装,,,,,,,
,,,,,,,,,董小姐,薯角,,黄瓜味,组合装,,,,,,,
,,,,,,,,,,,,海苔味,,,,,,,,
,,,,,,,,,,,,芝士味,,,,,,,,
,,,,,,,,,,,,芥末味,,,,,,,,
,,,,,,,,,,,,黑胡椒味,,,,,,,,
,,,,,,,,,,,,鸡肉味,,,,,,,,
,,,,,,,,,,,,酸奶油洋葱味,,,,,,,,
,,,,,,,,,,,,青柠味,,,,,,,,
,,,,,,,,,,,,麻辣味,,,,,,,,
,,,,,,,,,,,,爽口青瓜味,,,,,,,,
,,,,,,,,,,,,鸡肉味,,,,,,,,
,,,,,,,,,,,,麻辣小龙虾味,,,,,,,,
,,,,,,,,,,,,西式红烩味,,,,,,,,
,,,,,,,,,,,,泡菜味,,,,,,,,
,,,,,,,,,,,,玉米浓汤味,,,,,,,,
,,,,,,,,,,,,日式牛排味,,,,,,,,
,,,,,,,,,,,,铁板鱿鱼味,,,,,,,,
,,,,,,,,,,,,其他,,,,,,,,
111.0,食品,休闲零食,膨化食品,虾条/虾片,B,"定义
以虾粉、虾肉、小麦粉为主要原料，经挤压膨化、油炸或烘烤制成的薄脆休闲食品，通常呈细条状、薄片状，表面可附着盐、香料、香辣粉、芝士粉等多种调味料。产品质地蓬松酥脆，自带鲜香虾味，属于经典膨化食品，常见于袋装、罐装、散装等即食包装形式。

快速核对要点
原料：以虾粉、虾肉、小麦粉为主要原料，无变质、发霉、异味原料。
形态：细条状/薄片状完整，无严重破碎、粘连成团。
工艺：挤压膨化、油炸/烘烤膨化，熟制到位，无夹生、焦糊。
调味：均匀附着，无明显脱味、结块、异物。
包装：密封完好，无漏气、胀袋、漏油。
标识：品名、配料、生产日期、保质期、厂家信息清晰齐全。
口感：蓬松酥脆，无油腻、发黏、哈喇味、腥膻异味。","虾条：以虾粉、虾肉、小麦粉为主要原料，经挤压成型、油炸/烘烤、调味制成的条状零食。

虾片：以虾粉、虾肉、小麦粉为主要原料，经压片、油炸膨发、调味制成的薄片状零食。

调味款：原味、鲜虾味、烧烤味、香辣味、芝士味、海苔味、芥末味等。

复合口味：多种风味叠加的调味虾条/虾片。

非油炸款：以烘烤、热风干燥等工艺制成的非油炸虾条/虾片。","非虾类原料：以谷物、豆类、薯类、蔬菜为主，不含虾粉、虾肉的片状/条状零食。
非虾味膨化：薯片、玉米片、谷物脆、蔬菜脆、豆类脆等。

非油炸/非烘烤类：蒸煮、冷冻制成，未经过膨发熟制的制品。

含肉、含奶、含酱料的复合制品：如虾滑、虾丸、虾饼（非条/片形态）。

仅含少量虾粉的膨化食品：非以虾粉、虾肉为主要原料。

非零食形态：冷冻虾条、生虾片、虾泥、虾酱（未调味/未熟制）。",乐事,,,原味,袋装,,,,,,,
,,,,,,,,,可比克,,,鲜虾味,盒装,,,,,,,
,,,,,,,,,上好佳,,,辣味,罐装,,,,,,,
,,,,,,,,,品客,,,番茄味,,,,,,,,
,,,,,,,,,董小姐,,,烧烤味,,,,,,,,
,,,,,,,,,,,,芝士味,,,,,,,,
,,,,,,,,,,,,海苔味,,,,,,,,
,,,,,,,,,,,,香辣味,,,,,,,,
,,,,,,,,,,,,蒜香味,,,,,,,,
,,,,,,,,,,,,蟹味,,,,,,,,
,,,,,,,,,,,,咖喱味,,,,,,,,
,,,,,,,,,,,,其他,,,,,,,,
,,,,,,,,,,,,,,,,,,,,
,,,,,,,,,,,,,,,,,,,,
,,,,,,,,,,,,,,,,,,,,
,,,,,,,,,,,,,,,,,,,,
,,,,,,,,,,,,,,,,,,,,
,,,,,,,,,,,,,,,,,,,,
,,,,,,,,,,,,,,,,,,,,
,,,,,,,,,,,,,,,,,,,,
,,,,,,,,,,,,,,,,,,,,
,,,,,,,,,,,,,,,,,,,,
112.0,食品,休闲零食,膨化食品,雪饼/米饼,A,"定义
以大米为主要原料，经蒸煮、成型、烘烤或膨化制成的圆形或方形薄脆饼干。产品表面通常覆盖一层由糖、麦芽糖等制成的白色糖霜，口感米香浓郁，甜中带咸，质地松脆，是膨化米制品中的经典品类。

快速核对要点
原料
包括：以大米为主要原料
不包括：以小麦粉、玉米、豆类为主的
工艺
包括：膨化、压片、烘烤、煎制等米制工艺
不包括：油炸非米类、饼干、蛋糕、糕点工艺
形态
包括：圆饼、方饼、薄片、厚片、夹心米饼
不包括：条状、颗粒状、虾条 / 薯片类形态
口感
包括：酥脆、松脆、有米香
不包括：软绵、湿润、像面包 / 蛋糕口感
常见品类
包括：雪饼、米饼、日式米果、海苔米饼、夹心米饼
不包括：饼干、威化、膨化玉米、坚果、糖果、巧克力","1. 传统雪饼（大米膨化、表面有糖霜 / 芝麻）
2. 米饼（大米压片烘烤 / 油炸，原味 / 调味）
3. 日式米果、韩式米饼
4. 夹心米饼、海苔米饼、坚果米饼等衍生品类","1. 饼干、曲奇、威化（小麦粉为主）
2. 糕点、蛋糕、面包（面粉 / 蛋为主）
3. 坚果、糖果、巧克力、膨化玉米条
4. 薯片、薯条、虾条等非米类膨化食品",乐事,雪饼,,原味,袋装,,,,,,,
,,,,,,,,,可比克,米饼,,甜味,罐装 / 桶装,,,,,,,
,,,,,,,,,上好佳,仙贝,,海苔味,盒装,,,,,,,
,,,,,,,,,旺旺,糙米饼 / 杂粮米饼,,芝麻味,礼盒装,,,,,,,
,,,,,,,,,董小姐,,,巧克力味,组合装,,,,,,,
,,,,,,,,,,,,草莓味,,,,,,,,
,,,,,,,,,,,,抹茶味,,,,,,,,
,,,,,,,,,,,,奶油味,,,,,,,,
,,,,,,,,,,,,花生味,,,,,,,,
,,,,,,,,,,,,黑米味,,,,,,,,
,,,,,,,,,,,,其他,,,,,,,,
,,,,,,,,,,,,,,,,,,,,
,,,,,,,,,,,,,,,,,,,,
,,,,,,,,,,,,,,,,,,,,
,,,,,,,,,,,,,,,,,,,,
,,,,,,,,,,,,,,,,,,,,
,,,,,,,,,,,,,,,,,,,,
,,,,,,,,,,,,,,,,,,,,
,,,,,,,,,,,,,,,,,,,,
,,,,,,,,,,,,,,,,,,,,
,,,,,,,,,,,,,,,,,,,,
,,,,,,,,,,,,,,,,,,,,
113.0,食品,休闲零食,膨化食品,锅巴,B,"定义
以大米、小米、糯米、谷物为主要原料，经压制、切片、油炸或烘烤制成的酥脆休闲食品，通常呈薄片状、方块状，表面可附着盐、香料、香辣粉、蟹黄粉、肉松粉等多种调味料。产品质地焦香酥脆，谷香浓郁，属于经典膨化零食，常见于袋装、罐装、散装等即食包装形式。

快速核对要点
原料：以大米、小米、糯米、谷物为主要原料，无变质、发霉、异味原料。
形态：薄片状/方块状完整，无严重破碎、粘连成团。
工艺：压制成型、油炸/烘烤膨化，熟制到位，无夹生、焦糊。
调味：均匀附着，无明显脱味、结块、异物。
包装：密封完好，无漏气、胀袋、漏油。
标识：品名、配料、生产日期、保质期、厂家信息清晰齐全。
口感：焦香酥脆，无油腻、发黏、哈喇味、异味。","大米锅巴：以大米为主要原料，经压制成型、油炸/烘烤、调味制成的方块状零食。

小米/糯米锅巴：以小米、糯米为主要原料，经压制成型、油炸/烘烤、调味制成的薄脆零食。

调味款：原味、香辣味、蟹黄味、肉松味、烧烤味、海苔味、五香等。

复合口味：多种风味叠加的调味锅巴。

非油炸款：以烘烤、热风干燥等工艺制成的非油炸锅巴。","非谷物原料：以豆类、薯类、蔬菜、肉类为主，不含大米、小米、糯米的片状/块状零食。

非谷物膨化：薯片、虾条、虾片、蔬菜脆、豆类脆等。

非油炸/非烘烤类：蒸煮、冷冻制成，未经过膨发熟制的制品。

含肉、含奶、含酱料的复合制品：如米饼、米糕、饭团（非锅巴形态）。

仅含少量谷物粉的膨化食品：非以大米、小米、糯米为主要原料。

非零食形态：冷冻锅巴坯、生米片、米糊、米浆（未调味/未熟制）。",三只松鼠,,,原味,袋装,,,,,,,
,,,,,,,,,良品铺子,,,麻辣味,盒装,,,,,,,
,,,,,,,,,百草味,,,五香味,散装,,,,,,,
,,,,,,,,,来伊份,,,孜然味,礼盒装,,,,,,,
,,,,,,,,,黄飞红,,,香辣味,其他,,,,,,,
,,,,,,,,,,,,椒盐味,,,,,,,,
,,,,,,,,,,,,海苔味,,,,,,,,
,,,,,,,,,,,,烧烤味,,,,,,,,
,,,,,,,,,,,,番茄味,,,,,,,,
,,,,,,,,,,,,牛肉味,,,,,,,,
,,,,,,,,,,,,香葱味,,,,,,,,
,,,,,,,,,,,,蟹黄味,,,,,,,,
,,,,,,,,,,,,椒香味,,,,,,,,
,,,,,,,,,,,,香甜味,,,,,,,,
,,,,,,,,,,,,牛排味,,,,,,,,
,,,,,,,,,,,,酱香味,,,,,,,,
,,,,,,,,,,,,其他,,,,,,,,
,,,,,,,,,,,,,,,,,,,,
,,,,,,,,,,,,,,,,,,,,
,,,,,,,,,,,,,,,,,,,,
,,,,,,,,,,,,,,,,,,,,
,,,,,,,,,,,,,,,,,,,,
114.0,食品,休闲零食,膨化食品,小馒头,B,"定义
以马铃薯淀粉、小麦粉、奶粉、鸡蛋为主要原料，经搅拌、成型、烘烤制成的酥松休闲食品，通常呈圆球状、迷你颗粒状，部分款式可添加奶味、果蔬味、蛋黄味等风味配料。产品质地酥软松化，入口易溶，奶香浓郁，属于经典烘焙类零食，常见于袋装、罐装、盒装等即食包装形式。

快速核对要点
原料：以马铃薯淀粉、小麦粉、奶粉、鸡蛋为主要原料，无变质、发霉、异味原料。
形态：圆球状/迷你颗粒状完整，无严重破碎、粘连成团。
工艺：搅拌和面、成型、烘烤熟制，熟制到位，无夹生、焦糊。
调味：风味均匀，无明显异味、结块、异物。
包装：密封完好，无漏气、胀袋、受潮。
标识：品名、配料、生产日期、保质期、厂家信息清晰齐全。
口感：酥松易溶，无发硬、发黏、哈喇味、异味。","原味小馒头：以马铃薯淀粉、小麦粉、奶粉、鸡蛋为主要原料，经搅拌成型、烘烤制成的奶香味小馒头。

风味小馒头：添加果蔬、蛋黄、南瓜、紫薯等配料，制成的特色风味小馒头。

调味款：原味、奶香味、蛋黄味、草莓味、南瓜味、紫薯味等。

复合口味：多种风味叠加的调味小馒头。

非油炸款：全程烘烤制成，无油炸工艺的酥松小馒头。","非主食淀粉原料：以豆类、肉类、果蔬为主，不含马铃薯淀粉、小麦粉的颗粒状零食。

非烘焙膨化：薯片、虾条、虾片、锅巴、蔬菜脆、豆类脆等。

非烘烤类：蒸煮、冷冻制成，未经过烘烤熟制的制品。

含肉、含酱料的复合制品：如饼干、蛋糕、米饼、糕点（非小馒头形态）。

仅含少量淀粉的烘焙食品：非以马铃薯淀粉、小麦粉为主要原料。

非零食形态：冷冻馒头坯、生面团、面糊、面点馅料（未调味/未熟制）。",三只松鼠,,,原味,罐装,,,,,,,
,,,,,,,,,良品铺子,,,牛奶味,袋装,,,,,,,
,,,,,,,,,百草味,,,香蕉味,盒装,,,,,,,
,,,,,,,,,来伊份,,,草莓味,,,,,,,,
,,,,,,,,,旺旺,,,苹果味,礼盒装,,,,,,,
,,,,,,,,,,,,南瓜味,,,,,,,,
,,,,,,,,,,,,胡萝卜味,,,,,,,,
,,,,,,,,,,,,蓝莓味,,,,,,,,
,,,,,,,,,,,,椰奶味,,,,,,,,
,,,,,,,,,,,,香草味,,,,,,,,
,,,,,,,,,,,,其他,,,,,,,,
,,,,,,,,,,,,,,,,,,,,
,,,,,,,,,,,,,,,,,,,,
,,,,,,,,,,,,,,,,,,,,
,,,,,,,,,,,,,,,,,,,,
,,,,,,,,,,,,,,,,,,,,
,,,,,,,,,,,,,,,,,,,,
,,,,,,,,,,,,,,,,,,,,
,,,,,,,,,,,,,,,,,,,,
,,,,,,,,,,,,,,,,,,,,
,,,,,,,,,,,,,,,,,,,,
,,,,,,,,,,,,,,,,,,,,
115.0,食品,休闲零食,膨化食品,爆米花,B,"定义
以玉米（主要为爆裂玉米）为主要原料，经加热、加压或油炸等工艺使谷物膨胀酥脆，制成的蓬松状休闲零食。通常呈球状、蝶状，表面可附着黄油、焦糖、巧克力、芝士、水果味等多种调味料。产品质地蓬松酥脆，玉米香浓，属于经典膨化食品，常见于桶装、袋装、罐装等包装形式。

快速核对要点
原料：以爆裂玉米为主要原料，无发霉、虫蛀、异味原料。
形态：蓬松多孔，呈球状或蝶状，颗粒完整，无大量焦黑碎渣。
工艺：高温热胀、油炸或气爆膨化，熟化到位，无夹生、烧焦。
调味：涂层均匀，无明显粉末脱落、无甜咸混杂不均、无异物。
包装：密封完好，无漏气、受潮变软，桶装需无漏渣。
标识：品名、配料表、生产日期、保质期、厂家信息清晰齐全。
口感：酥脆适中，无油腻、发黏、哈喇味、焦苦味。","原味爆米花：以爆裂玉米为主要原料，经加热膨发、烘烤制成的原味爆米花。

风味爆米花：添加黄油、焦糖、巧克力、芝士等配料，制成的特色风味爆米花。

调味款：原味、黄油味、焦糖味、巧克力味、芝士味、草莓味、海苔味等。

复合口味：多种风味叠加的调味爆米花。

非油炸款：热风膨化、烘烤制成，无油炸工艺的酥脆爆米花。","非玉米原料：以豆类、薯类、果蔬、肉类为主，不含爆裂玉米的蓬松状零食。

非谷物膨化物：薯片、虾条、虾片、锅巴、蔬菜脆、豆类脆等。

非热膨/烘烤类：蒸煮、冷冻制成，未经过加热膨发熟制的制品。

含肉、含酱料的复合制品：如饼干、蛋糕、糕点、糖果（非爆米花形态）。

仅含少量玉米粉的膨化食品：非以爆裂玉米为主要原料。

非零食形态：玉米粒、冷冻玉米坯、生玉米糊（未调味/未熟制）。",乐事,,,原味,袋装,,,,,,,
,,,,,,,,,可比克,,,焦糖味,桶装,,,,,,,
,,,,,,,,,上好佳,,,奶油味,盒装,,,,,,,
,,,,,,,,,旺旺,,,海盐味,罐装,,,,,,,
,,,,,,,,,董小姐,,,巧克力味,,,,,,,,
,,,,,,,,,,,,芝士味,,,,,,,,
,,,,,,,,,,,,黄油味,,,,,,,,
,,,,,,,,,,,,椰香味,,,,,,,,
,,,,,,,,,,,,草莓味,,,,,,,,
,,,,,,,,,,,,抹茶味,,,,,,,,
,,,,,,,,,,,,其他,,,,,,,,
,,,,,,,,,,,,,,,,,,,,
,,,,,,,,,,,,,,,,,,,,
,,,,,,,,,,,,,,,,,,,,
,,,,,,,,,,,,,,,,,,,,
,,,,,,,,,,,,,,,,,,,,
,,,,,,,,,,,,,,,,,,,,
,,,,,,,,,,,,,,,,,,,,
,,,,,,,,,,,,,,,,,,,,
,,,,,,,,,,,,,,,,,,,,
,,,,,,,,,,,,,,,,,,,,
,,,,,,,,,,,,,,,,,,,,
116.0,食品,休闲零食,膨化食品,烤馍片,C,"定义
以小麦粉、面粉、馒头坯为主要原料，经切片、烘烤、调味制成的酥脆休闲食品，通常呈薄片状、方块状，表面可附着食盐、孜然、香辣、烧烤、奶香、椒盐等多种调味料。产品质地干爽酥脆，麦香浓郁，属于经典烘焙类零食，常见于袋装、盒装、箱装等包装形式。

快速核对要点
原料：以小麦粉、面粉、馒头坯为主要原料，无发霉、变质、异味原料。
形态：薄片状、方块状规整，无严重破碎、无粘连结块。
工艺：切片成型、高温烘烤熟制，熟化到位，无夹生、焦糊、发硬。
调味：粉料附着均匀，无明显掉粉、口味不均、无异物。
包装：密封完好，无漏气、受潮发软、碎渣过多。
标识：品名、配料表、生产日期、保质期、厂家信息清晰齐全。
口感：酥脆香浓，无发硬、发黏、哈喇味、焦苦味。","原味烤馍片：以小麦粉、馒头坯为主要原料，经切片、烘烤制成的原味烤馍片。

风味烤馍片：添加孜然、香辣、烧烤、奶香、椒盐等配料，制成的特色风味烤馍片。

调味款：原味、香辣味、烧烤味、孜然味、椒盐味、奶香味、香葱味等。

复合口味：多种风味叠加的调味烤馍片。

非油炸款：全程烘烤制成，无油炸工艺的酥脆烤馍片。","非小麦原料：以豆类、薯类、果蔬、肉类为主，不含小麦粉、馒头坯的片状零食。

非面制膨化物：薯片、虾条、虾片、锅巴、蔬菜脆、豆类脆等。

非烘烤类：蒸煮、冷冻制成，未经过烘烤熟制的制品。

含肉、含酱料的复合制品：如饼干、蛋糕、糕点、馒头（非馍片形态）。

仅含少量小麦粉的烘焙食品：非以小麦粉、馒头坯为主要原料。

非零食形态：生馒头坯、冷冻馒头、面团、面糊（未调味/未熟制）。",三只松鼠,,,原味,袋装,,,,,,,
,,,,,,,,,良品铺子,,,孜然味,盒装,,,,,,,
,,,,,,,,,百草味,,,香辣味,散装,,,,,,,
,,,,,,,,,来伊份,,,牛肉味,,,,,,,,
,,,,,,,,,洽洽,,,烧烤味,,,,,,,,
,,,,,,,,,,,,麻辣味,,,,,,,,
,,,,,,,,,,,,椒盐味,,,,,,,,
,,,,,,,,,,,,五香味,,,,,,,,
,,,,,,,,,,,,咖喱味,,,,,,,,
,,,,,,,,,,,,海苔味,,,,,,,,
,,,,,,,,,,,,番茄味,,,,,,,,
,,,,,,,,,,,,鸡肉味,,,,,,,,
,,,,,,,,,,,,其他,,,,,,,,
,,,,,,,,,,,,,,,,,,,,
,,,,,,,,,,,,,,,,,,,,
,,,,,,,,,,,,,,,,,,,,
,,,,,,,,,,,,,,,,,,,,
,,,,,,,,,,,,,,,,,,,,
,,,,,,,,,,,,,,,,,,,,
,,,,,,,,,,,,,,,,,,,,
,,,,,,,,,,,,,,,,,,,,
,,,,,,,,,,,,,,,,,,,,
117.0,食品,休闲零食,膨化食品,粟米膨化,B,"定义
以玉米（粟米）为主要原料，经研磨、制浆、成型、高温膨化或油炸制成的酥脆休闲食品。通常呈条状、片状、颗粒状，表面可附着芝士、烧烤、香辣、原味等多种调味料。产品质地蓬松酥脆，玉米清香明显，属于经典谷物膨化零食，常见于袋装、罐装、盒装等即食包装形式。

快速核对要点
原料：以玉米粉、玉米浆、完整玉米粒为主要原料，无发霉、虫蛀、异味原料。
形态：条状、片状、颗粒状完整，无严重破碎、粘连成团。
工艺：制浆成型、挤压膨化、热风干燥或油炸熟制，熟化到位，无夹生、焦糊。
调味：涂层或粉料附着均匀，无明显脱味、结块、异物。
包装：密封完好，无漏气、受潮变软、漏油。
标识：品名、配料表、生产日期、保质期、厂家信息清晰齐全。
口感：酥脆适中，无油腻、发黏、哈喇味、玉米生味。","原味粟米膨化：以玉米、粟米粉为主要原料，经挤压膨化、烘烤制成的原味粟米膨化零食。

风味粟米膨化：添加芝士、烧烤、香辣、海苔、焦糖等配料，制成的特色风味粟米膨化零食。

调味款：原味、芝士味、烧烤味、香辣味、海苔味、焦糖味、甜香味等。

复合口味：多种风味叠加的调味粟米膨化零食。

非油炸款：热风膨化、烘烤制成，无油炸工艺的酥脆粟米膨化零食。","非玉米原料：以豆类、薯类、果蔬、肉类为主，不含玉米 / 粟米的膨化零食。
非谷物膨化物：薯片、虾条、虾片、锅巴、烤馍片、蔬菜脆、豆类脆等。
非热膨 / 烘烤类：蒸煮、冷冻、熬煮制成，未经过高温膨化熟制的制品。
含肉、含酱料的复合制品：如肉条、酱料零食、糕点（非粟米膨化形态）。
仅含少量玉米粉的膨化食品：非以玉米 / 粟米为主要原料。
非零食形态：生玉米粒、玉米糊、玉米汁（未调味 / 未熟制）。",乐事,,,原味,袋装,,,,,,,
,,,,,,,,,可比克,,,玉米味,盒装,,,,,,,
,,,,,,,,,上好佳,,,芝士味,桶装,,,,,,,
,,,,,,,,,旺旺,,,烧烤味,,,,,,,,
,,,,,,,,,董小姐,,,香辣味,,,,,,,,
,,,,,,,,,,,,番茄味,,,,,,,,
,,,,,,,,,,,,海苔味,,,,,,,,
,,,,,,,,,,,,奶油味,,,,,,,,
,,,,,,,,,,,,蜂蜜味,,,,,,,,
,,,,,,,,,,,,蒜香味,,,,,,,,
,,,,,,,,,,,,咖喱味,,,,,,,,
,,,,,,,,,,,,芥末味,,,,,,,,
,,,,,,,,,,,,草莓味,,,,,,,,
,,,,,,,,,,,,冰淇淋味,,,,,,,,
,,,,,,,,,,,,其他,,,,,,,,
,,,,,,,,,,,,,,,,,,,,
,,,,,,,,,,,,,,,,,,,,
,,,,,,,,,,,,,,,,,,,,
,,,,,,,,,,,,,,,,,,,,
,,,,,,,,,,,,,,,,,,,,
,,,,,,,,,,,,,,,,,,,,
,,,,,,,,,,,,,,,,,,,,
118.0,食品,休闲零食,膨化食品,米通麦通米果卷,B,"定义
以大米、小麦、糯米为主要原料，经膨化、成型、卷制、粘合制成的酥脆休闲食品，通常呈圆棒状、长条状、卷状，表面可裹糖霜、芝麻，或填充夹心、附着调味粉等配料。产品质地蓬松酥脆，谷香醇厚，属于经典谷物膨化零食，常见于袋装、盒装、散装等即食包装形式。

快速核对要点
原料：以大米、小麦、糯米为主要原料，无发霉、虫蛀、异味原料。
形态：棒状、条状、卷状完整，无严重破碎、粘连成团。
工艺：谷物膨化、成型/卷制/粘合，熟化到位，无夹生、焦糊。
调味：涂层、夹心、粉料均匀，无明显脱味、结块、异物。
包装：密封完好，无漏气、受潮变软、漏油、掉糖掉渣。
标识：品名、配料表、生产日期、保质期、厂家信息清晰齐全。
口感：酥脆香浓，无发硬、发黏、哈喇味、谷物生味。","原味米通麦通米果卷：以大米、小麦、糯米为主要原料，经膨化、成型、卷制制成的原味谷物零食。

风味米通麦通米果卷：添加芝麻、花生、蛋黄、奶香、果蔬等配料，制成的特色风味零食。

调味款：原味、芝麻味、花生味、蛋黄味、奶香味、果蔬味等。

复合口味：多种风味叠加的调味米通麦通米果卷。

非油炸款：热风膨化、烘烤制成，无油炸工艺的酥脆谷物零食。","非谷物原料：以豆类、薯类、果蔬、肉类为主，不含大米、小麦、糯米的膨化零食。

非谷棒膨化物：薯片、虾条、虾片、锅巴、烤馍片、蔬菜脆、豆类脆等。

非热膨/烘烤类：蒸煮、冷冻、熬煮制成，未经过高温膨化熟制的制品。

含肉、含酱料的复合制品：如肉条、酱料零食、糕点（非米通麦通米果卷形态）。

仅含少量谷物粉的膨化食品：非以大米、小麦、糯米为主要原料。

非零食形态：生米粒、糯米糊、小麦粉浆（未调味/未熟制）。",三只松鼠,,,原味,袋装,,,,,,,
,,,,,,,,,良品铺子,,,花生味,散装,,,,,,,
,,,,,,,,,百草味,,,芝麻味,盒装,,,,,,,
,,,,,,,,,来伊份,,,黑糖味,,,,,,,,
,,,,,,,,,旺旺,,,巧克力味,,,,,,,,
,,,,,,,,,,,,海苔味,,,,,,,,
,,,,,,,,,,,,其他,,,,,,,,
,,,,,,,,,,,,,,,,,,,,
,,,,,,,,,,,,,,,,,,,,
,,,,,,,,,,,,,,,,,,,,
,,,,,,,,,,,,,,,,,,,,
,,,,,,,,,,,,,,,,,,,,
,,,,,,,,,,,,,,,,,,,,
,,,,,,,,,,,,,,,,,,,,
,,,,,,,,,,,,,,,,,,,,
,,,,,,,,,,,,,,,,,,,,
,,,,,,,,,,,,,,,,,,,,
,,,,,,,,,,,,,,,,,,,,
,,,,,,,,,,,,,,,,,,,,
,,,,,,,,,,,,,,,,,,,,
,,,,,,,,,,,,,,,,,,,,
,,,,,,,,,,,,,,,,,,,,
119.0,食品,休闲零食,膨化食品,其他膨化食品,,"定义
指无法归入任一已有具体类别的膨化休闲食品，原料、形态或加工工艺具备多样性。这类产品通常以谷物、薯类或淀粉为主要成分，经膨化工艺加工制成，口感酥脆香甜，属于休闲膨化零食，在外形、风味、制作细节上，区别于已有明确标准定义的膨化食品品类。

快速核对要点
原料：主要成分为谷物、薯类、淀粉等常规膨化食材，辅料可搭配调味粉、油脂、糖类等，符合食品添加标准。
工艺：经挤压、油炸、烘烤、焙烤等膨化工艺制成，属于熟制即食食品。
口感：口感酥脆、疏松，无发硬、发绵、回软变质现象。
形态：形态多样不规则，无固定标准外形，区别于普通薯片、薯条、锅巴等定型膨化食品。
标识：清晰标注产品名称、配料表、生产日期、保质期等信息，归类为膨化食品。",无法归入薯片、薯条、虾片、虾条、雪饼、米饼、锅巴、小馒头、爆米花、烤馍片、粟米膨化、米通麦通米果卷等常规定型膨化品类，以谷物、薯类、淀粉为主要原料，经挤压、油炸、烘烤、焙烤等膨化工艺制成的酥脆休闲食品。原料搭配、外形样式、加工工艺存在特殊性、多样性，无固定标准形态，符合膨化食品食品安全标准，属于常规膨化类目之外的兜底品类。,"常规定型膨化食品
有明确品类归属、固定形态的常规膨化食品，比如薯片、薯条、虾片、虾条、雪饼、米饼、锅巴、小馒头、爆米花、烤馍片、粟米膨化、米通麦通米果卷等定型产品。

非膨化类酥脆零食
不经膨化工艺制成的酥脆食品，比如油炸糕点、饼干、薄脆、麻花、馓子、坚果脆片、冻干果蔬脆、肉干肉脯、豆制品脆片等。

劣质假冒及不合格产品
用劣质原料、超标添加剂制作的伪劣产品；受潮变质、口感发软发绵、带有哈喇味、霉味的变质产品；以淀粉、胶质为主，未经过正规膨化工艺的假冒膨化零食。

非休闲膨化制品
各类膨化主食、宠物膨化食品、饲料膨化制品；工业用膨化原料；非即食、需二次加工的半成品膨化食材。",乐事,,,原味,袋装,,,,,,,
,,,,,,,,,可比克,,,烧烤味,罐装,,,,,,,
,,,,,,,,,上好佳,,,番茄味,桶装,,,,,,,
,,,,,,,,,旺旺,,,香辣味,盒装,,,,,,,
,,,,,,,,,董小姐,,,海苔味,散装,,,,,,,
,,,,,,,,,,,,芝士味,其他,,,,,,,
,,,,,,,,,,,,鸡肉味,,,,,,,,
,,,,,,,,,,,,牛肉味,,,,,,,,
,,,,,,,,,,,,黄瓜味,,,,,,,,
,,,,,,,,,,,,芥末味,,,,,,,,
,,,,,,,,,,,,甜辣味,,,,,,,,
,,,,,,,,,,,,泡菜味,,,,,,,,
,,,,,,,,,,,,其他,,,,,,,,
,,,,,,,,,,,,,,,,,,,,
,,,,,,,,,,,,,,,,,,,,
,,,,,,,,,,,,,,,,,,,,
,,,,,,,,,,,,,,,,,,,,
,,,,,,,,,,,,,,,,,,,,
,,,,,,,,,,,,,,,,,,,,
,,,,,,,,,,,,,,,,,,,,
,,,,,,,,,,,,,,,,,,,,
,,,,,,,,,,,,,,,,,,,,
120.0,食品,休闲零食,豆干制品,辣条,A,"定义：以小麦粉或大豆蛋白为主要原料，经挤压膨化熟化后，拌入植物油、辣椒粉、食用盐、甜味剂及香辛料制成的条状即食调味面制品；产品呈长条或短段形，表面附着红油与调味料，具有辣、咸、甜、麻等复合口味，独立小袋真空包装，常温流通，拆袋即食
。
快速核对要点
1. 原料
包括：小麦粉、面筋、豆干 / 豆皮等
不包括：纯肉、薯片、膨化玉米、饼干、糕点
2. 工艺
包括：调味面制、油浸 / 拌酱、麻辣 / 香辣加工
不包括：油炸非调味、烘焙糕点、蒸煮无调味
3. 口感
包括：软筋、有嚼劲、偏油润
不包括：硬脆饼干、松软面包、酥脆膨化
4. 形态
包括：条状、块状、卷状、串状、豆干类
不包括：颗粒、粉末、液体、糖果状
5. 风味
包括：麻辣、香辣、酱香、藤椒、泡椒、甜辣等
不包括：纯甜、纯咸无辣、水果味、巧克力味","1. 小麦粉辣条、面筋辣条
2. 豆干、豆皮、豆棍等豆制品辣条
3. 调味面制品、麻辣面制品
4. 软筋、脆口、油浸 / 拌酱型辣条","1. 新鲜小麦、面粉原料、湿面筋胚（未加工的生鲜原料，非即食辣条零食）

2. 面筋罐头、调味面酱、面筋羹、湿面筋制品（非干制即食休闲辣条）

3. 面筋丸子、面筋排、深加工面制品糕团、素食代餐面筋（非即食辣条类零食）

4. 药用面筋制品、保健素食制品、食疗素食制品（非普通食用辣条类零食）

5. 辣条造型玩具、仿真摆件、工艺品（非食用辣条类制品）",三只松鼠,面筋类,,香辣味,塑料袋装,,,,,,,
,,,,,,,,,良品铺子,辣片,,麻辣味,袋装（非真空）,,,,,,,
,,,,,,,,,百草味,辣棒,,甜辣味,盒装,,,,,,,
,,,,,,,,,卫龙,辣丝,,酸辣味,桶装,,,,,,,
,,,,,,,,,盐津铺子,辣块,,五香味,礼盒装,,,,,,,
,,,,,,,,,,素肉 / 豆干辣条,,烧烤味,组合装,,,,,,,
,,,,,,,,,,,,孜然味,,,,,,,,
,,,,,,,,,,,,泡椒味,,,,,,,,
,,,,,,,,,,,,蒜香味,,,,,,,,
,,,,,,,,,,,,藤椒味,,,,,,,,
,,,,,,,,,,,,麦辣鸡汁味,,,,,,,,
,,,,,,,,,,,,酸豆角味,,,,,,,,
,,,,,,,,,,,,黑鸭味,,,,,,,,
,,,,,,,,,,,,其他,,,,,,,,
,,,,,,,,,,,,,,,,,,,,
,,,,,,,,,,,,,,,,,,,,
,,,,,,,,,,,,,,,,,,,,
,,,,,,,,,,,,,,,,,,,,
,,,,,,,,,,,,,,,,,,,,
,,,,,,,,,,,,,,,,,,,,
,,,,,,,,,,,,,,,,,,,,
,,,,,,,,,,,,,,,,,,,,
121.0,食品,休闲零食,豆干制品,其他豆干制品,,"定义：除辣条以外，以大豆或大豆蛋白为主要原料，经磨浆、点浆、压制、切块、卤制或调味、烘干（或油炸）等工序制成的固态豆制品。水分含量低于豆腐而高于腐竹，质地紧实有韧性，产品呈块状、片状或条状，可经卤制、熏制、调味等工艺形成不同风味，多用于即食休闲、佐餐配菜或烹饪配料。产品流通多采用真空或充氮包装，常温或冷藏销售，涵盖五香、麻辣、泡椒等多种口味，包含散装、独立包装等多种规格。

快速核对要点
原料：以大豆或大豆蛋白为核心主料，配料合规，不含劣质替代原料，无超标添加剂。
工艺：经磨浆、点浆、压制、切块、调味、烘干或油炸等工序制成，属于熟制豆制品。
质地：紧实有韧性，不干硬发脆、不软烂松散，无黏手、发霉、变质情况。
形态：块状、片状、条状为主，外形规整，无严重破损、无霉点、无异味。
水分：含水量适中，介于豆腐与腐竹之间，不干裂、不渗水。
标识：清晰标注产品名称、配料表、生产日期、保质期、储存条件等信息，归类为豆制品。",除辣条之外，符合品类定义的各类固态韧性豆制品。涵盖原味、五香、麻辣、泡椒、熏制、卤香等多种风味，块状、片状、条状等多种形态，以大豆或大豆蛋白为主要原料，经压制、调味、烘干或油炸制成，真空、充氮或散装售卖，适用于休闲即食、佐餐、烹饪配料的合规豆制品。,"辣条及调味面制品
以小麦粉为主要原料，不属于豆干类的辣条、辣片、辣棒、素面筋等调味面制品，排除在此类之外。

其他常规豆制品
质地软烂的豆腐、嫩豆腐、豆脑；水分极低、质地干硬的腐竹、豆筋、豆皮；豆腐乳、臭豆腐、豆豉、豆酱、豆浆、豆腐脑等非固态韧性豆制品。

劣质及不合格产品
霉变发酸、发黏变质、有异味的劣质豆制品；用劣质豆粕、杂质原料制作的不合格产品；添加超标添加剂、非食用配料的违规制品。

非豆干类素食制品
以魔芋、面粉、薯类为主要原料，不含大豆蛋白的素肉、素肠、素牛排；各类素食零食、素食菜肴半成品，不属于此类豆干制品。",三只松鼠,,,五香,袋装,,,,,,,
,,,,,,,,,良品铺子,,,麻辣,散装称重,,,,,,,
,,,,,,,,,百草味,,,泡椒,盒装,,,,,,,
,,,,,,,,,卫龙,,,烧烤,罐装,,,,,,,
,,,,,,,,,盐津铺子,,,香辣,其他,,,,,,,
,,,,,,,,,,,,卤香,,,,,,,,
,,,,,,,,,,,,鸡汁,,,,,,,,
,,,,,,,,,,,,牛肉,,,,,,,,
,,,,,,,,,,,,香菇,,,,,,,,
,,,,,,,,,,,,孜然,,,,,,,,
,,,,,,,,,,,,酱香,,,,,,,,
,,,,,,,,,,,,原味,,,,,,,,
,,,,,,,,,,,,盐焗,,,,,,,,
,,,,,,,,,,,,其他,,,,,,,,
,,,,,,,,,,,,,,,,,,,,
,,,,,,,,,,,,,,,,,,,,
,,,,,,,,,,,,,,,,,,,,
,,,,,,,,,,,,,,,,,,,,
,,,,,,,,,,,,,,,,,,,,
,,,,,,,,,,,,,,,,,,,,
,,,,,,,,,,,,,,,,,,,,
,,,,,,,,,,,,,,,,,,,,
122.0,食品,休闲零食,魔芋即食食品,魔芋爽,B,"定义
以魔芋粉、魔芋精粉为主要原料，经成型、蒸煮、杀菌、拌入植物油、辣椒粉、食用盐、甜味剂及香辛料制成的条状/块状即食调味魔芋制品；产品呈长条、丝条状或块状，质地弹牙，表面附着红油与调味料，具有辣、咸、麻、香等复合口味，独立小袋真空包装，常温流通，拆袋即食。

快速核对要点
原料
包括：魔芋粉、魔芋精粉、魔芋素毛肚、魔芋丝
不包括：小麦面筋、纯肉、豆类制品、薯片、膨化食品、饼干、糕点
工艺
包括：魔芋凝胶成型、蒸煮熟化、拌酱调味、麻辣/香辣加工
不包括：油炸膨化、烘焙糕点、单纯蒸煮无调味、风干脱水
口感
包括：弹牙、爽脆、劲道、润口不柴
不包括：松软糕点、硬脆膨化、干硬面筋、软糯面食
形态
包括：条状、丝条状、块状、素毛肚状、卷状
不包括：颗粒、粉末、液体、糖果状、完整块状魔芋豆腐
风味
包括：麻辣、香辣、藤椒、泡椒、酸辣、甜辣等
不包括：纯甜、纯咸无辣、水果味、巧克力味、奶香味","1. 魔芋素毛肚、魔芋丝、魔芋条

2. 魔芋块状、丝状、卷状制品

3. 即食调味魔芋制品、麻辣魔芋制品

4. 弹脆、劲道、拌酱/油浸型魔芋爽","1. 新鲜魔芋、冷冻魔芋块、鲜魔芋胶（未加工的生鲜原料，非即食魔芋爽零食）

2. 魔芋罐头、魔芋酱、魔芋羹、魔芋糜、魔芋凉皮、魔芋结（非干制即食休闲魔芋爽）

3. 魔芋丸子、魔芋排、深加工魔芋糕团、魔芋代餐制品（非即食麻辣魔芋爽零食）

4. 药用魔芋制品、保健魔芋制品、食疗魔芋制品（非普通食用魔芋类零食）

5. 魔芋造型玩具、仿真摆件、工艺品（非食用魔芋类制品）",三只松鼠,,,香辣味,袋装,,,,,,,
,,,,,,,,,良品铺子,,,麻辣味,盒装,,,,,,,
,,,,,,,,,百草味,,,酸辣味,其他,,,,,,,
,,,,,,,,,卫龙,,,泡椒味,,,,,,,,
,,,,,,,,,盐津铺子,,,烧烤味,,,,,,,,
,,,,,,,,,,,,藤椒味,,,,,,,,
,,,,,,,,,,,,卤香味,,,,,,,,
,,,,,,,,,,,,五香味,,,,,,,,
,,,,,,,,,,,,孜然味,,,,,,,,
,,,,,,,,,,,,番茄味,,,,,,,,
,,,,,,,,,,,,其他,,,,,,,,
,,,,,,,,,,,,,,,,,,,,
,,,,,,,,,,,,,,,,,,,,
,,,,,,,,,,,,,,,,,,,,
,,,,,,,,,,,,,,,,,,,,
,,,,,,,,,,,,,,,,,,,,
,,,,,,,,,,,,,,,,,,,,
,,,,,,,,,,,,,,,,,,,,
,,,,,,,,,,,,,,,,,,,,
,,,,,,,,,,,,,,,,,,,,
,,,,,,,,,,,,,,,,,,,,
,,,,,,,,,,,,,,,,,,,,
123.0,食品,休闲零食,魔芋即食食品,其他魔芋即食食品,,"定义
除魔芋爽这类特定辣味仿生零食以外，所有以魔芋为主要基底制成的即食类产品。该品类定义范围宽泛，不局限于休闲零食，多用于代餐、轻食、特色凉菜、佐餐配菜等场景。产品以魔芋粉、魔芋精粉为核心原料，经调配、成型、熟制、调味等工序制成，口感爽滑弹韧，低脂低卡，开袋即可食用，无需额外二次加工，多采用真空、密封包装，常温或冷藏保存。

快速核对要点
原料：以魔芋粉、魔芋精粉为核心基底原料，不含超标添加剂，配料符合食品安全标准。
工艺：经调浆、成型、熟制、调味、灭菌、包装等工序制成，属于即食成品。
质地：爽滑弹韧，不软烂、不发硬、不发黏，无异味、无霉变、无变质。
形态：形态多样，常见丝、结、块、片、丁等形态，外形规整。
食用方式：开袋即食，不用蒸煮、炒制等二次加工，适配多种食用场景。
标识：清晰标注产品名称、配料表、生产日期、保质期、储存条件等信息，归类为魔芋制",排除特定辣味仿生魔芋零食外，各类以魔芋为基底的即食产品。涵盖代餐魔芋面、魔芋米、轻食魔芋片、魔芋块、凉拌魔芋丝、魔芋结、调味魔芋凉菜、低脂魔芋代餐制品、清淡口魔芋佐餐菜等，符合食品安全标准，主打代餐、轻食、佐餐用途的即食魔芋制品。,"特定辣味仿生魔芋零食
魔芋爽、素毛肚等主打辣味、仿荤口感的休闲魔芋零食，归入专属品类，排除在此类之外。

非即食魔芋制品
生魔芋原料、干魔芋粉、魔芋半成品；需焯水、蒸煮、炒制等二次加工的魔芋食材，不属于即食制品。

劣质及不合格产品
霉变、发酸、发黏变质、带有异味的劣质魔芋制品；使用劣质原料、超标添加剂、非食用配料的违规产品。

非魔芋基底制品
以豆类、面粉、薯类、胶质类为主要原料，不含魔芋成分的素肉、素食、凉拌菜等产品；添加少量魔芋粉，不作为核心基底的食品。",三只松鼠,,,,桶装,,,,,,,
,,,,,,,,,良品铺子,,,,散装,,,,,,,
,,,,,,,,,百草味,,,,密封装,,,,,,,
,,,,,,,,,卫龙,,,,,,,,,,,
,,,,,,,,,盐津铺子,,,,,,,,,,,
,,,,,,,,,,,,,,,,,,,,
,,,,,,,,,,,,,,,,,,,,
,,,,,,,,,,,,,,,,,,,,
,,,,,,,,,,,,,,,,,,,,
,,,,,,,,,,,,,,,,,,,,
,,,,,,,,,,,,,,,,,,,,
,,,,,,,,,,,,,,,,,,,,
,,,,,,,,,,,,,,,,,,,,
,,,,,,,,,,,,,,,,,,,,
,,,,,,,,,,,,,,,,,,,,
,,,,,,,,,,,,,,,,,,,,
,,,,,,,,,,,,,,,,,,,,
,,,,,,,,,,,,,,,,,,,,
,,,,,,,,,,,,,,,,,,,,
,,,,,,,,,,,,,,,,,,,,
,,,,,,,,,,,,,,,,,,,,
,,,,,,,,,,,,,,,,,,,,
124.0,食品,休闲零食,蜜饯果干,葡萄干,B,"定义
一种以葡萄为原料，经晾晒、烘干、脱水等工艺加工而成的休闲零食，其核心特征是果肉干瘪紧实，无果核或果核细小，市面多为完整果干款、去核净肉款，通常带有原味、甜味、奶香、桂花味、玫瑰味等调味；产品多以散装、袋装或盒装销售，常见于佐茶、聚会、日常消遣、烘焙配料及加餐解馋场景。

快速判断要点
形态：多为皱缩椭圆形、长条形，市面主流为完整带籽款、去核净肉款，果干表皮皱缩有纹路，果肉紧实成团，无饱满多汁果肉。
原料：特指新鲜葡萄果实，属于果干类，非坚果、杂粮谷物、瓜果果肉或普通植物种子。
质地：果肉柔韧有嚼劲，清甜有果香，口感绵密不软烂，区别于硬脆坚果、酥松膨化、软糯糕点、Q弹软糖。
用途：以直接开袋食用为主，可做零食加餐、烘焙配料，非烹饪主料、调味食材，区别于新鲜水果、干货药材、杂粮。
外观：果干皱缩饱满，色泽呈黄绿、红褐、紫黑等色调，无厚重糖衣包裹，无复杂加工造型，区别于糖果、蜜饯、膨化食品、糕点。","原味葡萄干：以新鲜葡萄为原料，经晾晒、烘干、脱水制成的原味葡萄干零食。

风味葡萄干：添加桂花、玫瑰、奶香、蜂蜜、冰糖等配料，制成的特色风味葡萄干零食。

调味款：原味、甜味、桂花味、玫瑰味、奶香味、蜂蜜味等。

复合口味：多种风味叠加的调味葡萄干零食。

无添加款：自然晾晒烘干，无额外加糖、无添加剂的纯净葡萄干零食。","非葡萄原料：以红枣、桂圆、莓果、坚果、肉类为主，不含葡萄的果干零食。
非葡萄果干：芒果干、香蕉干、草莓干、杏干、梅干、各类坚果等。

非脱水干制类：新鲜葡萄、糖水葡萄、葡萄罐头、葡萄果酱等制品。

含肉、含酱料的复合制品：如肉干、蜜饯糖果、糕点（非葡萄干形态）。

仅含少量葡萄成分的零食：非以葡萄为主要原料的果干制品。

非零食形态：新鲜葡萄果、葡萄汁、葡萄酒、葡萄浆（未脱水干制）。",三只松鼠,,,原味,袋装,,,,,,,
,,,,,,,,,良品铺子,,,甜味,盒装,,,,,,,
,,,,,,,,,百草味,,,酸甜味,散装,,,,,,,
,,,,,,,,,来伊份,,,其他,其他,,,,,,,
,,,,,,,,,沃隆,,,,,,,,,,,
,,,,,,,,,,,,,,,,,,,,
,,,,,,,,,,,,,,,,,,,,
,,,,,,,,,,,,,,,,,,,,
,,,,,,,,,,,,,,,,,,,,
,,,,,,,,,,,,,,,,,,,,
,,,,,,,,,,,,,,,,,,,,
,,,,,,,,,,,,,,,,,,,,
,,,,,,,,,,,,,,,,,,,,
,,,,,,,,,,,,,,,,,,,,
,,,,,,,,,,,,,,,,,,,,
,,,,,,,,,,,,,,,,,,,,
,,,,,,,,,,,,,,,,,,,,
,,,,,,,,,,,,,,,,,,,,
,,,,,,,,,,,,,,,,,,,,
,,,,,,,,,,,,,,,,,,,,
,,,,,,,,,,,,,,,,,,,,
,,,,,,,,,,,,,,,,,,,,
125.0,食品,休闲零食,蜜饯果干,芒果干,B,"定义
一种以新鲜芒果为原料，经清洗去皮、切片、腌制、脱水干燥等工艺加工而成的休闲零食。其核心特征是保留了芒果的浓郁果香，果肉呈片状厚实柔软，市面多为切片款或原切款，通常带有原味、酸甜味、奶香、玫瑰味等调味；产品多以散装、袋装、罐装或盒装销售，常见于日常解馋、旅行携带、佐茶及烘焙配料场景。

快速判断要点
形态：多为扁平的片状、条块状，市面主流为原切片或厚切片，果肉表面略有收缩纹路，整体饱满厚实，无果核，区别于完整水果或粉末状制品。
原料：特指新鲜芒果果实，属于果干类，非坚果、杂粮谷物、新鲜水果或蔬菜制品。
质地：果肉柔韧厚实，软糯有嚼劲，酸甜浓郁，口感顺滑不黏牙，区别于硬脆坚果、酥松膨化、流心糖果及干硬的肉脯。
用途：以直接开袋食用为主，可做零食加餐、饮品搭配或烘焙配料，非烹饪主料、调味酱料，区别于新鲜芒果、果酱、果泥或干货药材。
外观：果干色泽鲜亮，呈金黄色、橙红色或深橙色，表面平整无复杂加工造型，无过多糖霜包裹，区别于糖果、巧克力、膨化食品或裱花糕点。","原味芒果干
以新鲜芒果为原料，经清洗、去皮、去核、切片、自然晾晒或低温烘干制成的原味果干。核心特征是保留了芒果原有的金黄色泽与浓郁果香，果肉厚实柔软，口感酸甜适中，无果脯添加，属于基础款水果零食。
风味芒果干
在原味芒果干的基础上，添加特色配料进行腌制或调味，制成的具有独特风味的芒果干零食。
调味款
甜味：清甜、冰糖甜、蜂蜜甜等口感细腻的风味。
果香类：桂花味、陈皮味、百香果味等融合热带水果香气的风味。
奶香类：炼乳味、芝士味、椰奶香等浓郁奶香的风味。
复合口味
多种风味相互叠加融合的芒果干零食。例如：桂花蜂蜜味、陈皮奶香、芝士椰香等复合口感。
无添加芒果干
自然晾晒或低温烘干制成，无额外添加蔗糖、香精、防腐剂等添加剂的纯芒果干零食。核心特征是色泽自然偏浅，口感原汁原味，酸甜度源自芒果自身，健康纯净。","非芒果原料：以葡萄、红枣、莓果、坚果、肉类为主，不含芒果的果干零食。
非芒果果干：葡萄干、香蕉干、草莓干、杏干、梅干、各类坚果等。

非脱水干制类：新鲜芒果、糖水芒果、芒果罐头、芒果果酱等制品。

含肉、含酱料的复合制品：如肉干、蜜饯糖果、糕点（非芒果干形态）。

仅含少量芒果成分的零食：非以芒果为主要原料的果干制品。

非零食形态：新鲜芒果果、芒果汁、芒果酱、芒果浆（未脱水干制）。",三只松鼠,,,原味,袋装,,,,,,,
,,,,,,,,,良品铺子,,,甜味,盒装,,,,,,,
,,,,,,,,,百草味,,,酸甜味,散装,,,,,,,
,,,,,,,,,来伊份,,,蜂蜜味,礼盒装,,,,,,,
,,,,,,,,,沃隆,,,椰香味,罐装,,,,,,,
,,,,,,,,,,,,盐渍味,其他,,,,,,,
,,,,,,,,,,,,其他,,,,,,,,
,,,,,,,,,,,,,,,,,,,,
,,,,,,,,,,,,,,,,,,,,
,,,,,,,,,,,,,,,,,,,,
,,,,,,,,,,,,,,,,,,,,
,,,,,,,,,,,,,,,,,,,,
,,,,,,,,,,,,,,,,,,,,
,,,,,,,,,,,,,,,,,,,,
,,,,,,,,,,,,,,,,,,,,
,,,,,,,,,,,,,,,,,,,,
,,,,,,,,,,,,,,,,,,,,
,,,,,,,,,,,,,,,,,,,,
,,,,,,,,,,,,,,,,,,,,
,,,,,,,,,,,,,,,,,,,,
,,,,,,,,,,,,,,,,,,,,
,,,,,,,,,,,,,,,,,,,,
126.0,食品,休闲零食,蜜饯果干,山楂干,B,"定义
一种以新鲜山楂果实为原料，经清洗、去核、切片、晾晒或烘干等工艺加工而成的休闲零食。其核心特征是保留了山楂特有的酸甜风味，果肉呈片状偏干硬，市面多为原切片或卷状，通常带有原味、酸甜味、冰糖味、陈皮味等调味；产品多以散装、袋装、罐装或盒装销售，常见于开胃解馋、消食解腻、泡水茶饮及烘焙配料场景。
快速判断要点
形态：多为扁平的片状、卷状或圈状，市面主流为原切片或去核卷片，果肉表面略有收缩纹路，整体干爽厚实，无完整果实或粉末状制品。
原料：特指新鲜山楂果实，属于果干类，非坚果、杂粮谷物、新鲜水果或蔬菜制品。
质地：果肉紧实有嚼劲，口感偏干硬，酸甜鲜明，酸感突出，区别于软糯的糕点、酥脆的膨化食品及多汁的新鲜水果。
用途：以直接开袋食用为主，可做零食加餐、泡水煮茶或烘焙配料，非烹饪主料、调味酱料，区别于新鲜山楂、山楂酱、果泥或干货药材。
外观：果干色泽鲜亮，呈深红色、棕红色或橙黄色，表面平整光滑或略有自然褶皱，无复杂加工造型，无过多糖霜厚重包裹，区别于糖果、巧克力、裱花糕点。","原味山楂干
以新鲜山楂为原料，经清洗、去核、切片、自然晾晒或低温烘干制成的原味果干。核心特征是保留了山楂原生的鲜红色泽与酸甜果香，果肉干爽紧实，口感酸甜纯粹，无额外配料添加，属于基础款果干零食。
风味山楂干
在原味山楂干的基础上，添加特色配料进行腌制或调味，制成的具有独特风味的山楂干零食。
调味款
甜味：冰糖甜、蜂蜜甜、白砂糖甜等口感温润的风味。
果香类：陈皮味、桂花味、柠檬味等融合清香的风味。
草本类：甘草味、桑葚味等醇厚回甘的风味。
复合口味
多种风味相互叠加融合的山楂干零食。例如：冰糖陈皮味、蜂蜜桂花味、甘草桑葚味等复合口感。
无添加山楂干
自然晾晒或低温烘干制成，无额外添加蔗糖、香精、防腐剂等添加剂的纯山楂干零食。核心特征是色泽自然偏暗红，口感原汁原味，酸甜度源自山楂自身，消食解腻，健康纯净。","非山楂原料：以葡萄、芒果、莓果、坚果、肉类为主，不含山楂的果干零食。
非山楂果干：葡萄干、芒果干、香蕉干、草莓干、杏干、梅干、各类坚果等。

非脱水干制类：新鲜山楂、糖水山楂、山楂罐头、山楂果酱等制品。

含肉、含酱料的复合制品：如肉干、蜜饯糖果、糕点（非山楂干形态）。

仅含少量山楂成分的零食：非以山楂为主要原料的果干制品。

非零食形态：新鲜山楂果、山楂汁、山楂浆、山楂膏（未脱水干制）。",三只松鼠,,,酸甜,袋装,,,,,,,
,,,,,,,,,良品铺子,,,原味,罐装,,,,,,,
,,,,,,,,,百草味,,,甜味,盒装,,,,,,,
,,,,,,,,,来伊份,,,酸味,散装,,,,,,,
,,,,,,,,,好想你,,,蜜饯味,其他,,,,,,,
,,,,,,,,,,,,其他,,,,,,,,
,,,,,,,,,,,,,,,,,,,,
,,,,,,,,,,,,,,,,,,,,
,,,,,,,,,,,,,,,,,,,,
,,,,,,,,,,,,,,,,,,,,
,,,,,,,,,,,,,,,,,,,,
,,,,,,,,,,,,,,,,,,,,
,,,,,,,,,,,,,,,,,,,,
,,,,,,,,,,,,,,,,,,,,
,,,,,,,,,,,,,,,,,,,,
,,,,,,,,,,,,,,,,,,,,
,,,,,,,,,,,,,,,,,,,,
,,,,,,,,,,,,,,,,,,,,
,,,,,,,,,,,,,,,,,,,,
,,,,,,,,,,,,,,,,,,,,
,,,,,,,,,,,,,,,,,,,,
,,,,,,,,,,,,,,,,,,,,
127.0,食品,休闲零食,蜜饯果干,梅子干,C,"定义
一种以新鲜梅子果实为原料，经清洗、去核、腌制、糖渍、烘干等工艺加工而成的休闲零食。其核心特征是保留了梅子独特的酸爽风味，果肉厚实柔韧，果皮附着细腻白霜或光亮胶质，市面多为去核整颗款或肉块状，通常带有原味、话梅味、陈皮味、酸甜味等调味；产品多以散装、袋装、罐装或盒装销售，常见于日常解馋、消食解腻、泡水茶饮及佐酒配菜场景。
快速判断要点
形态：多为饱满的整颗状、肉块状或片状，市面主流为去核整颗或肉瓣状，果皮微皱缩，果肉厚实粘连，无核或残留少量核仁，区别于完整鲜果或粉末状制品。
原料：特指新鲜梅子果实（如青梅、乌梅、杏梅等），属于蜜饯果干类，非坚果、杂粮谷物、新鲜水果或蔬菜制品。
质地：果肉柔韧紧实，有嚼劲，酸甜浓郁，口感醇厚回甘，区别于硬脆坚果、酥松膨化、流心糖果及干硬的肉脯。
用途：以直接开袋食用为主，可做零食加餐、泡水煮茶或佐酒配菜，非烹饪主料、调味酱料，区别于新鲜梅子、梅子酱、果泥或干货药材。
外观：果干色泽鲜亮，呈深红色、紫黑色、橙黄色等，表面光亮或附着自然白霜，无复杂加工造型，无过多糖霜厚重包裹，区别于糖果、巧克力、裱花糕点。","原味梅子干
以新鲜梅子为原料，经清洗、去核、腌制、自然晾晒或低温烘干制成的原味果干。核心特征是保留了梅子原生的清爽果香，果肉柔韧有嚼劲，口感酸甜纯正，无额外配料添加，属于基础款果干零食。

风味梅子干
在原味梅子干的基础上，添加特色配料进行腌制或调味，制成的具有独特风味的梅子干零食。

调味款
甜味：冰糖甜、蜂蜜甜、白砂糖甜等口感温润的风味。
果香类：陈皮味、桂花味、柠檬味等融合清香的风味。
草本类：甘草味、海盐味、话梅味等醇厚回甘的风味。

复合口味
多种风味相互叠加融合的梅子干零食。例如：冰糖陈皮味、蜂蜜桂花味、海盐话梅味等复合口感。

无添加梅子干
自然晾晒或低温烘干制成，无额外添加蔗糖、香精、防腐剂等添加剂的纯梅子干零食。核心特征是色泽自然偏暗沉，口感原汁原味，酸甜度源自梅子自身，开胃解腻，健康纯净。","非梅子原料：以葡萄、芒果、山楂、莓果、坚果、肉类为主，不含梅子的果干零食。
非梅子果干：葡萄干、芒果干、香蕉干、草莓干、杏干、山楂干、各类坚果等。

非脱水干制类：新鲜梅子、糖水梅子、梅子罐头、梅子果酱等制品。

含肉、含酱料的复合制品：如肉干、蜜饯糖果、糕点（非梅子干形态）。

仅含少量梅子成分的零食：非以梅子为主要原料的果干制品。

非零食形态：新鲜梅子果、梅子汁、梅子浆、梅子膏（未脱水干制）。",三只松鼠,,,原味,袋装,,,,,,,
,,,,,,,,,良品铺子,,,酸甜味,罐装,,,,,,,
,,,,,,,,,百草味,,,咸甜味,散装,,,,,,,
,,,,,,,,,来伊份,,,话梅味,其他,,,,,,,
,,,,,,,,,沃隆,,,陈皮味,,,,,,,,
,,,,,,,,,,,,乌梅味,,,,,,,,
,,,,,,,,,,,,蜂蜜味,,,,,,,,
,,,,,,,,,,,,甘草味,,,,,,,,
,,,,,,,,,,,,桂花味,,,,,,,,
,,,,,,,,,,,,薄荷味,,,,,,,,
,,,,,,,,,,,,其他,,,,,,,,
,,,,,,,,,,,,,,,,,,,,
,,,,,,,,,,,,,,,,,,,,
,,,,,,,,,,,,,,,,,,,,
,,,,,,,,,,,,,,,,,,,,
,,,,,,,,,,,,,,,,,,,,
,,,,,,,,,,,,,,,,,,,,
,,,,,,,,,,,,,,,,,,,,
,,,,,,,,,,,,,,,,,,,,
,,,,,,,,,,,,,,,,,,,,
,,,,,,,,,,,,,,,,,,,,
,,,,,,,,,,,,,,,,,,,,
128.0,食品,休闲零食,蜜饯果干,红薯干,C,"定义
一种以新鲜红薯为原料，经清洗、去皮、蒸熟、切条/切块、晾晒或烘干等工艺加工而成的休闲零食。其核心特征是保留了红薯清甜绵密的薯香风味，果肉软糯紧实有韧性，市面多为条状、块状、片状，通常带有原味、冰糖味、蜂蜜味、奶香等调味；产品多以散装、袋装、罐装或盒装销售，常见于日常解馋、代餐加餐、佐茶及户外充饥场景。

快速判断要点
形态：多为长条状、厚块状、圆片状，市面主流为整根切条、去皮切块款，薯肉质地规整，无松散碎渣，区别于完整鲜薯、薯泥或粉末状制品。
原料：特指新鲜红薯（地瓜），属于薯类果干类，非坚果、杂粮谷物、普通水果或蔬菜制品。
质地：薯肉软糯筋道，柔韧有嚼劲，甜香浓郁，口感绵密不粘牙，区别于硬脆坚果、酥松膨化、流心糖果及干硬的肉脯。
用途：以直接开袋食用为主，可做零食加餐、代餐饱腹，非烹饪主料、调味酱料，区别于新鲜红薯、红薯泥、薯粉或干货药材。
外观：薯干色泽温润，呈橙黄色、红褐色、棕红色，表面干爽或略带糖油光泽，无复杂加工造型，无厚重糖霜包裹，区别于糖果、巧克力、膨化食品或裱花糕点。","原味红薯干
以新鲜红薯为原料，经清洗、去皮、蒸熟、切条/切块、自然晾晒或低温烘干制成的原味薯干零食。核心特征是保留了红薯原生的金黄色泽与清甜薯香，薯肉软糯筋道，口感香甜纯粹，无额外配料添加，属于基础款薯类零食。

风味红薯干
在原味红薯干的基础上，添加特色配料进行腌制或调味，制成的具有独特风味的红薯干零食。

调味款
甜味：冰糖甜、蜂蜜甜、白砂糖甜等口感温润的风味。
奶香类：奶香味、黄油香等醇厚香浓的风味。
草本类：桂花味、陈皮味等清新回甘的风味。

复合口味
多种风味相互叠加融合的红薯干零食。例如：冰糖蜂蜜味、奶香桂花味、陈皮甜味等复合口感。

无添加红薯干
自然晾晒或低温烘干制成，无额外添加蔗糖、香精、防腐剂等添加剂的纯红薯干零食。核心特征是色泽自然偏暗红，口感原汁原味，甜度源自红薯自身，软糯饱腹，健康纯净。","非红薯原料：以葡萄、芒果、山楂、莓果、坚果、肉类为主，不含红薯的果干零食。

非红薯制品：葡萄干、芒果干、香蕉干、草莓干、杏干、梅子干、各类坚果等。

非脱水干制类：新鲜红薯、糖水红薯、红薯罐头、红薯果酱等制品。

含肉、含酱料的复合制品：如肉干、蜜饯糖果、糕点（非红薯干形态）。

仅含少量红薯成分的零食：非以红薯为主要原料的薯类制品。

非零食形态：新鲜红薯果、红薯汁、红薯浆、红薯膏（未脱水干制）。",三只松鼠,,,原味,袋装,,,,,,,
,,,,,,,,,良品铺子,,,蜂蜜味,散装,,,,,,,
,,,,,,,,,百草味,,,香辣味,罐装,,,,,,,
,,,,,,,,,来伊份,,,紫薯味,盒装,,,,,,,
,,,,,,,,,好想你,,,黑糖味,其他,,,,,,,
,,,,,,,,,,,,芝麻味,,,,,,,,
,,,,,,,,,,,,其他,,,,,,,,
,,,,,,,,,,,,,,,,,,,,
,,,,,,,,,,,,,,,,,,,,
,,,,,,,,,,,,,,,,,,,,
,,,,,,,,,,,,,,,,,,,,
,,,,,,,,,,,,,,,,,,,,
,,,,,,,,,,,,,,,,,,,,
,,,,,,,,,,,,,,,,,,,,
,,,,,,,,,,,,,,,,,,,,
,,,,,,,,,,,,,,,,,,,,
,,,,,,,,,,,,,,,,,,,,
,,,,,,,,,,,,,,,,,,,,
,,,,,,,,,,,,,,,,,,,,
,,,,,,,,,,,,,,,,,,,,
,,,,,,,,,,,,,,,,,,,,
,,,,,,,,,,,,,,,,,,,,
129.0,食品,休闲零食,蜜饯果干,香蕉干,C,"定义
一种以新鲜香蕉为原料，经清洗去皮、切段、漂烫、脱水干燥等工艺加工而成的休闲零食。其核心特征是保留了香蕉浓郁的蜜甜风味，果肉金黄柔韧，口感软糯有嚼劲，市面多为条状、片状或原切款，通常带有原味、奶香、椰子味、冰糖味等调味；产品多以散装、袋装、罐装或盒装销售，常见于日常解馋、旅行补给、佐茶及能量加餐场景。
快速判断要点
形态：多为扁平的片状、长条状，市面主流为原切厚片或切段条，果肉表面收缩自然，呈半透明质感，整体饱满厚实，无完整香蕉或粉末状制品。
原料：特指新鲜香蕉果实，属于果干类，非坚果、杂粮谷物、新鲜水果或蔬菜制品。
质地：果肉柔韧紧实，软糯有嚼劲，蜜甜浓郁，口感顺滑不黏牙，区别于硬脆坚果、酥松膨化、流心糖果及干硬的肉脯。
用途：以直接开袋食用为主，可做零食加餐、旅行能量补给或烘焙配料，非烹饪主料、调味酱料，区别于新鲜香蕉、香蕉泥或干货药材。
外观：果干色泽鲜亮，呈金黄色、深黄色或浅褐色，表面平整光滑或略有自然褶皱，无复杂加工造型，无厚重糖霜包裹，区别于糖果、巧克力、裱花糕点。","原味香蕉干
以新鲜香蕉为原料，经清洗去皮、切段漂烫、低温烘干或自然晾晒制成的原味果干零食。核心特征是保留了香蕉原生的明黄色泽与浓郁果香，果肉软糯绵密，口感香甜纯粹，无额外蔗糖、香精、添加剂添加，属于基础款香蕉果干零食。
风味香蕉干
在原味香蕉干的基础上，添加特色风味配料进行调和或调味，形成独特口感的香蕉干零食。
调味款
清甜款：冰糖甜、蜂蜜甜、白砂糖甜等口感温润、甜度柔和的风味。
奶香类：奶香味、黄油香等醇厚香浓，带着温润乳香的风味。
草本类：桂花味、陈皮味等自带清新回甘、层次丰富的风味。
复合口味
多种风味相互叠加融合的香蕉干零食。例如：冰糖蜂蜜味、奶香桂花味、陈皮甜味等复合口感，兼具果香与风味配料的独特层次。
无添加香蕉干
自然晾晒或低温烘干制成，无额外添加蔗糖、香精、防腐剂等添加剂的纯香蕉干零食。核心特征是色泽自然偏浅黄，果肉紧实细腻，口感原汁原味，甜度源自香蕉自身果肉，软糯饱腹，健康纯净。","非香蕉原料：以葡萄、芒果、山楂、莓果、坚果、肉类为主，不含香蕉的果干零食。
非香蕉制品：葡萄干、芒果干、红薯干、草莓干、杏干、梅子干、各类坚果等。

非脱水干制类：新鲜香蕉、糖水香蕉、香蕉罐头、香蕉果酱等制品。

含肉、含酱料的复合制品：如肉干、蜜饯糖果、糕点（非香蕉干形态）。

仅含少量香蕉成分的零食：非以香蕉为主要原料的果干制品。

非零食形态：新鲜香蕉果、香蕉汁、香蕉浆、香蕉膏（未脱水干制）。",三只松鼠,,,原味,袋装,,,,,,,
,,,,,,,,,良品铺子,,,甜味,罐装,,,,,,,
,,,,,,,,,百草味,,,蜂蜜味,盒装,,,,,,,
,,,,,,,,,来伊份,,,椰香味,散装,,,,,,,
,,,,,,,,,好想你,,,焦糖味,其他,,,,,,,
,,,,,,,,,,,,巧克力味,,,,,,,,
,,,,,,,,,,,,酸奶味,,,,,,,,
,,,,,,,,,,,,其他,,,,,,,,
,,,,,,,,,,,,,,,,,,,,
,,,,,,,,,,,,,,,,,,,,
,,,,,,,,,,,,,,,,,,,,
,,,,,,,,,,,,,,,,,,,,
,,,,,,,,,,,,,,,,,,,,
,,,,,,,,,,,,,,,,,,,,
,,,,,,,,,,,,,,,,,,,,
,,,,,,,,,,,,,,,,,,,,
,,,,,,,,,,,,,,,,,,,,
,,,,,,,,,,,,,,,,,,,,
,,,,,,,,,,,,,,,,,,,,
,,,,,,,,,,,,,,,,,,,,
,,,,,,,,,,,,,,,,,,,,
,,,,,,,,,,,,,,,,,,,,
130.0,食品,休闲零食,蜜饯果干,红枣干,B,"定义
一种以新鲜红枣为原料，经清洗、去核、晾晒、烘干、糖渍、蜜渍、油炸、调味，有添加糖、油、香精等等工艺加工而成的休闲零食。其核心特征是保留了红枣醇厚的香甜风味，果肉绵密紧实，口感软糯有嚼劲，市面多为整颗款、去核款、片状款，通常带有原味、冰糖味、蜂蜜味、桂花味等调味；产品多以散装、袋装、罐装或盒装销售，常见于日常解馋、代餐加餐、泡水茶饮、煲汤配料及养生零食场景。

快速判断要点
只是晒干 / 烘干的原枣 → 干货（南北干货 / 干制果品）
脆枣、阿胶枣、蜜枣、加糖调味枣 → 蜜饯果干","风味红枣干
在原味红枣干的基础上，加入特色配料进行浸润、腌制或调味，制成的具有独特风味的红枣干零食。
调味款
清甜款：冰糖甜、蜂蜜甜、白砂糖甜等口感细腻、甜度柔和的风味。
奶香类：奶香味、椰奶香等醇厚香浓，带有温润乳香的风味。
草本类：桂花味、陈皮味、玫瑰味等自带清新香气、丰富回甘的风味。
复合口味
多种风味相互叠加融合的红枣干零食。例如：冰糖桂花味、蜂蜜陈皮味、奶香玫瑰味等复合口感，兼具枣香与风味配料的独特层次。","非红枣原料：以葡萄、芒果、山楂、莓果、坚果、肉类为主，不含红枣的果干零食。
非红枣制品：葡萄干、芒果干、香蕉干、红薯干、草莓干、杏干、梅子干、各类坚果等。

非脱水干制类：新鲜红枣、糖水红枣、红枣罐头、红枣果酱等制品。

含肉、含酱料的复合制品：如肉干、蜜饯糖果、糕点（非红枣干形态）。

仅含少量红枣成分的零食：非以红枣为主要原料的果干制品。

非零食形态：新鲜红枣果、红枣汁、红枣浆、红枣膏（未脱水干制）。

干货的红枣",三只松鼠,,,原味,袋装,,,,,,,
,,,,,,,,,良品铺子,,,蜜饯味,盒装,,,,,,,
,,,,,,,,,百草味,,,阿胶味,罐装,,,,,,,
,,,,,,,,,来伊份,,,枸杞味,散装,,,,,,,
,,,,,,,,,好想你,,,桂圆味,,,,,,,,
,,,,,,,,,,,,姜味,,,,,,,,
,,,,,,,,,,,,其他,,,,,,,,
,,,,,,,,,,,,,,,,,,,,
,,,,,,,,,,,,,,,,,,,,
,,,,,,,,,,,,,,,,,,,,
,,,,,,,,,,,,,,,,,,,,
,,,,,,,,,,,,,,,,,,,,
,,,,,,,,,,,,,,,,,,,,
,,,,,,,,,,,,,,,,,,,,
,,,,,,,,,,,,,,,,,,,,
,,,,,,,,,,,,,,,,,,,,
,,,,,,,,,,,,,,,,,,,,
,,,,,,,,,,,,,,,,,,,,
,,,,,,,,,,,,,,,,,,,,
,,,,,,,,,,,,,,,,,,,,
,,,,,,,,,,,,,,,,,,,,
,,,,,,,,,,,,,,,,,,,,
131.0,食品,休闲零食,蜜饯果干,榴莲干,C,"定义
一种以新鲜榴莲果肉为原料，经清洗去核、切块、速冻脱水、低温烘干等工艺加工而成的休闲零食。其核心特征是保留了榴莲浓郁醇厚的果香，果肉酥脆干爽，市面多为厚肉块、片状，通常带有原味、奶香、冰糖味等调味；产品多以散装、袋装、罐装或盒装销售，常见于日常解馋、下午茶、送礼及加餐解馋场景。

快速判断要点
形态：多为不规则块状、厚片状，市面主流为原切果肉块，果肉质地疏松干脆，无完整果壳、果核，无榴莲泥或粉末状制品。
原料：特指新鲜榴莲果肉，属于果干类，非坚果、杂粮谷物、普通水果或蔬菜制品。
质地：果肉酥脆干爽，轻咬易化，果香浓烈，口感醇厚不粘牙，区别于软糯果干、硬脆坚果、酥松膨化、流心糖果及干硬的肉脯。
用途：以直接开袋食用为主，可做零食加餐、甜品配料，非烹饪主料、调味酱料，区别于新鲜榴莲、榴莲泥、榴莲酱或干货药材。
外观：果干色泽淡黄、金黄至浅棕色，表面干爽无水分，无复杂加工造型，无厚重糖霜包裹，区别于糖果、巧克力、膨化食品或裱花糕点。","原味榴莲干
以新鲜榴莲果肉为原料，经去核、切块、速冻脱水、低温烘干制成的原味果干零食。核心特征是保留了榴莲原生的金黄色泽与浓郁果香，果肉酥脆干爽，口感醇香纯粹，无额外蔗糖、香精或添加剂，属于基础款果干零食。
风味榴莲干
在原味榴莲干的基础上，加入特色配料进行调味、裹粉或浸润，制成的具有独特风味的榴莲干零食。
调味款
清甜款：冰糖甜、蜂蜜甜、白砂糖甜等口感柔和、温润清甜的风味。
奶香类：奶香味、椰奶香、黄油香等醇厚香浓，带有温润乳香的风味。
清香类：桂花味、玫瑰味等淡雅清新、中和腻感的风味。
复合口味
多种风味相互叠加融合的榴莲干零食。例如：冰糖蜂蜜味、奶香桂花味、椰香玫瑰味等复合口感，兼具榴莲浓香与配料风味。
无添加榴莲干
采用速冻脱水、低温烘干工艺制成，无额外添加蔗糖、香精、防腐剂等添加剂的纯榴莲干零食。核心特征是色泽自然淡黄，果肉酥脆纯正，口感原汁原味，香味与甜度源自榴莲自身，醇香无负担。","非榴莲原料：以葡萄、芒果、山楂、红枣、莓果、坚果、肉类为主，不含榴莲的果干零食。
非榴莲制品：葡萄干、芒果干、香蕉干、红薯干、草莓干、杏干、梅子干、各类坚果等。
非脱水干制类：新鲜榴莲、榴莲果肉、糖水榴莲、榴莲罐头、榴莲果酱、榴莲泥、榴莲膏（未脱水干制）。
含肉、含酱料的复合制品：如肉干、蜜饯糖果、糕点、榴莲味巧克力（非榴莲干形态）。
仅含少量榴莲成分的零食：非以榴莲为主要原料的果干制品（如含榴莲粉的饼干 / 糕点）。
非零食形态：新鲜榴莲果、榴莲汁、榴莲浆、榴莲酒（未脱水干制）。",三只松鼠,,,原味,罐装,,,,,,,
,,,,,,,,,良品铺子,,,猫山王味,真空袋,,,,,,,
,,,,,,,,,百草味,,,金枕味,,,,,,,,
,,,,,,,,,来伊份,,,黑刺味,,,,,,,,
,,,,,,,,,沃隆,,,干尧味,,,,,,,,
,,,,,,,,,,,,青尼味,,,,,,,,
,,,,,,,,,,,,红虾味,,,,,,,,
,,,,,,,,,,,,其他,,,,,,,,
,,,,,,,,,,,,,,,,,,,,
,,,,,,,,,,,,,,,,,,,,
,,,,,,,,,,,,,,,,,,,,
,,,,,,,,,,,,,,,,,,,,
,,,,,,,,,,,,,,,,,,,,
,,,,,,,,,,,,,,,,,,,,
,,,,,,,,,,,,,,,,,,,,
,,,,,,,,,,,,,,,,,,,,
,,,,,,,,,,,,,,,,,,,,
,,,,,,,,,,,,,,,,,,,,
,,,,,,,,,,,,,,,,,,,,
,,,,,,,,,,,,,,,,,,,,
,,,,,,,,,,,,,,,,,,,,
,,,,,,,,,,,,,,,,,,,,
132.0,食品,休闲零食,蜜饯果干,奇异果/猕猴桃干,C,"定义
一种以新鲜奇异果（猕猴桃）为原料，经清洗去皮、切片、腌制、脱水干燥等工艺加工而成的休闲零食。其核心特征是保留了奇异果清新酸甜的果香，果肉柔韧软糯，市面多为圆形片状、条状，通常带有原味、冰糖味、蜂蜜味、酸甜味等调味；产品多以散装、袋装、罐装或盒装销售，常见于日常解馋、下午茶、旅行携带、佐茶及烘焙配料场景。
快速判断要点
形态：多为圆形薄片、长条状，市面主流为原切圆片，果肉表面带有自然果籽，质地规整，无完整鲜果、果泥或粉末状制品。
原料：特指新鲜奇异果（猕猴桃）果实，属于果干类，非坚果、杂粮谷物、普通水果或蔬菜制品。
质地：果肉柔韧软糯，有嚼劲，酸甜清爽，口感顺滑不黏牙，区别于硬脆坚果、酥松膨化、流心糖果及干硬的肉脯。
用途：以直接开袋食用为主，可做零食加餐、饮品搭配或烘焙配料，非烹饪主料、调味酱料，区别于新鲜奇异果、奇异果酱、果泥或干货药材。
外观：果干色泽鲜亮，呈翠绿色、黄绿色、黄褐色，表面平整或略带褶皱，可见清晰果籽，无复杂加工造型，无厚重糖霜包裹，区别于糖果、巧克力、膨化食品或裱花糕点。","原味奇异果干
以新鲜奇异果（猕猴桃）为原料，经清洗去皮、切片、漂烫、低温烘干或自然晾晒制成的原味果干零食。核心特征是保留了奇异果原生的翠绿色泽与清新果香，果肉紧实柔韧，口感酸甜适中、酸度清爽，无额外蔗糖、香精或添加剂，属于基础款果干零食。
风味奇异果干
在原味奇异果干的基础上，加入特色配料进行腌制、裹粉或浸润，制成的具有独特风味的奇异果干零食。
调味款
清甜款：冰糖甜、蜂蜜甜、白砂糖甜等口感温润、中和高酸度的风味。
奶香类：奶香味、椰奶香等醇厚香浓，平衡果酸、带来柔和口感的风味。
清香类：柠檬味、玫瑰味、桂花味等自带清新香气、提升清爽感的风味。
复合口味
多种风味相互叠加融合的奇异果干零食。例如：冰糖柠檬味、蜂蜜玫瑰味、奶香椰香等复合口感，兼具奇异果的酸甜与配料风味的丰富层次。
无添加奇异果干
采用低温烘干或自然晾晒工艺制成，无额外添加蔗糖、香精、防腐剂等添加剂的纯奇异果干零食。核心特征是色泽自然偏深绿或褐色，酸度源自果实自身，口感原汁原味，清爽健康，是追求天然饮食人群的优选。","非奇异果干原料：以新鲜奇异果、猕猴桃果肉、糖水奇异果、猕猴桃罐头、猕猴桃果酱等为主，不含奇异果干的果干或零食制品。
非奇异果干制品：葡萄干、芒果干、香蕉干、红薯干、草莓干、杏干、梅子干、各类坚果及其他非奇异果基底的果干零食。
非脱水干制类：新鲜奇异果、奇异果果肉块、糖水奇异果、奇异果罐头、奇异果果酱、奇异果泥（未进行脱水干制处理的制品）。
含添加、含酱料的复合制品：如各类糖果、糕点、巧克力（非奇异果干形态）、含奇异果成分的烘焙食品等。
仅含少量奇异果成分的制品：非以奇异果为主要原料的食品（如含少量奇异果提取物或风味的饮料、糖果、饼干等）。
非零食形态：新鲜奇异果、奇异果汁、奇异果浆、奇异果酒（未进行脱水干制处理的原生形态）。",三只松鼠,,,原味,袋装,,,,,,,
,,,,,,,,,良品铺子,,,酸甜,盒装,,,,,,,
,,,,,,,,,百草味,,,蜂蜜味,罐装,,,,,,,
,,,,,,,,,来伊份,,,甘草味,散装,,,,,,,
,,,,,,,,,沃隆,,,陈皮味,,,,,,,,
,,,,,,,,,,,,其他,,,,,,,,
,,,,,,,,,,,,,,,,,,,,
,,,,,,,,,,,,,,,,,,,,
,,,,,,,,,,,,,,,,,,,,
,,,,,,,,,,,,,,,,,,,,
,,,,,,,,,,,,,,,,,,,,
,,,,,,,,,,,,,,,,,,,,
,,,,,,,,,,,,,,,,,,,,
,,,,,,,,,,,,,,,,,,,,
,,,,,,,,,,,,,,,,,,,,
,,,,,,,,,,,,,,,,,,,,
,,,,,,,,,,,,,,,,,,,,
,,,,,,,,,,,,,,,,,,,,
,,,,,,,,,,,,,,,,,,,,
,,,,,,,,,,,,,,,,,,,,
,,,,,,,,,,,,,,,,,,,,
,,,,,,,,,,,,,,,,,,,,
133.0,食品,休闲零食,蜜饯果干,复合果干,C,"定义
复合果干属于蜜饯果干大类下的混合类制品，是以两种及以上新鲜水果为原料，经清洗、切分、脱水、干燥或糖渍等工艺制成的混合果干产品；也可包含坚果、籽类等搭配组合，通过混合搭配丰富口感与风味，属于直接食用的休闲零食，兼具果干香甜与多物料层次，区别于单一品种果干。","混合水果干
什锦果干
综合果干
果干坚果混合
蔓越莓 + 提子混合
芒果 + 草莓 + 黄桃混合
果干与冻干水果混合
多种果干搭配组合装
枣夹核桃
枣夹山药","单一品种果干
纯坚果（无果干）
蜜饯类果脯（糖渍湿软型）
果冻 / 果糕 / 果丹皮类
水果罐头
水果脆片（油炸果蔬脆）",三只松鼠,什锦混合果干,,甜香,袋装,,,,,,,
,,,,,,,,,良品铺子,果干+坚果混合型,,酸甜,独立小包装,,,,,,,
,,,,,,,,,百草味,热带水果混合型,,果香浓郁,罐装,,,,,,,
,,,,,,,,,来伊份,莓类混合型,,微酸,盒装,,,,,,,
,,,,,,,,,华味亨,冻干 + 烘干复合型,,原味,锁鲜袋装,,,,,,,
,,,,,,,,,洽洽,小包装每日果干型,,芒果香,量贩装,,,,,,,
,,,,,,,,,沃隆,,,草莓香,每日坚果同款小袋分装,,,,,,,
,,,,,,,,,童年记,,,提子甜,礼盒装,,,,,,,
,,,,,,,,,果真心,,,蔓越莓酸,,,,,,,,
,,,,,,,,,鲜引力,,,椰香,,,,,,,,
,,,,,,,,,楼兰蜜语,,,黄桃甜,,,,,,,,
,,,,,,,,,好想你,,,其他,,,,,,,,
,,,,,,,,,,,,,,,,,,,,
,,,,,,,,,,,,,,,,,,,,
,,,,,,,,,,,,,,,,,,,,
,,,,,,,,,,,,,,,,,,,,
,,,,,,,,,,,,,,,,,,,,
,,,,,,,,,,,,,,,,,,,,
,,,,,,,,,,,,,,,,,,,,
,,,,,,,,,,,,,,,,,,,,
,,,,,,,,,,,,,,,,,,,,
,,,,,,,,,,,,,,,,,,,,
134.0,食品,休闲零食,蜜饯果干,其他蜜饯果干,B,"定义
泛指未包含在上述具体分类中的，通过糖渍、盐渍、烘干等工艺加工水果或部分蔬菜制成的干制食品。这类产品原料和形态多样，涵盖各类果干、蜜饯制品，共同特征是水分含量低、便于储存运输，开袋可直接食用，属于休闲零食。

快速核对要点
原料：以新鲜水果、部分可食用蔬菜为主要原料，辅料合规，无劣质替代原料。
工艺：经糖渍、盐渍、烘干、晾晒、脱水等工艺制成，属于熟制即食食品。
质地：干爽或略带韧性，不软烂黏连、无霉变、无虫蛀、无异味、无哈喇味。
形态：形态多样，无固定标准外形，果块、果片、果条等形态均可。
特性：水分含量低，耐储存，适合常温密封保存。
标识：清晰标注产品名称、配料表、生产日期、保质期、储存条件等信息，归类为蜜饯果干。",未归入常规蜜饯果干细分品类的各类干制果蔬制品，比如木瓜干、黄桃干、草莓干、各类小众水果干、特色蔬菜干等。经糖渍、盐渍、烘干脱水加工，水分含量低，可直接食用的合规果蔬干制品，均属于此类。,"常规细分蜜饯果干
有明确专属分类的常规蜜饯、果干制品，比如葡萄干、红枣干、桂圆干、荔枝干、芒果干等常见定型品类，排除在此类之外。
非干制果蔬制品
新鲜果蔬、冷冻果蔬、果蔬罐头、果糕、果泥、果酱、果汁等非干制类食品；未经脱水干制的腌渍果蔬、酱菜。

劣质及不合格产品
霉变、虫蛀、发酸变质、有异味的劣质制品；使用劣质原料、超标添加剂、非食用配料的违规产品；过度糖渍、变质结块的不合格蜜饯果干。

非果蔬基底干制零食
以坚果、谷物、肉类、豆类为主要原料的干制零食；仅添加少量果蔬粉、果蔬调味的食品，不属于此类蜜饯果干。",三只松鼠,,,原味,袋装,,,,,,,
,,,,,,,,,良品铺子,,,酸甜味,盒装,,,,,,,
,,,,,,,,,百草味,,,蜂蜜味,罐装,,,,,,,
,,,,,,,,,来伊份,,,甘草味,散装,,,,,,,
,,,,,,,,,沃隆,,,陈皮味,其他,,,,,,,
,,,,,,,,,,,,盐津味,,,,,,,,
,,,,,,,,,,,,香辣味,,,,,,,,
,,,,,,,,,,,,话梅味,,,,,,,,
,,,,,,,,,,,,冰糖味,,,,,,,,
,,,,,,,,,,,,柠檬味,,,,,,,,
,,,,,,,,,,,,草莓味,,,,,,,,
,,,,,,,,,,,,芒果味,,,,,,,,
,,,,,,,,,,,,榴莲味,,,,,,,,
,,,,,,,,,,,,其他,,,,,,,,
,,,,,,,,,,,,,,,,,,,,
,,,,,,,,,,,,,,,,,,,,
,,,,,,,,,,,,,,,,,,,,
,,,,,,,,,,,,,,,,,,,,
,,,,,,,,,,,,,,,,,,,,
,,,,,,,,,,,,,,,,,,,,
,,,,,,,,,,,,,,,,,,,,
,,,,,,,,,,,,,,,,,,,,
135.0,食品,休闲零食,胶冻品类,果冻,A,"定义
以食用胶（明胶、卡拉胶、琼脂等）为凝固基质，加入水、糖、果汁或果味香精制成的半固体凝胶食品，外观透明或半透明，口感弹性较强；产品多为独立小杯、条状袋装或散装称重，开袋即食，面向儿童及大众，常见于零售休闲零食区。

快速核对要点

原料与基底
包括：水、糖、增稠剂（卡拉胶、魔芋粉、琼脂等）
不包括：以明胶为主的软糖、糖果、巧克力
形态与质地
包括：凝胶状、半固体、可吸 / 可舀
不包括：液态饮料、固体硬糖、饼干状、面包状
常见类型
包括：杯装果冻、吸吸果冻、蒟蒻果冻、果肉果冻
不包括：布丁饮品、酸奶、慕斯蛋糕、软糖
风味
包括：果味、奶味、茶味、蒟蒻原味
不包括：纯咸味、辛辣味、肉味、明显糕点味","1. 以水、食糖、增稠剂（卡拉胶等）制成的凝胶状休闲食品
2. 果味果冻、果肉果冻、吸吸果冻（瓶装 / 袋装）
3. 布丁类凝胶甜品（常归为果冻 / 布丁大类）
4. 蒟蒻果冻、寒天果冻等","1. 糖果、软糖、橡皮糖（以明胶 / 果胶为主，偏糖质感）
2. 酸奶、布丁饮品（液态 / 半液态，非凝胶状）
3. 蛋糕、慕斯、奶冻（含大量乳脂 / 奶油，属糕点 / 甜品）
4. 果冻状化妆品、药品凝胶（非食品）",喜之郎,果味果冻,,草莓味,杯装,无糖,,,,,,
,,,,,,,,,旺旺,果肉果冻,,橙子味,袋装,含糖,,,,,,
,,,,,,,,,三只松鼠,布丁果冻,,苹果味,条装,,,,,,,
,,,,,,,,,良品铺子,吸吸果冻,,葡萄味,盒装,,,,,,,
,,,,,,,,,百草味,魔芋果冻,,水蜜桃味,礼盒装,,,,,,,
,,,,,,,,,,杯装果冻 / 碗装果冻,,荔枝味,组合装,,,,,,,
,,,,,,,,,,,,蓝莓味,,,,,,,,
,,,,,,,,,,,,柠檬味,,,,,,,,
,,,,,,,,,,,,酸奶味,,,,,,,,
,,,,,,,,,,,,可乐味,,,,,,,,
,,,,,,,,,,,,什锦水果味,,,,,,,,
,,,,,,,,,,,,黄桃味,,,,,,,,
,,,,,,,,,,,,菠萝味,,,,,,,,
,,,,,,,,,,,,咖啡味,,,,,,,,
,,,,,,,,,,,,抹茶味,,,,,,,,
,,,,,,,,,,,,芒果味,,,,,,,,
,,,,,,,,,,,,凤梨味,,,,,,,,
,,,,,,,,,,,,橘子味,,,,,,,,
,,,,,,,,,,,,乌龙茶味,,,,,,,,
,,,,,,,,,,,,枇杷味,,,,,,,,
,,,,,,,,,,,,其他,,,,,,,,
,,,,,,,,,,,,,,,,,,,,
136.0,食品,休闲零食,胶冻品类,凉粉,B,"定义
以淀粉（豌豆淀粉、绿豆淀粉、红薯淀粉、魔芋粉等）为凝固基质，加入水熬制凝固制成的半固体凝胶食品，外观呈半透明或乳白色，口感爽滑弹嫩、清凉解暑；产品多为散装、盒装、袋装成品，可直接调味食用，也可现做现吃，属于休闲小吃、消暑甜品，常见于街边小吃、商超冷藏区、甜品小店。

1. 原料与基底
包括：各类淀粉、水、食用碱（少量）、凝固剂，可搭配糖水、酱料、果干、坚果、椰果等配料
不包括：以明胶、卡拉胶为主的果冻、布丁、软糖、糖果、巧克力
2. 形态与质地
包括：凝胶状、半固体、块状、条状、片状，质地爽滑、Q弹软糯、清凉紧实
不包括：液态饮品、固体硬糖、饼干糕点、膨化食品、软糯黏腻的糍粑年糕
3. 常见类型
包括：白凉粉、黑凉粉、仙草凉粉、豌豆凉粉、魔芋凉粉、水果凉粉、冰粉
不包括：果冻、布丁、酸奶、慕斯蛋糕、冰沙、冰淇淋、粥品、羹汤
4. 风味
包括：原味、甜味（红糖味、冰糖味、蜂蜜味）、果味、椰香味、茶香、清淡草本味
不包括：重咸味、浓辛辣味、肉味、油腻酱香味、浓厚糕点味","1. 以淀粉、水为主要原料熬制凝固而成的凝胶状小吃、甜品

2. 白凉粉、黑凉粉、仙草凉粉、豌豆凉粉、绿豆凉粉、烧仙草等传统凉粉

3. 成品盒装凉粉、袋装凉粉、手工现做凉粉、即食烧仙草

5. 冰粉、魔芋凉粉、水果凉粉、调味凉粉、加料烧仙草","1. 糖果、软糖、橡皮糖（以明胶/果胶为主，偏糖质感）

2. 酸奶、布丁饮品、冰沙、冰淇淋（液态/半液态，非淀粉凝胶质地）

3. 蛋糕、慕斯、奶冻、糍粑（含大量乳脂/糯米，属糕点/甜品）

4. 果冻、蒟蒻冻（以食用胶为凝固基质，非淀粉原料）

5. 凉粉状化妆品、药品凝胶、工业凝胶（非食品）

6. 烧仙草制品",三只松鼠,,,椰奶,盒装,,,,,,,
,,,,,,,,,良品铺子,,,炼乳味,袋装,,,,,,,
,,,,,,,,,百草味,,,奶茶,碗装,,,,,,,
,,,,,,,,,来伊份,,,酒酿/小丸子,被装,,,,,,,
,,,,,,,,,洽洽,,,红糖,,,,,,,,
,,,,,,,,,,,,其他,,,,,,,,
,,,,,,,,,,,,,,,,,,,,
,,,,,,,,,,,,,,,,,,,,
,,,,,,,,,,,,,,,,,,,,
,,,,,,,,,,,,,,,,,,,,
,,,,,,,,,,,,,,,,,,,,
,,,,,,,,,,,,,,,,,,,,
,,,,,,,,,,,,,,,,,,,,
,,,,,,,,,,,,,,,,,,,,
,,,,,,,,,,,,,,,,,,,,
,,,,,,,,,,,,,,,,,,,,
,,,,,,,,,,,,,,,,,,,,
,,,,,,,,,,,,,,,,,,,,
,,,,,,,,,,,,,,,,,,,,
,,,,,,,,,,,,,,,,,,,,
,,,,,,,,,,,,,,,,,,,,
,,,,,,,,,,,,,,,,,,,,
137.0,食品,休闲零食,胶冻品类,龟苓膏,C,"定义
以龟板、茯苓、金银花、甘草、仙草等草本原料为主要凝固基质，加入水、少量糖熬制凝固制成的半固体凝胶食品，外观呈乌黑透亮状，口感爽滑微苦、清凉降火；产品多为罐装、盒装、杯装、碗装成品，可直接食用，也可搭配糖水、蜂蜜、椰奶、水果食用，属于养生消暑甜品、休闲小吃，常见于商超冷藏区、甜品店、便利店。

1. 原料与基底
包括：龟板、茯苓、仙草、金银花、甘草等草本原料，水、少量糖、食用凝固剂，可搭配蜂蜜、椰奶、水果、果干、坚果等配料
不包括：以淀粉、明胶、卡拉胶为主的凉粉、果冻、布丁、软糖、糖果、巧克力
2. 形态与质地
包括：凝胶状、半固体、块状、膏状，质地紧实爽滑、Q弹软糯、清凉绵密
不包括：液态饮品、固体硬糖、饼干糕点、膨化食品、软糯黏腻的糍粑年糕
3. 常见类型
包括：原味龟苓膏、蜂蜜龟苓膏、椰奶龟苓膏、水果龟苓膏、碗装即食龟苓膏、罐装龟苓膏
不包括：凉粉、仙草冻、果冻、布丁、酸奶、慕斯蛋糕、冰沙、冰淇淋、粥品、羹汤
4. 风味
包括：原味（微苦回甘）、蜂蜜味、冰糖味、椰奶味、奶香、清淡草本味
不包括：重咸味、浓辛辣味、肉味、油腻酱香味、浓厚糕点味、重甜腻味","1. 以草本原料、水为主要原料熬制凝固而成的凝胶状甜品、养生小吃
2. 原味龟苓膏、蜂蜜龟苓膏、椰奶龟苓膏、水果龟苓膏等成品龟苓膏

3. 碗装龟苓膏、杯装龟苓膏、罐装龟苓膏、盒装即食龟苓膏

5. 无糖龟苓膏、低糖龟苓膏、搭配配料食用的调味龟苓膏","1. 糖果、软糖、橡皮糖（以明胶/果胶为主，偏糖质感）
2. 酸奶、布丁饮品、冰沙、冰淇淋（液态/半液态，非草本凝胶质地）

3. 蛋糕、慕斯、奶冻、糍粑（含大量乳脂/糯米，属糕点/甜品）

4. 果冻、蒟蒻冻、凉粉（以食用胶/淀粉为凝固基质，非草本原料）

5. 龟苓膏状化妆品、药品凝胶、工业凝胶（非食品）",致中和,,清热祛湿,原味,碗装,无糖,,,,,,
,,,,,,,,,生和堂,,滋阴润燥,蜂蜜味,盒装,含糖,,,,,,
,,,,,,,,,三只松鼠,,其他,炼乳味,杯装,,,,,,,
,,,,,,,,,良品铺子,,,椰奶味,袋装,,,,,,,
,,,,,,,,,百草味,,,红豆味,瓶装,,,,,,,
,,,,,,,,,,,,芒果味,其他,,,,,,,
,,,,,,,,,,,,草莓味,,,,,,,,
,,,,,,,,,,,,罗汉果味,,,,,,,,
,,,,,,,,,,,,金银花味,,,,,,,,
,,,,,,,,,,,,其他,,,,,,,,
,,,,,,,,,,,,,,,,,,,,
,,,,,,,,,,,,,,,,,,,,
,,,,,,,,,,,,,,,,,,,,
,,,,,,,,,,,,,,,,,,,,
,,,,,,,,,,,,,,,,,,,,
,,,,,,,,,,,,,,,,,,,,
,,,,,,,,,,,,,,,,,,,,
,,,,,,,,,,,,,,,,,,,,
,,,,,,,,,,,,,,,,,,,,
,,,,,,,,,,,,,,,,,,,,
,,,,,,,,,,,,,,,,,,,,
,,,,,,,,,,,,,,,,,,,,
138.0,食品,休闲零食,胶冻品类,其他胶冻品类,,"定义
除果冻、凉粉、龟苓膏外，以食用胶或天然胶质为主要凝固剂制成的所有胶状或半固态食品，包括茶冻、咖啡冻、寒天、魔芋冻、杏仁豆腐等；形态可为块状、杯装或散装，常温或冷藏销售，开袋即食或作为配料添加至饮品、甜品中。","1. 冻奶类 / 奶冻类
2. 仙草冻、烧仙草（不含凉粉版）
3. 魔芋冻、蒟蒻冻（非果冻形态 / 独立包装代餐类）
4. 杏仁豆腐、豆花冻
5. 茶冻、咖啡冻、椰奶冻
6. 冰粉（部分渠道单列，否则归入此类）
7. 各种花果冻、养生冻、代餐冻、杯装凝冻甜品","1. 果冻（含果肉果冻、吸吸果冻）
2. 凉粉（白凉粉、黑凉粉、仙草凉粉）
3. 龟苓膏
4. 布丁粉、凉粉粉、预拌粉（原料类）
5. 冰淇淋、雪糕、冰沙
6. 罐头水果、酸奶、奶酪、布丁味零食
7. 软糖、橡皮糖（虽含胶但属糖果类）",喜之郎,,,原味,杯装,无糖,,,,,,
,,,,,,,,,旺旺,,,芒果味,袋装（散冻）,含糖,,,,,,
,,,,,,,,,三只松鼠,,,蜜桃味,盒装（多杯/块）,,,,,,,
,,,,,,,,,良品铺子,,,柠檬味,吸吸冻,,,,,,,
,,,,,,,,,百草味,,,抹茶味,碗装,,,,,,,
,,,,,,,,,,,,咖啡味,其他,,,,,,,
,,,,,,,,,,,,奶茶味,,,,,,,,
,,,,,,,,,,,,荔枝味,,,,,,,,
,,,,,,,,,,,,蜂蜜味,,,,,,,,
,,,,,,,,,,,,红豆味,,,,,,,,
,,,,,,,,,,,,黑糖味,,,,,,,,
,,,,,,,,,,,,杏仁味,,,,,,,,
,,,,,,,,,,,,其他,,,,,,,,
,,,,,,,,,,,,,,,,,,,,
,,,,,,,,,,,,,,,,,,,,
,,,,,,,,,,,,,,,,,,,,
,,,,,,,,,,,,,,,,,,,,
,,,,,,,,,,,,,,,,,,,,
,,,,,,,,,,,,,,,,,,,,
,,,,,,,,,,,,,,,,,,,,
,,,,,,,,,,,,,,,,,,,,
,,,,,,,,,,,,,,,,,,,,
139.0,食品,休闲零食,中式糕点,月饼,B,"定义
以面粉、油脂、糖为主要饼皮原料，搭配各类馅料，经包制、成型、烘烤等工艺制成的中式糕点，外观多为圆形，造型规整，口感软糯酥松，香气浓郁；产品多为礼盒装、散装、独立袋装，属于节庆糕点、休闲甜品，常见于中秋佳节送礼、家庭团聚食用，商超、糕点店、礼品专区均有销售。
1. 原料与基底
包括：面粉、食用油、黄油、糖浆、糖，各类馅料（豆沙、莲蓉、五仁、蛋黄、鲜肉、水果、坚果等），食用添加剂、咸蛋黄、坚果果干等配料
不包括：以淀粉、食用胶为主的果冻、凉粉、龟苓膏，糖果、巧克力、面包、蛋糕类制品
2. 形态与质地
包括：固体糕点、圆形饼状，饼皮紧实，馅料饱满，质地分为酥软、绵密、香脆、筋道多种，整体成型不散开
不包括：液态饮品、半固体凝胶、饼干、膨化食品、软糯黏腻的糍粑年糕、松散碎渣状点心
3. 常见类型
包括：广式月饼、苏式月饼、京式月饼、流心月饼、冰皮月饼、鲜肉月饼、五仁月饼、豆沙月饼、蛋黄莲蓉月饼
不包括：蛋糕、面包、慕斯、布丁、龟苓膏、凉粉、饼干、酥点、汤圆、粽子类食品
4. 风味
包括：甜味、咸甜味、奶香味、坚果香、馅料原香、蛋香味、清淡酥香
不包括：浓辛辣味、纯苦味、油腻酱香味、生鲜肉味、刺鼻异味、重酸腐味","1. 以面粉、油脂、糖为饼皮，搭配馅料制成的中式节庆糕点
2. 广式月饼、苏式月饼、京式月饼、冰皮月饼、流心月饼等传统及新式月饼
3. 散装月饼、独立袋装月饼、礼盒装月饼、简易装月饼
4. 甜口月饼、咸甜口月饼、低糖月饼、无糖月饼、各类馅料月饼","1.鲜活莲类、鲜蛋原料、生面粉、生鲜果仁（未加工的生鲜食材，非月饼成品）
2.月饼馅料（泥）、月饼预拌粉、烘焙原浆、果仁酱（非成品月饼）
3.月饼味糕点、月饼味饼干、月饼味膨化食品、月饼味代餐棒（非传统烘焙月饼）
4.药用莲蓉制品、保健坚果制品、食疗蛋制品（非普通食用月饼）
5.月饼造型玩具、3D 立体月饼摆件、纪念工艺品（非食用月饼类制品）",稻香村,,,莲蓉蛋黄,铁盒装,无糖,,,,,,
,,,,,,,,,知味观,,,豆沙,袋装,含糖,,,,,,
,,,,,,,,,沈大成,,,五仁,其他,,,,,,,
,,,,,,,,,五芳斋,,,奶黄流心,,,,,,,,
,,,,,,,,,广州酒家,,,枣泥,,,,,,,,
,,,,,,,,,,,,黑芝麻,,,,,,,,
,,,,,,,,,,,,椰蓉,,,,,,,,
,,,,,,,,,,,,冰皮,,,,,,,,
,,,,,,,,,,,,水果,,,,,,,,
,,,,,,,,,,,,巧克力,,,,,,,,
,,,,,,,,,,,,云腿,,,,,,,,
,,,,,,,,,,,,鲜肉,,,,,,,,
,,,,,,,,,,,,抹茶,,,,,,,,
,,,,,,,,,,,,紫薯,,,,,,,,
,,,,,,,,,,,,其他,,,,,,,,
,,,,,,,,,,,,,,,,,,,,
,,,,,,,,,,,,,,,,,,,,
,,,,,,,,,,,,,,,,,,,,
,,,,,,,,,,,,,,,,,,,,
,,,,,,,,,,,,,,,,,,,,
,,,,,,,,,,,,,,,,,,,,
,,,,,,,,,,,,,,,,,,,,
140.0,食品,休闲零食,中式糕点,沙琪玛,B,"定义
以面粉、鸡蛋、糖、油脂为主要原料，经和面、切丝、油炸、熬糖挂浆、压制成型、切块等工艺制成的中式糕点，外观呈方块状，色泽金黄，口感酥松绵软、香甜不腻，入口易化；产品多为散装、独立袋装、盒装，属于日常休闲糕点、解馋零食，常见于商超零食区、糕点店、便利店售卖。

1. 原料与基底
包括：面粉、鸡蛋、白砂糖、麦芽糖、食用油、黄油，可搭配葡萄干、坚果、芝麻、果干等配料
不包括：以淀粉、食用胶为主的果冻、凉粉、龟苓膏，糖果、巧克力、面包、蛋糕类制品
2. 形态与质地
包括：固体糕点、方块状，由细面条丝粘合而成，质地酥松绵软、香甜紧实，轻捏不散架，入口香甜软糯
不包括：液态饮品、半固体凝胶、饼干、膨化食品、软糯黏腻的糍粑年糕、松散碎渣状点心
3. 常见类型
包括：原味沙琪玛、坚果沙琪玛、果干沙琪玛、芝麻沙琪玛、红糖沙琪玛、软糯款沙琪玛、酥松款沙琪玛
不包括：蛋糕、面包、慕斯、布丁、龟苓膏、凉粉、饼干、酥点、汤圆、粽子、月饼类食品
4. 风味
包括：甜味、红糖味、蜂蜜味、奶香味、芝麻香、坚果香、果干清香、清淡酥香
不包括：浓辛辣味、纯苦味、油腻酱香味、生鲜肉味、刺鼻异味、重酸腐味","1. 以面粉、鸡蛋、糖、油脂为原料，经油炸挂浆、压制成型制成的中式传统糕点
2. 原味沙琪玛、红糖沙琪玛、坚果沙琪玛、果干沙琪玛等传统及新式沙琪玛
3. 散装沙琪玛、独立袋装沙琪玛、盒装沙琪玛、礼盒装沙琪玛
4. 甜口沙琪玛、软糯款沙琪玛、酥松款沙琪玛、低糖沙琪玛、无糖沙琪玛","1 .鲜活蛋类、生面粉、生鲜果仁、白砂糖（未加工的生鲜食材，非沙琪玛成品）
2. 沙琪玛预拌粉、糖浆原料、蛋浆、果仁碎、烘焙原辅料（非成品沙琪玛）
3. 沙琪玛味糕点、沙琪玛味饼干、沙琪玛味膨化食品、沙琪玛味代餐棒（非传统沙琪玛）
4. 药用蛋类制品、保健坚果制品、食疗糖制品（非普通食用沙琪玛）
5. 沙琪玛造型玩具、仿真摆件、纪念工艺品（非食用沙琪玛类制品）",徐福记,,,原味,袋装,含糖,,,,,,
,,,,,,,,,达利园,,,黑糖味,盒装,,,,,,,
,,,,,,,,,盼盼,,,芝麻味,其他,,,,,,,
,,,,,,,,,三只松鼠,,,鸡蛋味,,,,,,,,
,,,,,,,,,良品铺子,,,奶油味,,,,,,,,
,,,,,,,,,,,,红枣味,,,,,,,,
,,,,,,,,,,,,蔓越莓味,,,,,,,,
,,,,,,,,,,,,椰丝味,,,,,,,,
,,,,,,,,,,,,香酥鸡蛋味,,,,,,,,
,,,,,,,,,,,,南瓜籽味,,,,,,,,
,,,,,,,,,,,,葡萄味,,,,,,,,
,,,,,,,,,,,,桂花味,,,,,,,,
,,,,,,,,,,,,杏仁味,,,,,,,,
,,,,,,,,,,,,水果味,,,,,,,,
,,,,,,,,,,,,其他,,,,,,,,
,,,,,,,,,,,,,,,,,,,,
,,,,,,,,,,,,,,,,,,,,
,,,,,,,,,,,,,,,,,,,,
,,,,,,,,,,,,,,,,,,,,
,,,,,,,,,,,,,,,,,,,,
,,,,,,,,,,,,,,,,,,,,
,,,,,,,,,,,,,,,,,,,,
141.0,食品,休闲零食,中式糕点,肉松饼,C,"定义
以面粉、油脂、糖、鸡蛋为主要饼皮原料，搭配肉松为核心馅料，经和面、包馅、成型、烘烤等工艺制成的中式糕点，外观多为圆形薄饼状，色泽金黄，外皮酥脆，内馅咸香松软，咸甜适口；产品多为散装、独立袋装、盒装，属于日常休闲糕点、解馋零食，常见于商超零食区、糕点店、便利店售卖。
1. 原料与基底
包括：面粉、食用油、黄油、鸡蛋、白砂糖、麦芽糖，核心馅料肉松（猪肉松、牛肉松、鸡肉松），可搭配芝麻、食用添加剂等配料
不包括：以淀粉、食用胶为主的果冻、凉粉、龟苓膏，糖果、巧克力、面包、蛋糕类制品
2. 形态与质地
包括：固体糕点、圆形薄饼状，外皮酥脆紧实，内馅绵密松软，整体成型不散开，口感咸甜酥脆
不包括：液态饮品、半固体凝胶、膨化食品、软糯黏腻的糍粑年糕、松散碎渣状点心
3. 常见类型
包括：原味肉松饼、咸味肉松饼、芝麻肉松饼、香葱肉松饼、酥脆款肉松饼、绵密款肉松饼
不包括：蛋糕、面包、慕斯、布丁、龟苓膏、凉粉、饼干、酥点、汤圆、粽子、月饼、沙琪玛类食品
4. 风味
包括：甜味、咸味、咸甜味、肉香味、芝麻香、葱香、奶香味、清淡酥香
不包括：浓辛辣味、纯苦味、油腻酱香味、刺鼻异味、重酸腐味、腥膻味","1. 以面粉、鸡蛋、糖、油脂为饼皮，搭配肉松为馅料，经烘烤制成的中式休闲糕点
2. 原味肉松饼、咸味肉松饼、芝麻肉松饼、香葱肉松饼等传统及新式肉松饼
3. 散装肉松饼、独立袋装肉松饼、盒装肉松饼、礼盒装肉松饼
4. 甜口肉松饼、咸甜口肉松饼、酥脆款肉松饼、绵密款肉松饼、低糖肉松饼","1. 生鲜肉类、鲜鸡蛋、生面粉、生鲜辅料（未加工的生鲜食材，非肉松饼成品）
2. 肉松原料、饼皮预拌粉、馅料、烘焙原浆、调味酱料（非成品肉松饼）

3. 肉松味糕点、肉松味饼干、肉松味膨化食品、肉松味代餐棒（非传统肉松饼）

4. 药用肉制品、保健蛋制品、食疗面粉制品（非普通食用肉松饼）

5. 肉松饼造型玩具、仿真摆件、纪念工艺品（非食用肉松饼类制品）",友臣,,,原味,,,,,,,,
,,,,,,,,,三只松鼠,,,咸甜味,盒装,,,,,,,
,,,,,,,,,良品铺子,,,香辣味,袋装,,,,,,,
,,,,,,,,,百草味,,,葱香味,散装,,,,,,,
,,,,,,,,,来伊份,,,海苔味,礼盒装,,,,,,,
,,,,,,,,,,,,芝麻味,其他,,,,,,,
,,,,,,,,,,,,其他,,,,,,,,
,,,,,,,,,,,,,,,,,,,,
,,,,,,,,,,,,,,,,,,,,
,,,,,,,,,,,,,,,,,,,,
,,,,,,,,,,,,,,,,,,,,
,,,,,,,,,,,,,,,,,,,,
,,,,,,,,,,,,,,,,,,,,
,,,,,,,,,,,,,,,,,,,,
,,,,,,,,,,,,,,,,,,,,
,,,,,,,,,,,,,,,,,,,,
,,,,,,,,,,,,,,,,,,,,
,,,,,,,,,,,,,,,,,,,,
,,,,,,,,,,,,,,,,,,,,
,,,,,,,,,,,,,,,,,,,,
,,,,,,,,,,,,,,,,,,,,
,,,,,,,,,,,,,,,,,,,,
142.0,食品,休闲零食,中式糕点,麻花,B,"定义
以面粉、鸡蛋、糖、油脂、水为主要原料，经和面、搓条、扭绞成型、油炸或烘烤制成的中式面点，外观多为扭绞长条状，色泽金黄或棕黄，口感酥脆/绵软，香气浓郁；产品多为散装、独立袋装、盒装，属于日常休闲糕点、解馋零食，常见于商超零食区、糕点店、便利店售卖。
1. 原料与基底
包括：面粉、鸡蛋、白砂糖、红糖、食用油、黄油、水、食用盐，可搭配芝麻、椒盐、蜂蜜、坚果碎、葱花等配料
不包括：以淀粉、食用胶为主的果冻、凉粉、龟苓膏，糖果、巧克力、面包、蛋糕类制品
2. 形态与质地
包括：固体面点、扭绞条状，质地分为酥脆、绵软、筋道多种，整体成型不散开，外表干爽不黏手
不包括：液态饮品、半固体凝胶、膨化食品、软糯黏腻的糍粑年糕、松散碎渣状点心
3. 常见类型
包括：甜味麻花、咸味麻花、椒盐麻花、蜂蜜麻花、芝麻麻花、小麻花、大麻花、酥脆麻花、软麻花
不包括：蛋糕、面包、慕斯、布丁、龟苓膏、凉粉、饼干、酥点、汤圆、粽子、月饼、沙琪玛、肉松饼类食品
4. 风味
包括：甜味、咸味、椒盐味、红糖味、蜂蜜味、芝麻香、葱香味、奶香味、焦香酥脆味
不包括：浓辛辣味、纯苦味、油腻酱香味、刺鼻异味、重酸腐味、腥膻味","1. 以面粉、鸡蛋、糖、油脂为主要原料，经搓条扭绞、油炸或烘烤制成的中式休闲面点
2. 甜味麻花、咸味麻花、蜂蜜麻花、芝麻麻花、椒盐麻花等传统及新式麻花

3. 散装麻花、独立袋装麻花、盒装麻花、礼盒装麻花

4. 甜口麻花、咸口麻花、酥脆款麻花、绵软款麻花、低糖麻花","1. 鲜活蛋类、生面粉、生鲜辅料、白砂糖（未加工的生鲜食材，非麻花成品）
2. 麻花预拌粉、糖浆原料、调味粉料、油炸原辅料（非成品麻花）
3. 麻花味糕点、麻花味饼干、麻花味膨化食品、麻花味代餐棒（非传统麻花）
4. 药用蛋类制品、保健杂粮制品、食疗糖制品（非普通食用麻花）
5. 麻花造型玩具、仿真摆件、纪念工艺品（非食用麻花类制品）",陈麻花,,,甜,散装称重,无糖,,,,,,
,,,,,,,,,三只松鼠,,,咸,盒装,含糖,,,,,,
,,,,,,,,,良品铺子,,,椒盐,,,,,,,,
,,,,,,,,,百草味,,,蜂蜜,,,,,,,,
,,,,,,,,,来伊份,,,芝麻,,,,,,,,
,,,,,,,,,,,,五香,,,,,,,,
,,,,,,,,,,,,豆沙,,,,,,,,
,,,,,,,,,,,,椰蓉,,,,,,,,
,,,,,,,,,,,,花生,,,,,,,,
,,,,,,,,,,,,巧克力,,,,,,,,
,,,,,,,,,,,,奶香,,,,,,,,
,,,,,,,,,,,,葱油,,,,,,,,
,,,,,,,,,,,,海苔,,,,,,,,
,,,,,,,,,,,,红糖,,,,,,,,
,,,,,,,,,,,,什锦味,,,,,,,,
,,,,,,,,,,,,酸奶味,,,,,,,,
,,,,,,,,,,,,其他,,,,,,,,
,,,,,,,,,,,,,,,,,,,,
,,,,,,,,,,,,,,,,,,,,
,,,,,,,,,,,,,,,,,,,,
,,,,,,,,,,,,,,,,,,,,
,,,,,,,,,,,,,,,,,,,,
143.0,食品,休闲零食,中式糕点,凤梨酥,C,"定义
以面粉、黄油、糖、鸡蛋为主要饼皮原料，搭配凤梨果肉（冬瓜蓉）为馅料，经和面、包馅、成型、烘烤制成的中式传统糕点，外观多为方形，色泽金黄，外皮酥软绵密，内馅酸甜劲道，果香浓郁；产品多为散装、独立袋装、盒装，属于日常休闲糕点、伴手礼茶点，常见于商超零食区、糕点店、特产专卖店售卖。
1. 原料与基底
包括：面粉、黄油、白砂糖、麦芽糖、鸡蛋、奶粉，核心馅料凤梨果肉、冬瓜蓉、冰糖，可搭配桂花、椰蓉、食用添加剂等配料
不包括：以淀粉、食用胶为主的果冻、凉粉、龟苓膏，糖果、巧克力、面包、蛋糕类制品
2. 形态与质地
包括：固体糕点、方形块状，外皮酥松不松散，内馅紧实劲道，整体成型完好，口感酥软酸甜
不包括：液态饮品、半固体凝胶、膨化食品、酥脆易碎点心、软糯黏腻的糍粑年糕
3. 常见类型
包括：原味凤梨酥、土凤梨酥、低糖凤梨酥、奶香凤梨酥、台式凤梨酥、老式凤梨酥
不包括：蛋糕、面包、慕斯、布丁、龟苓膏、凉粉、饼干、酥点、汤圆、粽子、月饼、沙琪玛、肉松饼、麻花、桃酥、绿豆糕类食品
4. 风味
包括：甜味、酸甜味、奶香味、凤梨果香、黄油醇香、清淡酥香
不包括：浓辛辣味、纯苦味、油腻酱香味、刺鼻异味、重酸腐味、腥膻味","1. 以面粉、黄油、糖、鸡蛋为主要原料，经包馅、成型、烘烤制成的中式传统糕点
2. 原味凤梨酥、土凤梨酥、奶香凤梨酥、台式凤梨酥等传统及新式凤梨酥
3. 散装凤梨酥、独立袋装凤梨酥、盒装凤梨酥、礼盒装凤梨酥
4. 甜口凤梨酥、酸甜凤梨酥、酥软款凤梨酥、低糖凤梨酥、花式凤梨酥","1. 生鲜凤梨、鲜鸡蛋、生面粉、白砂糖、黄油（未加工的生鲜食材，非凤梨酥成品）
2. 凤梨馅料、糕点预拌粉、调味糖浆、烘焙原辅料、酥皮原料（非成品凤梨酥）
3. 凤梨酥味糕点、凤梨酥味饼干、凤梨酥味膨化食品、凤梨酥味代餐棒（非传统凤梨酥）
4. 药用凤梨制品、保健杂粮制品、食疗糖制品（非普通食用凤梨酥）
5. 凤梨酥造型玩具、仿真摆件、纪念工艺品（非食用凤梨酥类制品）",稻香村,,,原味,袋装,无糖,,,,,,
,,,,,,,,,知味观,,,土凤梨味,盒装,含糖,,,,,,
,,,,,,,,,沈大成,,,蔓越莓凤梨味,其他,,,,,,,
,,,,,,,,,五芳斋,,,抹茶味,,,,,,,,
,,,,,,,,,广州酒家,,,巧克力味,,,,,,,,
,,,,,,,,,,,,椰香凤梨味,,,,,,,,
,,,,,,,,,,,,咸蛋黄味,,,,,,,,
,,,,,,,,,,,,其他,,,,,,,,
,,,,,,,,,,,,,,,,,,,,
,,,,,,,,,,,,,,,,,,,,
,,,,,,,,,,,,,,,,,,,,
,,,,,,,,,,,,,,,,,,,,
,,,,,,,,,,,,,,,,,,,,
,,,,,,,,,,,,,,,,,,,,
,,,,,,,,,,,,,,,,,,,,
,,,,,,,,,,,,,,,,,,,,
,,,,,,,,,,,,,,,,,,,,
,,,,,,,,,,,,,,,,,,,,
,,,,,,,,,,,,,,,,,,,,
,,,,,,,,,,,,,,,,,,,,
,,,,,,,,,,,,,,,,,,,,
,,,,,,,,,,,,,,,,,,,,
144.0,食品,休闲零食,中式糕点,老婆饼,C,"定义
以面粉、黄油、糖、水为主要饼皮原料，搭配糯米、糖、芝麻、椰蓉等为馅料，经和面、开酥、包馅、成型、烘烤制成的中式传统糕点，外观多为圆形扁片状，色泽金黄，外皮层次分明、酥软掉渣，内馅软糯香甜，口感醇厚；产品多为散装、独立袋装、盒装，属于日常休闲糕点、茶点点心，常见于商超零食区、糕点店、特产专卖店售卖。

1. 原料与基底
包括：面粉、黄油、食用油、白砂糖、麦芽糖、水、鸡蛋，核心馅料糯米、椰蓉、芝麻、冬瓜糖、黄油，可添加食用盐、食用添加剂等配料
不包括：以淀粉、食用胶为主的果冻、凉粉、龟苓膏，糖果、巧克力、面包、蛋糕类制品
2. 形态与质地
包括：固体糕点、圆形扁片状，外皮多层酥脆，内馅软糯紧实，整体成型不散开，口感酥甜相融
不包括：液态饮品、半固体凝胶、膨化食品、酥脆易碎点心、软糯黏腻的糍粑年糕
3. 常见类型
包括：原味老婆饼、芝麻老婆饼、椰蓉老婆饼、老式老婆饼、低糖老婆饼、酥皮老婆饼
不包括：蛋糕、面包、慕斯、布丁、龟苓膏、凉粉、饼干、酥点、汤圆、粽子、月饼、沙琪玛、肉松饼、麻花、桃酥、绿豆糕、凤梨酥类食品
4. 风味
包括：甜味、奶香味、糯米清香、芝麻香、椰蓉香、黄油酥香、清淡甜香
不包括：浓辛辣味、纯苦味、油腻酱香味、刺鼻异味、重酸腐味、腥膻味","1. 以面粉、黄油、糖、鸡蛋为主要原料，经开酥、包馅、成型、烘烤制成的中式传统糕点
2. 原味老婆饼、芝麻老婆饼、椰蓉老婆饼、老式老婆饼等传统及新式老婆饼
3. 散装老婆饼、独立袋装老婆饼、盒装老婆饼、礼盒装老婆饼
4. 甜口老婆饼、酥软款老婆饼、多层酥老婆饼、低糖老婆饼、花式老婆饼","1. 老公饼（咸口，馅料多为肉松、椒盐、蒜蓉等，品类独立）
2. 酥饼 / 老婆饼味的饼干、曲奇、蛋卷（属西式饼干，非中式烘烤酥饼）
3. 月饼（含潮式月饼的其他品类，尺寸、工艺、节庆属性不同）
4. 老婆饼预拌粉、馅料原料包（原料，非即食成品）
5. 烧饼、千层饼、葱油饼（咸口、无甜馅、起酥工艺不同）
6. 桃酥、凤梨酥、蛋黄酥（各自有独立馅料与成型标准）
7. 蛋糕、面包、麻薯（发酵 / 蒸煮工艺，非烘烤酥皮）",稻香村,,,甜味,袋装,无糖,,,,,,
,,,,,,,,,知味观,,,芝麻味,盒装,含糖,,,,,,
,,,,,,,,,沈大成,,,冬瓜蓉味,,,,,,,,
,,,,,,,,,五芳斋,,,椰蓉味,,,,,,,,
,,,,,,,,,广州酒家,,,豆沙味,,,,,,,,
,,,,,,,,,,,,莲蓉味,,,,,,,,
,,,,,,,,,,,,其他,,,,,,,,
,,,,,,,,,,,,,,,,,,,,
,,,,,,,,,,,,,,,,,,,,
,,,,,,,,,,,,,,,,,,,,
,,,,,,,,,,,,,,,,,,,,
,,,,,,,,,,,,,,,,,,,,
,,,,,,,,,,,,,,,,,,,,
,,,,,,,,,,,,,,,,,,,,
,,,,,,,,,,,,,,,,,,,,
,,,,,,,,,,,,,,,,,,,,
,,,,,,,,,,,,,,,,,,,,
,,,,,,,,,,,,,,,,,,,,
,,,,,,,,,,,,,,,,,,,,
,,,,,,,,,,,,,,,,,,,,
,,,,,,,,,,,,,,,,,,,,
,,,,,,,,,,,,,,,,,,,,
145.0,食品,休闲零食,中式糕点,蛋黄酥,C,"定义
以面粉、黄油、糖、水为主要饼皮原料，搭配咸蛋黄、豆沙、莲蓉等为馅料，经和面、开酥、包馅、刷蛋液、烘烤制成的中式传统糕点，外观多为圆形，色泽金黄油亮，外皮层次分明、酥软掉渣，内馅绵密沙软、咸甜交织，香气浓郁；产品多为独立袋装、盒装、礼盒装，属于日常休闲糕点、节庆茶点、送礼伴手礼，常见于商超零食区、糕点店、特产专卖店售卖。

1. 原料与基底
包括：面粉、黄油、食用油、白砂糖、麦芽糖、水、鸡蛋、食用盐，核心馅料咸蛋黄、豆沙、莲蓉、肉松，可搭配芝麻、咸蛋黄碎、食用添加剂等配料
不包括：以淀粉、食用胶为主的果冻、凉粉、龟苓膏，糖果、巧克力、面包、蛋糕类制品
2. 形态与质地
包括：固体糕点、圆形球状，外皮多层酥脆，内馅紧实饱满、沙软绵密，整体成型不散开，口感酥沙相融
不包括：液态饮品、半固体凝胶、膨化食品、酥脆易碎点心、软糯黏腻的糍粑年糕
3. 常见类型
包括：原味蛋黄酥、豆沙蛋黄酥、莲蓉蛋黄酥、肉松蛋黄酥、老式蛋黄酥、低糖蛋黄酥
不包括：蛋糕、面包、慕斯、布丁、龟苓膏、凉粉、饼干、酥点、汤圆、粽子、月饼、沙琪玛、肉松饼、麻花、桃酥、绿豆糕、凤梨酥、老婆饼类食品
4. 风味
包括：甜味、咸味、咸甜味、豆沙香、莲蓉香、蛋黄香、芝麻香、黄油酥香、肉香味
不包括：浓辛辣味、纯苦味、油腻酱香味、刺鼻异味、重酸腐味、腥膻味","1. 以面粉、黄油、糖、鸡蛋为主要原料，经开酥、包馅、成型、烘烤制成的中式传统糕点
2. 原味蛋黄酥、豆沙蛋黄酥、莲蓉蛋黄酥、肉松蛋黄酥等传统及新式蛋黄酥
3. 散装蛋黄酥、独立袋装蛋黄酥、盒装蛋黄酥、礼盒装蛋黄酥
4. 甜口蛋黄酥、咸甜口蛋黄酥、多层酥蛋黄酥、低糖蛋黄酥、花式蛋黄酥","1.生鲜咸蛋黄、鲜鸡蛋、生面粉、白砂糖、黄油、红豆沙（未加工的生鲜食材，非蛋黄酥成品）
2.蛋黄酥馅料、酥皮原料、糕点预拌粉、调味糖浆、烘焙原辅料（非成品蛋黄酥）
3.蛋黄酥味糕点、蛋黄酥味饼干、蛋黄酥味膨化食品、蛋黄酥味代餐棒（非传统蛋黄酥）
4.药用蛋类制品、保健杂粮制品、食疗糖制品（非普通食用蛋黄酥）
5.蛋黄酥造型玩具、仿真摆件、纪念工艺品（非食用蛋黄酥类制品）",稻香村,,,原味,袋装,无糖,,,,,,
,,,,,,,,,知味观,,,红豆沙蛋黄味,盒装,含糖,,,,,,
,,,,,,,,,沈大成,,,莲蓉蛋黄味,散装,,,,,,,
,,,,,,,,,五芳斋,,,紫薯蛋黄味,其他,,,,,,,
,,,,,,,,,广州酒家,,,抹茶红豆味,,,,,,,,
,,,,,,,,,,,,芝士流心味,,,,,,,,
,,,,,,,,,,,,榴莲味,,,,,,,,
,,,,,,,,,,,,其他,,,,,,,,
,,,,,,,,,,,,,,,,,,,,
,,,,,,,,,,,,,,,,,,,,
,,,,,,,,,,,,,,,,,,,,
,,,,,,,,,,,,,,,,,,,,
,,,,,,,,,,,,,,,,,,,,
,,,,,,,,,,,,,,,,,,,,
,,,,,,,,,,,,,,,,,,,,
,,,,,,,,,,,,,,,,,,,,
,,,,,,,,,,,,,,,,,,,,
,,,,,,,,,,,,,,,,,,,,
,,,,,,,,,,,,,,,,,,,,
,,,,,,,,,,,,,,,,,,,,
,,,,,,,,,,,,,,,,,,,,
,,,,,,,,,,,,,,,,,,,,
146.0,食品,休闲零食,中式糕点,蛋卷,C,"定义
属于中式糕点中的酥脆类焙烤食品，以鸡蛋、小麦粉、白砂糖、食用油脂为主要原料，经调制成均匀浆液，在加热模具中摊烤成薄而酥脆的蛋皮，趁热卷制为中空长筒状，冷却定型后制成；成品色泽金黄至棕黄，形态为卷状空心结构，口感酥脆易化、蛋香与奶香突出，是传统茶点、休闲零食及节庆礼品类中式糕点。","原味蛋卷
黄油蛋卷
芝麻蛋卷
椰丝蛋卷
香葱蛋卷
海苔蛋卷
肉松蛋卷
夹心蛋卷
花生蛋卷
杏仁蛋卷
香兰蛋卷
巧克力蛋卷
抹茶蛋卷
咸蛋黄蛋卷
手工蛋卷
机制蛋卷","西式瑞士卷（蛋糕卷）
日式玉子烧、厚蛋烧
蒸制肉馅 / 蔬菜蛋卷
春卷、脆皮卷
蛋酥、蛋片、蛋饼
非卷状蛋制烘焙品",元朗,广式蛋卷,,原味,散装,,,,,,,
,,,,,,,,,美心,港式蛋卷,,黄油味,袋装,,,,,,,
,,,,,,,,,广州酒家利口福,台式蛋卷,,芝麻味,独立小包装,,,,,,,
,,,,,,,,,奇华饼家,,,椰丝味,纸盒装,,,,,,,
,,,,,,,,,元朗荣华,,,香葱味,马口铁盒装,,,,,,,
,,,,,,,,,澳门永辉,,,海苔味,塑料罐装,,,,,,,
,,,,,,,,,十月初五饼家,,,肉松味,礼品礼盒装,,,,,,,
,,,,,,,,,礼记饼家,,,巧克力味,,,,,,,,
,,,,,,,,,嘉顿,,,抹茶味,,,,,,,,
,,,,,,,,,汉记,,,花生味,,,,,,,,
,,,,,,,,,喜年来,,,杏仁味,,,,,,,,
,,,,,,,,,义美,,,香兰味,,,,,,,,
,,,,,,,,,福义轩,,,山楂味,,,,,,,,
,,,,,,,,,海边走走,,,咸蛋黄味,,,,,,,,
,,,,,,,,,胡子国王,,,,,,,,,,,
,,,,,,,,,,,,,,,,,,,,
,,,,,,,,,,,,,,,,,,,,
,,,,,,,,,,,,,,,,,,,,
,,,,,,,,,,,,,,,,,,,,
,,,,,,,,,,,,,,,,,,,,
,,,,,,,,,,,,,,,,,,,,
,,,,,,,,,,,,,,,,,,,,
147.0,食品,休闲零食,中式糕点,其他中式糕点,,"定义
除上述品类外，以小麦粉、糯米粉、豆类、糖、油脂等为主要原料，经蒸、烤、炸、煎等传统工艺制成的中式点心统称，形态包括饼、酥、糕、团、卷等，口味涵盖甜、咸、椒盐、五香等，包装形式从散装称重到礼盒均有，保质期因工艺差异从数日到数月不等，主要作为茶点、节庆食品或伴手礼销售。

快速区分要点
中式传统工艺、非油炸 / 烘烤 / 蒸制糕饼点心
不在指定 12 个明细品类里
不是西式、不是速冻面点、不是糖果主食","1. 各类酥饼类：芝麻酥、椒盐酥、葱油酥、千层酥、杏仁酥、核桃酥（非桃酥）等
2. 饼类：板栗饼、香芋饼、红豆饼、绿豆饼（非绿豆糕）、鲜花饼、芝麻饼、葱油饼、烧饼等
3. 糕类：马蹄糕、萝卜糕、芋头糕、发糕、米糕、云片糕、状元糕、灯芯糕、芡实糕、八珍糕等
4. 团 / 糍类：麻糍、糍粑、驴打滚、艾糍、糯米糍、凉糕、切糕等
5. 油炸 / 烘烤点心：猫耳朵、江米条、蜜三刀、羊角蜜、麻圆、煎堆、油果子等
6. 地方特色糕点：桂花糖糕、云腿月饼 / 酥、广式酥角、京八件组合装中未列明单品、各地非遗糕点等
7. 组合装中式糕点礼盒（内部单品均不属于上述列明品类）","1. 不包括列出的全部品类：沙琪玛、肉松饼、麻花、桃酥、绿豆糕、凤梨酥、老婆饼、蛋黄酥、桂花糕、青团、年糕、龙须酥
2. 不包括西式糕点：蛋糕、面包、曲奇、饼干、蛋挞、派、布丁等
3. 不包括速冻面点：包子、馒头、饺子、烧麦、馄饨、汤圆等
4. 不包括糖果、巧克力、果冻、胶冻类、膨化食品
5. 不包括月饼（可单独归类，不归入此类）
6. 不包括粽子、八宝饭、糯米饭等蒸煮主食类
7. 不包括原料类：糕点预拌粉、馅料、半成品未成型糕点",稻香村,,,甜味,散装称重,无糖,,,,,,
,,,,,,,,,知味观,,,咸味,袋装,含糖,,,,,,
,,,,,,,,,沈大成,,,椒盐味,盒装,,,,,,,
,,,,,,,,,五芳斋,,,五香味,铁盒,,,,,,,
,,,,,,,,,广州酒家,,,芝麻味,,,,,,,,
,,,,,,,,,,,,桂花味,,,,,,,,
,,,,,,,,,,,,红豆味,,,,,,,,
,,,,,,,,,,,,绿豆味,,,,,,,,
,,,,,,,,,,,,枣泥味,,,,,,,,
,,,,,,,,,,,,莲蓉味,,,,,,,,
,,,,,,,,,,,,肉松味,,,,,,,,
,,,,,,,,,,,,蛋黄味,,,,,,,,
,,,,,,,,,,,,奶香味,,,,,,,,
,,,,,,,,,,,,其他,,,,,,,,
,,,,,,,,,,,,,,,,,,,,
,,,,,,,,,,,,,,,,,,,,
,,,,,,,,,,,,,,,,,,,,
,,,,,,,,,,,,,,,,,,,,
,,,,,,,,,,,,,,,,,,,,
,,,,,,,,,,,,,,,,,,,,
,,,,,,,,,,,,,,,,,,,,
,,,,,,,,,,,,,,,,,,,,
148.0,食品,休闲零食,海味零食,鱼类,B,"定义
以各类海水鱼为主要原料，搭配食用盐、白砂糖、香辛料、食用油等辅料，经清洗、腌制、烘烤、油炸、风干、调味、包装制成的即食海味零食，外观多为条状、片状、块状，色泽鲜亮，口感紧实有嚼劲、鲜香浓郁，带有独特海味；产品多为独立袋装、散装、盒装，属于休闲零食、下酒小菜、追剧小吃，常见于商超零食区、特产店、海鲜干货店售卖。
1. 原料与基底
包括：海水鱼（黄鱼、带鱼、鳕鱼、鳗鱼、马步鱼等）、食用盐、白砂糖、味精、香辛料、食用油、酱油、料酒，可添加辣椒、芝麻、蒜蓉、食用添加剂等配料
不包括：新鲜生鲜鱼类、冷冻水产、活鱼，贝类、虾类、蟹类等非鱼类海产，糕点、糖果、膨化食品类制品
2. 形态与质地
包括：即食固态零食，片状、条状、块状、丁状，肉质紧实、有嚼劲，干湿适中，整体成型完好，无过多汁水，口感鲜香适口
不包括：液态鱼汤、鱼羹、半固体鱼酱，生食鱼片、未加工生鲜，软烂糜状鱼肉制品，酥脆易碎的膨化零食
3. 常见类型
包括：小黄鱼干、鳗鱼丝、鳕鱼条、带鱼酥、马步鱼干、香辣鱼干、原味鱼干、风干鱼块、即食烤鱼片
不包括：蛋糕、面包、慕斯、布丁、龟苓膏、凉粉、饼干、酥点、汤圆、粽子、月饼、沙琪玛、肉松饼、麻花、桃酥、绿豆糕、凤梨酥、老婆饼、蛋黄酥、桂花糕、青团、年糕、龙须酥类食品
4. 风味
包括：鲜味、咸味、甜味、香辣味、麻辣味、烧烤味、五香味、蒜香味、炭烤味、海味鲜香
不包括：纯苦味、刺鼻腥膻味、腐酸味、油腻酱臭味、浓烈异味、浓甜齁味","1. 以海水鱼为主要原料，经清洗、腌制、烘烤、风干、调味制成的即食海味零食
2. 小黄鱼干、鳗鱼丝、鳕鱼条、带鱼酥、烤鱼片等传统及新式鱼类零食
3. 散装鱼类零食、独立袋装鱼类零食、盒装鱼类零食、礼盒装鱼类零食
4. 原味鱼干、香辣鱼干、炭烤鱼干、嚼劲款鱼干、低脂鱼干、花式鱼干","1. 鲜活鱼类、冷冻生鲜鱼、冰鲜鱼（未加工的生鲜水产，非即食零食）
2. 鱼肉罐头、鱼酱、鱼羹、鱼肉糜（非干制即食休闲零食）
3. 鱼丸、鱼豆腐、鱼排、鱼糕（深加工鱼肉制品，非即食海味零食）
4. 药用鱼制品、保健鱼制品、食疗鱼肉制品（非普通食用鱼类零食）
5. 鱼类造型玩具、仿真摆件、工艺品（非食用鱼类制品）",三只松鼠,,,原味,罐装,,,,,,,
,,,,,,,,,良品铺子,,,烧烤味,塑料膜压缩装,,,,,,,
,,,,,,,,,百草味,,,蒜香味,,,,,,,,
,,,,,,,,,来伊份,,,甜辣味,,,,,,,,
,,,,,,,,,自然派,,,香辣味,,,,,,,,
,,,,,,,,,,,,五香味,,,,,,,,
,,,,,,,,,,,,孜然味,,,,,,,,
,,,,,,,,,,,,黑椒味,,,,,,,,
,,,,,,,,,,,,芥末味,,,,,,,,
,,,,,,,,,,,,蜜汁味,,,,,,,,
,,,,,,,,,,,,其他,,,,,,,,
,,,,,,,,,,,,,,,,,,,,
,,,,,,,,,,,,,,,,,,,,
,,,,,,,,,,,,,,,,,,,,
,,,,,,,,,,,,,,,,,,,,
,,,,,,,,,,,,,,,,,,,,
,,,,,,,,,,,,,,,,,,,,
,,,,,,,,,,,,,,,,,,,,
,,,,,,,,,,,,,,,,,,,,
,,,,,,,,,,,,,,,,,,,,
,,,,,,,,,,,,,,,,,,,,
,,,,,,,,,,,,,,,,,,,,
149.0,食品,休闲零食,海味零食,虾类,C,"定义
以各类海虾为主要原料，搭配食用盐、白砂糖、香辛料、食用油等辅料，经清洗、去壳、腌制、烘烤、油炸、风干、调味、包装制成的即食海味零食，外观多为整只、条状、片状，色泽鲜亮，口感紧实弹牙、鲜香浓郁，带有独特海味；产品多为独立袋装、散装、盒装，属于休闲零食、下酒小菜、追剧小吃，常见于商超零食区、特产店、海鲜干货店售卖。

1. 原料与基底
包括：海虾（对虾、基围虾、皮皮虾、烤虾、虾米等）、食用盐、白砂糖、味精、香辛料、食用油、酱油、料酒，可添加辣椒、芝麻、蒜蓉、食用添加剂等配料
不包括：新鲜生鲜虾类、冷冻水产、活虾，鱼类、贝类、蟹类等非虾类海产，糕点、糖果、膨化食品类制品
2. 形态与质地
包括：即食固态零食，整只状、条状、片状、丁状，肉质紧实、弹牙有嚼劲，干湿适中，整体成型完好，无过多汁水，口感鲜香适口
不包括：液态虾汤、虾羹、半固体虾酱，生食鲜虾、未加工生鲜，软烂糜状虾肉制品，酥脆易碎的膨化零食
3. 常见类型
包括：烤虾干、即食对虾、皮皮虾干、虾条、虾片、香辣虾干、原味虾干、风干虾、即食虾仁
不包括：蛋糕、面包、慕斯、布丁、龟苓膏、凉粉、饼干、酥点、汤圆、粽子、月饼、沙琪玛、肉松饼、麻花、桃酥、绿豆糕、凤梨酥、老婆饼、蛋黄酥、桂花糕、青团、年糕、龙须酥类食品
4. 风味
包括：鲜味、咸味、甜味、香辣味、麻辣味、烧烤味、五香味、蒜香味、炭烤味、海味鲜香
不包括：纯苦味、刺鼻腥膻味、腐酸味、油腻酱臭味、浓烈异味、浓甜齁味","1. 以海虾为主要原料，经清洗、去壳、腌制、烘烤、风干、调味制成的即食海味零食
2. 烤虾干、皮皮虾干、即食对虾、风干虾、虾仁干等传统及新式虾类零食
3. 散装虾类零食、独立袋装虾类零食、盒装虾类零食、礼盒装虾类零食
4. 原味虾干、香辣虾干、炭烤虾干、弹牙款虾干、低脂虾干、花式虾干","1. 鲜活虾类、冷冻生鲜虾、冰鲜虾（未加工的生鲜水产，非即食零食）
2. 虾肉罐头、虾酱、虾羹、虾肉糜（非干制即食休闲零食）
3. 虾丸、虾滑、虾排、虾糕（深加工虾肉制品，非即食海味零食）
4. 药用虾制品、保健虾制品、食疗虾肉制品（非普通食用虾类零食）
5. 虾类造型玩具、仿真摆件、工艺品（非食用虾类制品）",三只松鼠,,,原味,真空袋装,,,,,,,
,,,,,,,,,良品铺子,,,椒盐,罐装,,,,,,,
,,,,,,,,,百草味,,,辣味,,,,,,,,
,,,,,,,,,来伊份,,,蒜香,,,,,,,,
,,,,,,,,,自然派,,,烧烤,,,,,,,,
,,,,,,,,,,,,海苔,,,,,,,,
,,,,,,,,,,,,芥末,,,,,,,,
,,,,,,,,,,,,咖喱,,,,,,,,
,,,,,,,,,,,,柠檬,,,,,,,,
,,,,,,,,,,,,黑胡椒,,,,,,,,
,,,,,,,,,,,,其他,,,,,,,,
,,,,,,,,,,,,,,,,,,,,
,,,,,,,,,,,,,,,,,,,,
,,,,,,,,,,,,,,,,,,,,
,,,,,,,,,,,,,,,,,,,,
,,,,,,,,,,,,,,,,,,,,
,,,,,,,,,,,,,,,,,,,,
,,,,,,,,,,,,,,,,,,,,
,,,,,,,,,,,,,,,,,,,,
,,,,,,,,,,,,,,,,,,,,
,,,,,,,,,,,,,,,,,,,,
,,,,,,,,,,,,,,,,,,,,
150.0,食品,休闲零食,海味零食,海苔类,B,"定义
以紫菜为主要原料，搭配食用盐、白砂糖、食用油、芝麻、坚果等辅料，经清洗、烘烤、调味、切割、压片、包装制成的即食海味零食，外观多为片状、卷状、碎末状，色泽墨绿鲜亮，口感薄脆鲜香、酥脆爽口，带有浓郁海苔清香；产品多为独立袋装、盒装、罐装、散装，属于休闲零食、儿童零食、佐餐小吃，常见于商超零食区、特产店、母婴用品店售卖。
1. 原料与基底
包括：干紫菜、食用盐、白砂糖、植物油、芝麻、花生、坚果碎、调味料，可添加食用添加剂、肉松、鳕鱼松等配料
不包括：新鲜紫菜、未加工海藻、海带，鱼类、虾类、蟹类、贝类等非海苔类海产，糕点、糖果、膨化食品类制品
2. 形态与质地
包括：即食固态零食，薄片状、卷状、夹心块状、碎末状，质地酥脆、薄嫩爽口，整体成型完好，无软烂受潮，口感鲜香清爽
不包括：液态海藻汤、半固体海苔酱，生食鲜紫菜、未加工生鲜，软烂黏腻的海藻制品，绵软无脆感的零食
3. 常见类型
包括：原味海苔片、芝麻夹心海苔、坚果海苔卷、海苔碎、肉松海苔、香辣海苔、儿童海苔、即食烤海苔
不包括：蛋糕、面包、慕斯、布丁、龟苓膏、凉粉、饼干、酥点、汤圆、粽子、月饼、沙琪玛、肉松饼、麻花、桃酥、绿豆糕、凤梨酥、老婆饼、蛋黄酥、桂花糕、青团、年糕、龙须酥类食品
4. 风味
包括：鲜味、咸味、淡甜味、香辣味、烧烤味、五香味、芝麻香味、坚果香味、海苔清香、肉松香味
不包括：纯苦味、刺鼻腥膻味、腐酸味、油腻酱臭味、浓烈异味、浓甜齁味","1. 以紫菜为主要原料，经清洗、烘烤、调味、切割、包装制成的即食海味零食
2. 原味海苔、芝麻夹心海苔、海苔卷、海苔碎、肉松海苔等传统及新式海苔零食
3. 散装海苔零食、独立袋装海苔零食、盒装海苔零食、礼盒装海苔零食
4. 原味海苔、香辣海苔、夹心海苔、脆爽款海苔、低脂海苔、花式海苔","1. 新鲜紫菜、鲜海带、鲜海藻（未加工的生鲜水产，非即食零食）
2. 海苔罐头、海藻酱、紫菜汤料、紫菜糜（非干制即食休闲零食）
3. 海藻糕、海苔丸子、海带制品、深加工海藻糕团（非即食海苔零食）
4. 药用海藻制品、保健海苔制品、食疗海藻制品（非普通食用海苔零食）
5. 海苔造型玩具、仿真摆件、工艺品（非食用海苔制品）",波力,,,原味,袋装,,,,,,,
,,,,,,,,,三只松鼠,,,酱油味,罐装,,,,,,,
,,,,,,,,,良品铺子,,,芝麻味,盒装,,,,,,,
,,,,,,,,,百草味,,,辣味,其他,,,,,,,
,,,,,,,,,来伊份,,,芥末味,,,,,,,,
,,,,,,,,,,,,烧烤味,,,,,,,,
,,,,,,,,,,,,芝士味,,,,,,,,
,,,,,,,,,,,,蒜香味,,,,,,,,
,,,,,,,,,,,,番茄味,,,,,,,,
,,,,,,,,,,,,海苔本味,,,,,,,,
,,,,,,,,,,,,其他,,,,,,,,
,,,,,,,,,,,,,,,,,,,,
,,,,,,,,,,,,,,,,,,,,
,,,,,,,,,,,,,,,,,,,,
,,,,,,,,,,,,,,,,,,,,
,,,,,,,,,,,,,,,,,,,,
,,,,,,,,,,,,,,,,,,,,
,,,,,,,,,,,,,,,,,,,,
,,,,,,,,,,,,,,,,,,,,
,,,,,,,,,,,,,,,,,,,,
,,,,,,,,,,,,,,,,,,,,
,,,,,,,,,,,,,,,,,,,,
151.0,食品,休闲零食,海味零食,鱿鱼/章鱼/墨鱼类,B,"定义
以鱿鱼、章鱼、墨鱼为主要原料，搭配食用盐、白砂糖、香辛料、食用油等辅料，经清洗、去杂、腌制、烘烤、油炸、风干、调味、包装制成的即食海味零食，外观多为条状、丝状、片状、块状，色泽鲜亮，口感紧实劲道、弹牙有嚼劲，鲜香浓郁，带有独特海味；产品多为独立袋装、散装、盒装，属于休闲零食、下酒小菜、追剧小吃，常见于商超零食区、特产店、海鲜干货店售卖。
1. 原料与基底
包括：鱿鱼、章鱼、墨鱼、食用盐、白砂糖、味精、香辛料、食用油、酱油、料酒，可添加辣椒、芝麻、蒜蓉、食用添加剂等配料
不包括：新鲜生鲜头足类、冷冻水产、活鲜，鱼类、虾类、蟹类、贝类、海苔类等非头足类海产，糕点、糖果、膨化食品类制品
2. 形态与质地
包括：即食固态零食，丝状、条状、片状、块状、圈状，肉质紧实、弹牙劲道，干湿适中，整体成型完好，无过多汁水，口感鲜香适口
不包括：液态海鲜汤、羹类、半固体酱料，生食鲜货、未加工生鲜，软烂糜状肉制品，酥脆易碎的膨化零食
3. 常见类型
包括：鱿鱼丝、鱿鱼条、鱿鱼片、鱿鱼须、手撕鱿鱼、墨鱼干、章鱼足、香辣鱿鱼、原味鱿鱼、即食墨鱼丸
不包括：蛋糕、面包、慕斯、布丁、龟苓膏、凉粉、饼干、酥点、汤圆、粽子、月饼、沙琪玛、肉松饼、麻花、桃酥、绿豆糕、凤梨酥、老婆饼、蛋黄酥、桂花糕、青团、年糕、龙须酥类食品
4. 风味
包括：鲜味、咸味、甜味、香辣味、麻辣味、烧烤味、五香味、蒜香味、炭烤味、海味鲜香
不包括：纯苦味、刺鼻腥膻味、腐酸味、油腻酱臭味、浓烈异味、浓甜齁味","1. 以鱿鱼、章鱼、墨鱼为主要原料，经清洗、去杂、腌制、烘烤、风干、调味制成的即食海味零食
2. 鱿鱼丝、鱿鱼条、鱿鱼须、手撕鱿鱼、墨鱼干、章鱼足等传统及新式鱿墨鱼类零食
3. 散装鱿墨鱼类零食、独立袋装鱿墨鱼类零食、盒装鱿墨鱼类零食、礼盒装鱿墨鱼类零食
4. 原味鱿鱼肉、香辣鱿鱼肉、炭烤鱿鱼肉、嚼劲款鱿鱼肉、低脂鱿鱼肉、花式鱿鱼肉零食","1. 鲜活鱿鱼、鲜活章鱼、鲜活墨鱼、冷冻生鲜鱿墨（未加工的生鲜水产，非即食零食）
2. 鱿墨罐头、鱿鱼酱、章鱼羹、鱿鱼肉糜（非干制即食休闲零食）
3. 鱿鱼丸、章鱼丸、墨鱼丸、鱿墨排、深加工鱿墨糕团（非即食海味鱿墨零食）
4. 药用鱿墨制品、保健鱿墨制品、食疗鱿墨制品（非普通食用鱿墨零食）
5. 鱿墨造型玩具、仿真摆件、工艺品（非食用鱿墨制品）",三只松鼠,,,原味,罐装,,,,,,,
,,,,,,,,,良品铺子,,,甜辣味,盒装,,,,,,,
,,,,,,,,,百草味,,,烧烤味,其他,,,,,,,
,,,,,,,,,来伊份,,,香辣味,,,,,,,,
,,,,,,,,,自然派,,,蒜香味,,,,,,,,
,,,,,,,,,,,,芥末味,,,,,,,,
,,,,,,,,,,,,孜然味,,,,,,,,
,,,,,,,,,,,,五香味,,,,,,,,
,,,,,,,,,,,,麻辣味,,,,,,,,
,,,,,,,,,,,,黑胡椒味,,,,,,,,
,,,,,,,,,,,,海苔味,,,,,,,,
,,,,,,,,,,,,蜜汁味,,,,,,,,
,,,,,,,,,,,,柠檬味,,,,,,,,
,,,,,,,,,,,,鲜辣味,,,,,,,,
,,,,,,,,,,,,其他,,,,,,,,
,,,,,,,,,,,,,,,,,,,,
,,,,,,,,,,,,,,,,,,,,
,,,,,,,,,,,,,,,,,,,,
,,,,,,,,,,,,,,,,,,,,
,,,,,,,,,,,,,,,,,,,,
,,,,,,,,,,,,,,,,,,,,
,,,,,,,,,,,,,,,,,,,,
152.0,食品,休闲零食,海味零食,蟹类,C,"定义
以各类食用海蟹为主要原料，搭配食用盐、白砂糖、香辛料、食用油等辅料，经清洗、去壳、去杂、拆肉、腌制、烘烤、油炸、风干、调味、包装制成的即食海味零食，外观多为蟹肉块、蟹肉条、整蟹状，色泽鲜亮，口感紧实鲜甜、鲜香浓郁，带有独特海味；产品多为独立袋装、散装、盒装，属于休闲零食、下酒小菜、追剧小吃，常见于商超零食区、特产店、海鲜干货店售卖。
1. 原料与基底
包括：海蟹、梭子蟹、花蟹、面包蟹、蟹肉、蟹腿肉等食用蟹类制品，食用盐、白砂糖、味精、香辛料、食用油、酱油、料酒，可添加辣椒、芝麻、蒜蓉、食用添加剂等配料
不包括：新鲜生鲜蟹类、冷冻水产、活蟹，鱼类、虾类、贝类、鱿墨类、海苔类等非蟹类海产，糕点、糖果、膨化食品类制品
2. 形态与质地
包括：即食固态零食，蟹肉块、蟹肉条、蟹腿肉、整小蟹状，肉质紧实、鲜甜有嚼劲，干湿适中，整体成型完好，无过多汁水，口感鲜香适口
不包括：液态海鲜汤、羹类、半固体酱料，生食鲜货、未加工生鲜，软烂糜状肉制品，酥脆易碎的膨化零食
3. 常见类型
包括：香辣小螃蟹、即食蟹肉条、手撕蟹肉、麻辣蟹块、原味蟹肉、烧烤味蟹肉、风干蟹肉、即食蟹腿肉
不包括：蛋糕、面包、慕斯、布丁、龟苓膏、凉粉、饼干、酥点、汤圆、粽子、月饼、沙琪玛、肉松饼、麻花、桃酥、绿豆糕、凤梨酥、老婆饼、蛋黄酥、桂花糕、青团、年糕、龙须酥类食品
4. 风味
包括：鲜味、咸味、甜味、香辣味、麻辣味、烧烤味、五香味、蒜香味、炭烤味、海味鲜香
不包括：纯苦味、刺鼻腥膻味、腐酸味、油腻酱臭味、浓烈异味、浓甜齁味","1. 以海蟹肉为主要原料，经清洗、去壳、去杂、腌制、烘烤、风干、调味制成的即食海味零食
2. 香辣小蟹、手撕蟹肉、蟹肉条、蟹腿肉、蟹肉块等传统及新式蟹类零食
3. 散装蟹类零食、独立袋装蟹类零食、盒装蟹类零食、礼盒装蟹类零食
4. 原味蟹肉、香辣蟹肉、炭烤蟹肉、弹牙款蟹肉、低脂蟹肉、花式蟹类零食","1. 鲜活蟹类、冷冻生鲜蟹、冰鲜蟹（未加工的生鲜水产，非即食零食）
2. 蟹肉罐头、螃蟹酱、蟹肉羹、蟹肉糜（非干制即食休闲零食）
3. 蟹肉丸子、蟹排、深加工蟹类糕团（非即食海味蟹类零食）
4. 药用蟹类制品、保健蟹类制品、食疗蟹类制品（非普通食用蟹类零食）
5. 蟹类造型玩具、仿真摆件、工艺品（非食用蟹类制品）",三只松鼠,,,原味,真空袋装,,,,,,,
,,,,,,,,,良品铺子,,,蟹黄味,罐装,,,,,,,
,,,,,,,,,百草味,,,香辣味,盒装,,,,,,,
,,,,,,,,,来伊份,,,咸蛋黄味,,,,,,,,
,,,,,,,,,自然派,,,蒜香味,,,,,,,,
,,,,,,,,,,,,烧烤味,,,,,,,,
,,,,,,,,,,,,麻辣味,,,,,,,,
,,,,,,,,,,,,五香味,,,,,,,,
,,,,,,,,,,,,黑椒味,,,,,,,,
,,,,,,,,,,,,奶油味,,,,,,,,
,,,,,,,,,,,,其他,,,,,,,,
,,,,,,,,,,,,,,,,,,,,
,,,,,,,,,,,,,,,,,,,,
,,,,,,,,,,,,,,,,,,,,
,,,,,,,,,,,,,,,,,,,,
,,,,,,,,,,,,,,,,,,,,
,,,,,,,,,,,,,,,,,,,,
,,,,,,,,,,,,,,,,,,,,
,,,,,,,,,,,,,,,,,,,,
,,,,,,,,,,,,,,,,,,,,
,,,,,,,,,,,,,,,,,,,,
,,,,,,,,,,,,,,,,,,,,
153.0,食品,休闲零食,海味零食,海藻类,C,"定义
以各类食用海藻为主要原料，搭配食用盐、白砂糖、香辛料、食用油等辅料，经清洗、去杂、焯水、腌制、烘烤、油炸、风干、调味、包装制成的即食海味零食，外观多为条状、片状、丝状、块状，色泽鲜亮，口感脆嫩爽口、鲜香浓郁，带有独特海藻清香；产品多为独立袋装、散装、盒装，属于休闲零食、下酒小菜、追剧小吃，常见于商超零食区、特产店、海鲜干货店售卖。
1. 原料与基底
包括：海带、裙带菜、海白菜、鹿角菜、石花菜等食用海藻，食用盐、白砂糖、味精、香辛料、食用油、酱油、料酒，可添加辣椒、芝麻、蒜蓉、食用添加剂等配料
不包括：新鲜生鲜海藻、冷冻水产、鲜海藻，鱼类、虾类、蟹类、贝类、鱿墨类、海苔类等非藻类海产，糕点、糖果、膨化食品类制品
2. 形态与质地
包括：即食固态零食，丝状、条状、片状、块状、丁状，质地脆嫩、劲道爽口，干湿适中，整体成型完好，无过多汁水，口感鲜香适口
不包括：液态海藻汤、羹类、半固体酱料，生食鲜货、未加工生鲜，软烂糜状海藻制品，酥脆易碎的膨化零食
3. 常见类型
包括：香辣海带丝、即食裙带菜、蒜香海白菜、凉拌鹿角菜、风干海带结、原味海藻、烧烤味海藻零食
不包括：蛋糕、面包、慕斯、布丁、龟苓膏、凉粉、饼干、酥点、汤圆、粽子、月饼、沙琪玛、肉松饼、麻花、桃酥、绿豆糕、凤梨酥、老婆饼、蛋黄酥、桂花糕、青团、年糕、龙须酥类食品
4. 风味
包括：鲜味、咸味、甜味、香辣味、麻辣味、烧烤味、五香味、蒜香味、炭烤味、海藻清香
不包括：纯苦味、刺鼻腥膻味、腐酸味、油腻酱臭味、浓烈异味、浓甜齁味","1. 以食用海藻为主要原料，经清洗、去杂、焯水、腌制、烘烤、风干、调味制成的即食海味零食
2. 海带丝、裙带菜、海白菜、鹿角菜、海带结等传统及新式海藻类零食
3. 散装海藻类零食、独立袋装海藻类零食、盒装海藻类零食、礼盒装海藻类零食
4. 原味海藻、香辣海藻、炭烤海藻、脆爽款海藻、低脂海藻、花式海藻零食","1. 鲜活海藻、冷冻生鲜海藻、冰鲜海藻（未加工的生鲜水产，非即食零食）
2. 海藻罐头、海藻酱、海藻羹、海藻糜（非干制即食休闲零食）
3. 海藻丸子、海藻排、深加工海藻类糕团（非即食海味藻类零食）
4. 药用藻类制品、保健海藻制品、食疗海藻制品（非普通食用海藻类零食）
5. 藻类造型玩具、仿真摆件、工艺品（非食用海藻类制品）",三只松鼠,,,原味,小袋装,,,,,,,
,,,,,,,,,良品铺子,,,香辣味,罐装,,,,,,,
,,,,,,,,,百草味,,,酸辣味,盒装,,,,,,,
,,,,,,,,,来伊份,,,芝麻味,其他,,,,,,,
,,,,,,,,,自然派,,,芥末味,,,,,,,,
,,,,,,,,,,,,蒜香味,,,,,,,,
,,,,,,,,,,,,烧烤味,,,,,,,,
,,,,,,,,,,,,海盐味,,,,,,,,
,,,,,,,,,,,,酱油味,,,,,,,,
,,,,,,,,,,,,甜辣味,,,,,,,,
,,,,,,,,,,,,其他,,,,,,,,
,,,,,,,,,,,,,,,,,,,,
,,,,,,,,,,,,,,,,,,,,
,,,,,,,,,,,,,,,,,,,,
,,,,,,,,,,,,,,,,,,,,
,,,,,,,,,,,,,,,,,,,,
,,,,,,,,,,,,,,,,,,,,
,,,,,,,,,,,,,,,,,,,,
,,,,,,,,,,,,,,,,,,,,
,,,,,,,,,,,,,,,,,,,,
,,,,,,,,,,,,,,,,,,,,
,,,,,,,,,,,,,,,,,,,,
154.0,食品,休闲零食,海味零食,混合海味类,C,"定义
以两类及两类以上海水水产为主要原料，搭配食用盐、白砂糖、香辛料、食用油等辅料，经清洗、去杂、腌制、烘烤、油炸、风干、调味、包装制成的即食海味零食，外观多为条状、丝状、片状、块状、颗粒状，色泽鲜亮，口感丰富有层次、鲜香浓郁，带有独特海味；产品多为独立袋装、散装、盒装，属于休闲零食、下酒小菜、追剧小吃，常见于商超零食区、特产店、海鲜干货店售卖。
1. 原料与基底
包括：海水鱼、虾类、贝类、鱿鱼、章鱼、墨鱼、海藻等多种水产组合，食用盐、白砂糖、味精、香辛料、食用油、酱油、料酒，可添加辣椒、芝麻、蒜蓉、食用添加剂等配料
不包括：新鲜生鲜水产、冷冻活鲜、单一品类海产，糕点、糖果、膨化食品类制品
2. 形态与质地
包括：即食固态零食，丝状、条状、片状、块状、颗粒状、混合碎状，肉质紧实、脆嫩劲道，干湿适中，整体成型完好，无过多汁水，口感鲜香适口
不包括：液态海鲜汤、羹类、半固体酱料，生食鲜货、未加工生鲜，软烂糜状肉制品，酥脆易碎的膨化零食
3. 常见类型
包括：鱼虾混合零食、鱿墨贝类混合零食、海鲜什锦、荤素海鲜混合、多味海鲜组合、混合鱼干、混合虾贝零食、即食海鲜大礼包
不包括：蛋糕、面包、慕斯、布丁、龟苓膏、凉粉、饼干、酥点、汤圆、粽子、月饼、沙琪玛、肉松饼、麻花、桃酥、绿豆糕、凤梨酥、老婆饼、蛋黄酥、桂花糕、青团、年糕、龙须酥类食品
4. 风味
包括：鲜味、咸味、甜味、香辣味、麻辣味、烧烤味、五香味、蒜香味、炭烤味、海味鲜香
不包括：纯苦味、刺鼻腥膻味、腐酸味、油腻酱臭味、浓烈异味、浓甜齁味","1.多原料混合款：以两类及以上海水水产（鱼类、虾类、贝类、鱿墨类等）为原料，经清洗、去杂、腌制、烘烤、风干、调味制成的混合海味零食

2.常见组合形式：鱼虾混合零食、鱿墨贝类混合零食、海鲜什锦、多味海鲜组合、混合鱼干虾贝等

3.包装规格：散装混合海味零食、独立袋装混合海味零食、盒装混合海味零食、礼盒装混合海味零食

4.风味系列：原味海鲜什锦、香辣混合海味、炭烤海鲜组合、丰富款混合海味、低脂混合海味、花式混合海味零食","1. 鲜活海鲜、冷冻生鲜海鲜、冰鲜水产（未加工的生鲜食材，非即食混合海味零食）
2. 海鲜罐头、海鲜酱、海鲜羹、海鲜糜、水产浓汤制品（非干制即食休闲混合海味）
3. 海鲜丸子、海鲜排、鱼糜制品、深加工水产类糕团（非即食混合海味零食）
4. 药用水产制品、保健海鲜制品、食疗水产制品（非普通食用混合海味零食）
5. 海鲜造型玩具、仿真水产摆件、工艺饰品（非食用混合海味类制品）",三只松鼠,,,原味,袋装,,,,,,,
,,,,,,,,,良品铺子,,,香辣味,罐装,,,,,,,
,,,,,,,,,百草味,,,烧烤味,其他,,,,,,,
,,,,,,,,,来伊份,,,海苔味,,,,,,,,
,,,,,,,,,自然派,,,蒜香味,,,,,,,,
,,,,,,,,,,,,孜然味,,,,,,,,
,,,,,,,,,,,,麻辣味,,,,,,,,
,,,,,,,,,,,,五香味,,,,,,,,
,,,,,,,,,,,,泡椒味,,,,,,,,
,,,,,,,,,,,,芥末味,,,,,,,,
,,,,,,,,,,,,黑胡椒味,,,,,,,,
,,,,,,,,,,,,甜辣味,,,,,,,,
,,,,,,,,,,,,柠檬味,,,,,,,,
,,,,,,,,,,,,其他,,,,,,,,
,,,,,,,,,,,,,,,,,,,,
,,,,,,,,,,,,,,,,,,,,
,,,,,,,,,,,,,,,,,,,,
,,,,,,,,,,,,,,,,,,,,
,,,,,,,,,,,,,,,,,,,,
,,,,,,,,,,,,,,,,,,,,
,,,,,,,,,,,,,,,,,,,,
,,,,,,,,,,,,,,,,,,,,
155.0,食品,休闲零食,海味零食,其他海味零食,,"定义
除去鱼类、虾类、海苔类、鱿鱼/章鱼/墨鱼类、贝类、蟹类、海藻类、混合海味类等品类，以海参、海蜇、海胆、海马等非常规海味原料，或采用非典型工艺（如冻干、发酵、糖渍）制成的即食零食。常见形态包括冻干海胆粒、即食海蜇头、蜜渍海参片及海马脆，多为小袋或礼盒装，常温或冷藏保存，可直接食用。因原料稀缺或工艺特殊，属于海味零食中的小众高端补充类别。

核心定义
以海洋动物、海洋生物组织为主要原料，经烘烤、油炸、卤制、腌制、干燥等工艺制成的即食休闲零食，且不属于上述列明的常见海味品类，统一归入其他海味零食。
以海洋动物、海洋生物组织为主要原料，经烘烤、油炸、卤制、腌制、干燥等工艺制成的即食休闲零食，且不属于上述列明的常见海味品类，统一归入其他海味零食。

快速区分要点
原料是海洋生物，且不在常见鱼虾蟹贝藻乌贼列表内
属于即食休闲零食，不是干货、不是罐头、不是调料
不是混合海味，也不是仿海鲜素食","1. 海参零食（即食海参、海参脆、海参酥、海参片）
2. 海参与海肠制品（即食海肠、海肠干、调味海肠）
3. 海蜇零食（即食海蜇丝、海蜇头、海蜇皮脆片）
4. 海马、海龙制品（调味干制、休闲装，非药用）
5. 海龟肉、海龟蛋制品（合规养殖类）
6. 鲸豚、海豹等合规海洋哺乳动物休闲制品（仅限合法进口 / 养殖）
7. 其他未列明海洋生物零食（文昌鱼、小银鱼以外的珍稀或小众海洋生物零食）","1. 不包括：鱼类、虾类、蟹类、贝类、鱿鱼 / 章鱼 / 墨鱼
2. 不包括：海苔、海带、裙带菜等所有海藻类
3. 不包括：含两种及以上海味的混合海味零食
4. 不包括：海鲜罐头、海鲜干货（非即食）
5. 不包括：海鲜调味料、海鲜火锅丸、速冻海鲜
6. 不包括：陆生肉类零食、禽肉制品、素食仿海鲜
7. 不包括：药用滋补品（干海参、干海马等非即食用途）",三只松鼠,,,原味,小袋装,,,,,,,
,,,,,,,,,良品铺子,,,香辣味,罐装,,,,,,,
,,,,,,,,,百草味,,,麻辣味,真空包装,,,,,,,
,,,,,,,,,来伊份,,,蒜香味,其他,,,,,,,
,,,,,,,,,自然派,,,酸甜味,,,,,,,,
,,,,,,,,,,,,烧烤味,,,,,,,,
,,,,,,,,,,,,五香味,,,,,,,,
,,,,,,,,,,,,其他,,,,,,,,
,,,,,,,,,,,,,,,,,,,,
,,,,,,,,,,,,,,,,,,,,
,,,,,,,,,,,,,,,,,,,,
,,,,,,,,,,,,,,,,,,,,
,,,,,,,,,,,,,,,,,,,,
,,,,,,,,,,,,,,,,,,,,
,,,,,,,,,,,,,,,,,,,,
,,,,,,,,,,,,,,,,,,,,
,,,,,,,,,,,,,,,,,,,,
,,,,,,,,,,,,,,,,,,,,
,,,,,,,,,,,,,,,,,,,,
,,,,,,,,,,,,,,,,,,,,
,,,,,,,,,,,,,,,,,,,,
,,,,,,,,,,,,,,,,,,,,
156.0,食品,休闲零食,即食蔬菜零食,即食蔬菜零食,A,"定义
以新鲜蔬菜为主要原料，经脱水、脆化工艺加工制成，开袋即食、无需再烹饪，作为休闲、非正餐食用的蔬菜类零食国家标准化管理委员会。核心是：蔬菜为主 + 即食 + 零食属性。

核心定义
以新鲜蔬菜为主要原料，经清洗、切分、消毒、脱水加工，无需进一步加热 / 杀菌即可直接食用，兼具休闲属性与蔬菜营养的预包装食品。核心判定三要素：①原料为蔬菜；②加工后可直接入口；③定位为休闲零食（非正餐 / 主食）。","1. 脱水 / 干制类：秋葵脆、香菇脆、胡萝卜脆、西兰花脆、混合蔬菜脆片（多采用 VF 真空低温脱水或 FD 冻干工艺）
2. 油炸 / 焙烤类：非油炸蔬菜片、油炸蔬菜脆（如土豆脆、山药片）、调味烘焙蔬菜干
3. 菌菇类：即食香菇、金针菇、杏鲍菇等蔬菜类食用菌零食","1. 需烹饪 / 加热的蔬菜制品：速冻蔬菜、净菜、干菜包（需泡发 / 煮熟）、预制菜（需加热）。
2. 主食 / 代餐为主：蔬菜面条、蔬菜饼干、蔬菜面包、蔬菜粥、蔬菜薯片（马铃薯属主食类）。
3. 非蔬菜主体：含少量蔬菜粉的糖果、巧克力、果冻（蔬菜非主料）国家标准化管理委员会。
4. 菜肴 / 配菜：罐头蔬菜（如青豆、玉米）、瓶装酱菜（佐餐非零食）。
5. 生鲜蔬菜：未经加工的新鲜蔬菜、简单清洗切分的净菜。
其他：豆类零食（豌豆、蚕豆归豆类）、菌菇干货（未加工成即食零食）。
6. 酱腌菜",良品铺子,蔬菜脆,,原味,自立袋,,,,,,,
,,,,,,,,,百草味,鲜切/冷藏即食蔬菜,,海盐味,罐装,,,,,,,
,,,,,,,,,三只松鼠,,,烧烤味,独立小包装,,,,,,,
,,,,,,,,,味滋源,,,黑松露味,普通袋,,,,,,,
,,,,,,,,,沙巴哇,,,番茄味,塑料保鲜盒,,,,,,,
,,,,,,,,,东方果园,,,芝士味,气调袋,,,,,,,
,,,,,,,,,一号农场,,,其他,吸塑盒,,,,,,,
,,,,,,,,,HRYOUP,,,,,,,,,,,
,,,,,,,,,,,,,,,,,,,,
,,,,,,,,,,,,,,,,,,,,
,,,,,,,,,,,,,,,,,,,,
,,,,,,,,,,,,,,,,,,,,
,,,,,,,,,,,,,,,,,,,,
,,,,,,,,,,,,,,,,,,,,
,,,,,,,,,,,,,,,,,,,,
,,,,,,,,,,,,,,,,,,,,
,,,,,,,,,,,,,,,,,,,,
,,,,,,,,,,,,,,,,,,,,
,,,,,,,,,,,,,,,,,,,,
,,,,,,,,,,,,,,,,,,,,
,,,,,,,,,,,,,,,,,,,,
,,,,,,,,,,,,,,,,,,,,
157.0,食品,休闲零食,卤蛋,卤蛋,C,"定义：以鲜鸡蛋（可延伸至鸭蛋、鹌鹑蛋等禽蛋）为核心原料，经清洗、蒸煮、去壳后，采用直接卤制或油炸定型后卤制工艺，浸入由香辛料、酱油、盐、糖等调制的卤汁中卤煮入味，再经灭菌、包装制成的开袋即食休闲零食。产品涵盖传统卤蛋的紧实弹牙与虎皮卤蛋的褶皱吸汁特质。
核心定义：以禽蛋为唯一主料，经蒸煮去壳 + 卤制（含油炸预处理的虎皮款）+ 灭菌工艺制成的即食休闲食品，定位为解馋小食，非烹饪食材或佐餐配菜。

快速核查要点
原料：主料为鲜禽蛋（鸡蛋、鸭蛋、鹌鹑蛋等），无肉类、蔬菜等其他主料掺杂。
形态：传统卤蛋为光滑完整蛋体；虎皮卤蛋为表面布满褶皱的蛋体；也包含切半 / 切块、带壳卤蛋形态，卤汁均匀附着。
工艺：核心工艺为蒸煮定型 + 卤汁入味 + 密封灭菌。
食用方式：开袋即食，无需加热、调味等二次加工。
属性：独立小包装为主，定位休闲零食，非散装佐餐卤味。","1、传统卤蛋：蒸煮去壳后直接卤制，蛋白光滑紧实，如五香卤蛋、茶叶卤蛋、溏心卤蛋、泡椒卤蛋。
2、虎皮卤蛋：蒸煮去壳→油炸使蛋白起皱→卤制入味，褶皱吸附卤汁，口感筋道、风味更浓郁，分香辣、卤香等口味。
3、鹌鹑蛋卤蛋：小巧玲珑，含传统款和虎皮款，多为独立小包多颗装，便携性强。
4、鸭蛋卤蛋：蛋体偏大、蛋黄绵密，适合重口味卤制，风味醇厚。
5、带壳卤蛋：带壳蒸煮后直接卤制，剥壳食用，卤香更内敛持久。","1、生鲜禽蛋：未经过蒸煮、卤制的新鲜鸡蛋、鸭蛋，需烹饪后方可食用。
2、蛋制品深加工零食：卤蛋干、卤蛋卷、蛋肠等，以蛋为原料的再制产品。
3、咸蛋 / 皮蛋：经腌制、变蛋工艺制成，属于腌渍蛋制品，非卤制零食。",乡巴佬,,,五香味,真空袋装,,,,,,,
,,,,,,,,,三只松鼠,,,咸鲜味,,,,,,,,
,,,,,,,,,良品铺子,,,酱香味,,,,,,,,
,,,,,,,,,百草味,,,茶香味,,,,,,,,
,,,,,,,,,来伊份,,,麻辣味,,,,,,,,
,,,,,,,,,,,,香辣味,,,,,,,,
,,,,,,,,,,,,泡椒味,,,,,,,,
,,,,,,,,,,,,蜜汁味,,,,,,,,
,,,,,,,,,,,,蒜香味,,,,,,,,
,,,,,,,,,,,,原味,,,,,,,,
,,,,,,,,,,,,其他,,,,,,,,
,,,,,,,,,,,,,,,,,,,,
,,,,,,,,,,,,,,,,,,,,
,,,,,,,,,,,,,,,,,,,,
,,,,,,,,,,,,,,,,,,,,
,,,,,,,,,,,,,,,,,,,,
,,,,,,,,,,,,,,,,,,,,
,,,,,,,,,,,,,,,,,,,,
,,,,,,,,,,,,,,,,,,,,
,,,,,,,,,,,,,,,,,,,,
,,,,,,,,,,,,,,,,,,,,
,,,,,,,,,,,,,,,,,,,,
158.0,食品,休闲零食,槟榔,槟榔,S,"定义：一种以槟榔果（Areca catechu L.）为主要原料，经水煮、烟熏或烘干等初加工后，再配以石灰、饴糖及香料等辅料进行腌制或涂布制成的咀嚼嗜好品。成品多呈棕褐色块状、片状或颗粒状，通过咀嚼释放槟榔碱等生物碱产生刺激性作用，常见于独立小袋包装，供消费者用于提神醒脑等感官体验。

快速核对要点

1. 原料与形态
包括：槟榔原果、干果、切条 / 切片 / 切粒槟榔
不包括：烟草、口香糖、坚果、糖果、其他零食
2. 加工方式
包括：熏制、腌制、调味、烘干等槟榔加工品
不包括：未加工的普通农产品（非食用型除外）、非咀嚼类制品
3. 用途与属性
包括：食用 / 咀嚼型槟榔制品
不包括：药用槟榔（非食用）、槟榔提取物（非直接食用）
4. 包装与形式
包括：独立小包装、袋装、盒装槟榔
定义：不包括：散装无包装、非食品类槟榔制品","1. 原果槟榔（生果、干果）
2. 加工槟榔：原味、青果、烟果、调味槟榔
3. 包装槟榔：独立小包装、盒装、袋装槟榔
4. 槟榔干、槟榔叶、槟榔相关咀嚼制品","1. 口香糖、薄荷糖、糖果
2. 坚果、瓜子、花生等其他零食
3. 烟草、电子烟（非槟榔）
4. 药品用槟榔（非食用咀嚼型）",口味王,青果槟榔,,原味,塑料袋装,,,,,,,
,,,,,,,,,胖哥,烟果槟榔,,薄荷味,罐装,,,,,,,
,,,,,,,,,湘潭铺子,调味槟榔,,咖啡味,条装（多小袋串联）,,,,,,,
,,,,,,,,,伍子,,,水果味,袋装,,,,,,,
,,,,,,,,,皇爷,,,枸杞味,礼盒装,,,,,,,
,,,,,,,,,,,,甜味,组合装,,,,,,,
,,,,,,,,,,,,香精味,,,,,,,,
,,,,,,,,,,,,烟熏味,,,,,,,,
,,,,,,,,,,,,酱香味,,,,,,,,
,,,,,,,,,,,,其他,,,,,,,,
,,,,,,,,,,,,,,,,,,,,
,,,,,,,,,,,,,,,,,,,,
,,,,,,,,,,,,,,,,,,,,
,,,,,,,,,,,,,,,,,,,,
,,,,,,,,,,,,,,,,,,,,
,,,,,,,,,,,,,,,,,,,,
,,,,,,,,,,,,,,,,,,,,
,,,,,,,,,,,,,,,,,,,,
,,,,,,,,,,,,,,,,,,,,
,,,,,,,,,,,,,,,,,,,,
,,,,,,,,,,,,,,,,,,,,
,,,,,,,,,,,,,,,,,,,,
159.0,食品,休闲零食,休闲零食组合装/大礼包,休闲零食组合装/大礼包,,"定义
以两种及以上预包装休闲零食为内容物，经统一组合、封装后整体销售的食品组合产品，多用于量贩消费、礼品馈赠或家庭分享，区别于单一零食单品及散装零食。

核心区分要点
1. 此组合装属于三级类目中跨品类的组合装，要区分于同品类中的组合装。
2. 比如：海味零食 + 膨化食品属于此组合装；海味零食中的不同规格组合属于本品类中的组合装。","多品类混合零食组合
多口味同款零食组合
量贩装零食组合
节日定制零食礼包
礼盒装零食组合
独立小包组合装","单一品种零食包装
散装称重零食
零食与日用百货跨品类组合
餐饮现制现售套餐
无包装简易拼装零食",三只松鼠,混合品类组合,,咸味,礼盒装,,,,,,,
,,,,,,,,,良品铺子,单品类多口味组合,,甜味,袋装组合,,,,,,,
,,,,,,,,,百草味,日常量贩型,,香辣味,箱装组合,,,,,,,
,,,,,,,,,来伊份,礼品礼盒型,,五香味,手提礼包,,,,,,,
,,,,,,,,,旺旺,便携分享型,,奶香味,罐装组合,,,,,,,
,,,,,,,,,徐福记,膨化糖果坚果混合型,,果味,塑封量贩装,,,,,,,
,,,,,,,,,洽洽,卤味组合型,,烧烤味,,,,,,,,
,,,,,,,,,可比克,饼干糕点组合型,,混合口味,,,,,,,,
,,,,,,,,,乐事,迷你组合装,,,,,,,,,,
,,,,,,,,,盐津铺子,家庭大礼包,,,,,,,,,,
,,,,,,,,,,量贩箱装,,,,,,,,,,
,,,,,,,,,,,,,,,,,,,,
,,,,,,,,,,,,,,,,,,,,
,,,,,,,,,,,,,,,,,,,,
,,,,,,,,,,,,,,,,,,,,
,,,,,,,,,,,,,,,,,,,,
,,,,,,,,,,,,,,,,,,,,
,,,,,,,,,,,,,,,,,,,,
,,,,,,,,,,,,,,,,,,,,
,,,,,,,,,,,,,,,,,,,,
,,,,,,,,,,,,,,,,,,,,
,,,,,,,,,,,,,,,,,,,,
160.0,食品,食用油,纯植物油,大豆油,A,"定义：以大豆为原料经压榨或浸出、精炼而成的植物油，烟点约230 ℃，色泽呈淡黄色至浅琥珀色，具有典型的大豆风味，富含多不饱和脂肪酸（以亚油酸为主）。产品通常经过精炼处理，常见于大容量桶装或瓶装，是市场上消费量最大的植物油品类之一。

快速核对要点
1. 原料
包括：以大豆为主要原料
不包括：花生、菜籽、玉米、葵花、橄榄等其他油料
2. 工艺与等级
包括：压榨、浸出；一级、二级、三级、四级大豆油
不包括：非食用精炼工艺、工业用大豆油
3. 产品类型
包括：纯大豆油、以大豆油为主的调和油
不包括：动物油、黄油、人造奶油、起酥油
4. 用途
包括：食用烹饪油、煎炸油
不包括：燃料油、工业润滑油、非食用油","1. 以大豆为原料，经压榨、浸出等工艺制成的食用植物油
2. 一级、二级、三级、四级大豆油
3. 精炼大豆油、非精炼大豆油（毛油一般不直接食用）
4. 调和油中以大豆油为主要成分的产品","1. 花生油、菜籽油、玉米油、葵花籽油、橄榄油等其他植物油
2. 猪油、牛油、羊油等动物油脂
3. 黄油、酥油、氢化植物油、起酥油、人造奶油
4. 工业用大豆油、燃料用生物柴油",金龙鱼,一级大豆油,,原味,桶装,,,,,,,
,,,,,,,,,福临门,二级大豆油,,清香,瓶装,,,,,,,
,,,,,,,,,鲁花,三级大豆油,,浓郁,铁罐,,,,,,,
,,,,,,,,,多力,四级大豆油,,纯香,礼盒装,,,,,,,
,,,,,,,,,长寿花,,,浓香,组合装,,,,,,,
,,,,,,,,,,,,其他,,,,,,,,
,,,,,,,,,,,,,,,,,,,,
,,,,,,,,,,,,,,,,,,,,
,,,,,,,,,,,,,,,,,,,,
,,,,,,,,,,,,,,,,,,,,
,,,,,,,,,,,,,,,,,,,,
,,,,,,,,,,,,,,,,,,,,
,,,,,,,,,,,,,,,,,,,,
,,,,,,,,,,,,,,,,,,,,
,,,,,,,,,,,,,,,,,,,,
,,,,,,,,,,,,,,,,,,,,
,,,,,,,,,,,,,,,,,,,,
,,,,,,,,,,,,,,,,,,,,
,,,,,,,,,,,,,,,,,,,,
,,,,,,,,,,,,,,,,,,,,
,,,,,,,,,,,,,,,,,,,,
,,,,,,,,,,,,,,,,,,,,
161.0,食品,食用油,纯植物油,菜籽油,A,"定义：由油菜籽压榨或浸出制得的烹饪用油，色泽清亮，气味清淡，烟点约220 ℃，适合多种烹饪方式。现代商品化菜籽油多为低芥酸品种，常见于塑料桶或玻璃瓶包装，是日常烹饪的基础油脂选择。

快速核对要点
原料：仅以油菜籽为原料，不含花生、大豆、玉米等其他油料，也不含动物油脂。
工艺：压榨、浸出、精炼等食用油加工工艺，非工业提炼或燃料用加工。
等级：符合食用植物油等级标准（一级、二级、三级、四级），非工业用毛油。
用途：专用于食用烹饪、煎炸、调味，非工业、燃料或非食品用途。
成分：纯菜籽油或以菜籽油为主的调和油，不含其他非食用油成分。","1. 以油菜籽为原料压榨、浸出制成的食用植物油
2. 一级、二级、三级、四级菜籽油
3. 纯菜籽油、浓香菜籽油、低芥酸菜籽油
4. 以菜籽油为主要成分的调和油","1. 大豆油、花生油、玉米油、葵花籽油、橄榄油等其他植物油
2. 猪油、牛油、羊油等动物油脂
3. 黄油、酥油、氢化植物油、起酥油、人造奶油
4. 工业用菜籽油、燃料用生物柴油",金龙鱼,一级菜籽油,,浓香型,桶装,,,,,,,
,,,,,,,,,福临门,二级菜籽油,,清淡型,瓶装,,,,,,,
,,,,,,,,,鲁花,三级菜籽油,,低芥酸,铁罐,,,,,,,
,,,,,,,,,多力,四级菜籽油,,其他,礼盒装,,,,,,,
,,,,,,,,,长寿花,,,,组合装,,,,,,,
,,,,,,,,,,,,,,,,,,,,
,,,,,,,,,,,,,,,,,,,,
,,,,,,,,,,,,,,,,,,,,
,,,,,,,,,,,,,,,,,,,,
,,,,,,,,,,,,,,,,,,,,
,,,,,,,,,,,,,,,,,,,,
,,,,,,,,,,,,,,,,,,,,
,,,,,,,,,,,,,,,,,,,,
,,,,,,,,,,,,,,,,,,,,
,,,,,,,,,,,,,,,,,,,,
,,,,,,,,,,,,,,,,,,,,
,,,,,,,,,,,,,,,,,,,,
,,,,,,,,,,,,,,,,,,,,
,,,,,,,,,,,,,,,,,,,,
,,,,,,,,,,,,,,,,,,,,
,,,,,,,,,,,,,,,,,,,,
,,,,,,,,,,,,,,,,,,,,
162.0,食品,食用油,纯植物油,花生油,A,"定义：以花生仁为原料制取的食用油，色泽淡黄透亮，具有浓郁的坚果香气，烟点约230 ℃，适合爆炒、煎炸及凉拌。产品形式包括压榨和浸出工艺生产的精炼油，通常采用瓶装或桶装销售，属于风味型中高端烹饪油。

快速核对要点
1. 原料
包括：花生（花生米）
不包括：大豆、菜籽、玉米、芝麻、橄榄等其他油料
2. 工艺
包括：压榨、浸出、精炼（食用级）
不包括：工业提炼、非食用加工
3. 产品类型
包括：纯花生油、以花生油为主的调和油
不包括：动物油、黄油、人造奶油、起酥油
4. 用途
包括：烹饪、煎炸、凉拌、烘焙
不包括：工业、燃料、非食品用途","1. 以花生为原料，通过压榨、浸出等工艺制取的食用植物油
2. 纯花生油、以花生油为主的调和油（花生油占比≥50%）
3. 用于烹饪、凉拌、煎炸、烘焙的花生油制品","1. 其他植物油（大豆油、菜籽油、玉米油、橄榄油等）
2. 动物油脂（猪油、牛油、羊油等）
3. 工业用花生油、非食用级花生油
4. 以花生油为原料加工的非食用油品（如部分化工原料用油）",金龙鱼,一级花生油,,原味,桶装,,,,,,,
,,,,,,,,,福临门,二级花生油,,浓香花生味,瓶装,,,,,,,
,,,,,,,,,鲁花,三级花生油,,轻度焙烤香,铁罐,,,,,,,
,,,,,,,,,多力,四级花生油,,特香,礼盒装,,,,,,,
,,,,,,,,,长寿花,,,纯香,组合装,,,,,,,
,,,,,,,,,,,,土榨风味,,,,,,,,
,,,,,,,,,,,,其他,,,,,,,,
,,,,,,,,,,,,,,,,,,,,
,,,,,,,,,,,,,,,,,,,,
,,,,,,,,,,,,,,,,,,,,
,,,,,,,,,,,,,,,,,,,,
,,,,,,,,,,,,,,,,,,,,
,,,,,,,,,,,,,,,,,,,,
,,,,,,,,,,,,,,,,,,,,
,,,,,,,,,,,,,,,,,,,,
,,,,,,,,,,,,,,,,,,,,
,,,,,,,,,,,,,,,,,,,,
,,,,,,,,,,,,,,,,,,,,
,,,,,,,,,,,,,,,,,,,,
,,,,,,,,,,,,,,,,,,,,
,,,,,,,,,,,,,,,,,,,,
,,,,,,,,,,,,,,,,,,,,
163.0,食品,食用油,纯植物油,玉米油,A,"定义：从玉米胚芽中提炼出来的食用油，色泽金黄清澈，味道清淡，烟点约230 ℃，富含维生素E和植物甾醇。因其烟点较高，特别适合用来做烧烤、烘焙等需要长时间加热的食物处理过程。市面上常见的玉米油包装类型包括小瓶装、中瓶装以及大桶装。

快速核对要点
原料：只包括玉米胚芽，不包括其他谷物、油料或动物油脂。
工艺：包括压榨、浸出、精炼等食用油加工工艺，不包括工业燃料、化工等非食用工艺。
等级：包括国标一级至四级玉米油，不包括非食用级、工业级玉米油。
用途：包括烹饪、煎炸、凉拌、烘焙等食用场景，不包括燃料、工业溶剂等非食用用途。
属性：包括纯玉米油和以玉米油为主要成分的调和油，不包括其他植物油、动物油或氢化油制品。","1. 以玉米胚芽为原料，经压榨、浸出工艺制成的食用植物油
2. 一级、二级、三级、四级玉米油（按国标精炼程度分级）
3. 纯玉米油、以玉米油为主要成分的食用调和油（标签标注玉米油占比）
4. 餐饮、家用烹饪用玉米油（炒菜、煎炸、凉拌、烘焙适用）","1. 其他植物油（大豆油、花生油、菜籽油、橄榄油等）、动物油脂（猪油、牛油等）
2. 人造奶油、起酥油、氢化油、黄油等非纯玉米油制品
3. 工业用玉米油、燃料用油、非食用级玉米油",金龙鱼,一级玉米油,,清香,桶装,,,,,,,
,,,,,,,,,福临门,二级玉米油,,浓香型,瓶装,,,,,,,
,,,,,,,,,鲁花,三级玉米油,,精炼型,铁罐,,,,,,,
,,,,,,,,,多力,,,其他,礼盒装,,,,,,,
,,,,,,,,,长寿花,,,,组合装,,,,,,,
,,,,,,,,,,,,,,,,,,,,
,,,,,,,,,,,,,,,,,,,,
,,,,,,,,,,,,,,,,,,,,
,,,,,,,,,,,,,,,,,,,,
,,,,,,,,,,,,,,,,,,,,
,,,,,,,,,,,,,,,,,,,,
,,,,,,,,,,,,,,,,,,,,
,,,,,,,,,,,,,,,,,,,,
,,,,,,,,,,,,,,,,,,,,
,,,,,,,,,,,,,,,,,,,,
,,,,,,,,,,,,,,,,,,,,
,,,,,,,,,,,,,,,,,,,,
,,,,,,,,,,,,,,,,,,,,
,,,,,,,,,,,,,,,,,,,,
,,,,,,,,,,,,,,,,,,,,
,,,,,,,,,,,,,,,,,,,,
,,,,,,,,,,,,,,,,,,,,
164.0,食品,食用油,纯植物油,葵花籽油,A,"定义：由葵花籽加工而成的轻质食用油，颜色浅黄，气味芬芳，烟点约225 ℃，适用于煎炒、凉拌和制作沙拉酱。其脂肪酸组成以亚油酸为主。商品通常为精炼油，包装形式多样，从家庭装大桶到小瓶装均有，属于普及型健康用油。

快速核对要点 
1. 原料与成分
包括：以葵花籽为原料制取的食用植物油；高油酸葵花籽油、纯葵花籽油、葵花籽调和油（标注葵花籽为主要原料）
不包括：花生油、菜籽油、大豆油、玉米油等其他植物油；动物油脂、工业用油、非食用油
2. 加工工艺
包括：压榨（物理压榨）、浸出（溶剂浸出后精炼）葵花籽油
不包括：非油脂加工品；工业矿物油、润滑油等非食用油脂
3. 等级与质量
包括：一级、二级、三级
不包括：不合格品（酸价、过氧化值超标）；未经精炼的毛油（直接食用）
4. 用途与场景
包括：烹饪、煎炸、凉拌、烘焙用葵花籽油
不包括：工业燃料、润滑油、化妆品用油等非食品用途
5. 包装与标识
包括：标注产品名称、原料、工艺、等级、执行标准、生产日期、保质期的产品
不包括：无标识、标识不全或虚假标注的产品","1. 按工艺
压榨葵花籽油（物理压榨）
浸出葵花籽油（溶剂浸出后精炼）
2. 按等级
一级葵花籽油、二级葵花籽油、三级葵花籽油（按国标精炼程度划分）
3. 按用途
烹饪用葵花籽油、煎炸用葵花籽油、凉拌用葵花籽油
4. 按成分
纯葵花籽油、高油酸葵花籽油、低芥酸葵花籽油等品类
以葵花籽油为主要原料的调和油（标签明确标注葵花籽油成分）","1. 其他植物油
花生油、大豆油、玉米油、橄榄油等单一植物油
2. 动物油脂
猪油、牛油、羊油等动物脂肪
3. 非食用油 / 工业用油
工业用矿物油、润滑油、燃料油等非食用油脂
4. 混合油（非葵花籽油为主）
以其他油脂为主要原料、仅少量添加葵花籽油的 调和油（未标注葵花籽油为主）
5. 非食用类油脂
化妆品用油脂、香料用油脂等非食品用途油脂",金龙鱼,一级葵花籽油,,原味,桶装,,,,,,,
,,,,,,,,,福临门,二级葵花籽油,,清香,瓶装,,,,,,,
,,,,,,,,,鲁花,三级葵花籽油,,其他,铁罐,,,,,,,
,,,,,,,,,多力,,,,礼盒装,,,,,,,
,,,,,,,,,长寿花,,,,组合装,,,,,,,
,,,,,,,,,,,,,,,,,,,,
,,,,,,,,,,,,,,,,,,,,
,,,,,,,,,,,,,,,,,,,,
,,,,,,,,,,,,,,,,,,,,
,,,,,,,,,,,,,,,,,,,,
,,,,,,,,,,,,,,,,,,,,
,,,,,,,,,,,,,,,,,,,,
,,,,,,,,,,,,,,,,,,,,
,,,,,,,,,,,,,,,,,,,,
,,,,,,,,,,,,,,,,,,,,
,,,,,,,,,,,,,,,,,,,,
,,,,,,,,,,,,,,,,,,,,
,,,,,,,,,,,,,,,,,,,,
,,,,,,,,,,,,,,,,,,,,
,,,,,,,,,,,,,,,,,,,,
,,,,,,,,,,,,,,,,,,,,
,,,,,,,,,,,,,,,,,,,,
165.0,食品,食用油,纯植物油,山茶油,B,"定义
以油茶籽为唯一原料，经清理、脱壳、粉碎、压榨（或浸出）、精炼等工艺制成的100% 纯植物性食用油，不含其他植物油或动物油脂成分。单不饱和脂肪酸（油酸）含量高，烟点约250 ℃，耐高温，可直接用于爆炒、煎炸或凉拌。产品多以压榨法制取，常见于玻璃瓶或礼盒包装，市场定位偏向养生和礼品。

核心定义：
以油茶籽为单一原料，通过物理压榨或化学浸出结合精炼工艺制取的纯植物油脂，区别于调和油、动物油及其他籽类植物油。
快速核查要点
原料：配料表仅标注 “油茶籽”。
工艺：可分为两种主流工艺，物理压榨法（直接压榨油茶籽制取油脂，保留更多原生营养成分，常标注 “压榨山茶油”）、浸出法（用食用级溶剂萃取油茶籽油脂，再经精炼提纯，产量更高）
成分：纯度 100%，不饱和脂肪酸含量通常在 80% 以上，其中油酸占比最高（约 70%-85%），无添加防腐剂、香精等成分。
属性：常温下呈淡黄色至金黄色澄清液体，属于木本植物油，区别于大豆油、菜籽油等草本植物油。","1、压榨山茶油
      ①冷压榨山茶油：低温压榨工艺，保留油茶籽更多活性成分，营养保留更完整，多为高端食用级；
      ②热压榨山茶油：高温压榨，出油率高于冷榨，风味更浓郁。
2、浸出山茶油：经浸出、精炼工艺制成，纯度达标，价格相对亲民，适合日常烹饪。","1、山茶调和油：添加大豆油、玉米油等其他油脂的调和油品，配料表含多种植物油成分。
2、油茶籽粕加工品：油茶籽压榨后的残渣制品，不属于食用油范畴。
3、动物油脂：猪油、牛油等以动物脂肪为原料的油脂。
4、粗制油茶籽油：未经过精炼工艺的毛油，杂质多、烟点低，不符合食用标准。",金龙鱼,,,原味清香,玻璃瓶,,,,,,,
,,,,,,,,,福临门,,,微苦回甘,桶装,,,,,,,
,,,,,,,,,鲁花,,,坚果香,其他,,,,,,,
,,,,,,,,,多力,,,其他,,,,,,,,
,,,,,,,,,长寿花,,,,,,,,,,,
,,,,,,,,,,,,,,,,,,,,
,,,,,,,,,,,,,,,,,,,,
,,,,,,,,,,,,,,,,,,,,
,,,,,,,,,,,,,,,,,,,,
,,,,,,,,,,,,,,,,,,,,
,,,,,,,,,,,,,,,,,,,,
,,,,,,,,,,,,,,,,,,,,
,,,,,,,,,,,,,,,,,,,,
,,,,,,,,,,,,,,,,,,,,
,,,,,,,,,,,,,,,,,,,,
,,,,,,,,,,,,,,,,,,,,
,,,,,,,,,,,,,,,,,,,,
,,,,,,,,,,,,,,,,,,,,
,,,,,,,,,,,,,,,,,,,,
,,,,,,,,,,,,,,,,,,,,
,,,,,,,,,,,,,,,,,,,,
,,,,,,,,,,,,,,,,,,,,
166.0,食品,食用油,纯植物油,橄榄油,B,"定义
通过压榨橄榄果实获得的油脂，按其加工等级可分为初榨橄榄油和精炼橄榄油，烟点190–210 ℃，适合低温烹饪、凉拌及调味。其风味从果香到清淡不等，色泽呈黄绿色，富含单不饱和脂肪酸。产品普遍采用深色玻璃瓶或金属罐包装，在国际和国内市场上均属于中高端食用油类别。

核心定义
以油橄榄鲜果为单一原料，通过物理冷压榨或精炼工艺制取的纯植物油脂，区别于调和油、动物油及其他籽类植物油，风味与营养属性由压榨工艺和橄榄果品质决定。

快速核查要点
原料：配料表仅标注 “油橄榄果”。
工艺：物理冷压榨（在 ≤27℃ 低温下直接压榨橄榄果，不使用化学溶剂，保留更多天然营养和风味）、精炼工艺（针对压榨后的次级油脂进行脱酸、脱色、脱臭处理，去除杂质，提升油品稳定性）
成分：纯度 100%，单不饱和脂肪酸（油酸）含量通常在 70% 以上，富含维生素 E、多酚等天然抗氧化物质，无人工添加防腐剂、香精。
属性：常温下呈黄绿色至深绿色澄清液体，具有独特的橄榄果香，按等级不同风味浓淡有差异。","1、特级初榨橄榄油：最高品质等级，采用物理冷压榨工艺，橄榄果酸度≤0.8%；
2、初榨橄榄油：同样为物理冷压榨工艺，橄榄果酸度≤2.0%；
3、精炼橄榄油：以次级初榨橄榄油为原料，经精炼工艺制成，酸度≤0.3%；
4、混合橄榄油：由精炼橄榄油与一定比例的初榨橄榄油混合而成；","1、橄榄调和油：添加大豆油、玉米油等其他油脂的调和油品，配料表含多种植物油成分。
2、橄榄果渣油：以橄榄压榨后的果渣为原料，经浸出工艺制成，不属于纯正橄榄油范畴。
3、动物油脂：猪油、牛油等以动物脂肪为原料的油脂。
4、其他纯植物油",金龙鱼,,,果香,深色玻璃瓶,,,,,,,
,,,,,,,,,福临门,,,清淡,桶装,,,,,,,
,,,,,,,,,鲁花,,,其他,塑料瓶,,,,,,,
,,,,,,,,,多力,,,,其他,,,,,,,
,,,,,,,,,长寿花,,,,,,,,,,,
,,,,,,,,,,,,,,,,,,,,
,,,,,,,,,,,,,,,,,,,,
,,,,,,,,,,,,,,,,,,,,
,,,,,,,,,,,,,,,,,,,,
,,,,,,,,,,,,,,,,,,,,
,,,,,,,,,,,,,,,,,,,,
,,,,,,,,,,,,,,,,,,,,
,,,,,,,,,,,,,,,,,,,,
,,,,,,,,,,,,,,,,,,,,
,,,,,,,,,,,,,,,,,,,,
,,,,,,,,,,,,,,,,,,,,
,,,,,,,,,,,,,,,,,,,,
,,,,,,,,,,,,,,,,,,,,
,,,,,,,,,,,,,,,,,,,,
,,,,,,,,,,,,,,,,,,,,
,,,,,,,,,,,,,,,,,,,,
,,,,,,,,,,,,,,,,,,,,
167.0,食品,食用油,纯植物油,亚麻籽油,B,"定义
由亚麻籽冷榨制得的特种食用油，色泽呈深黄色至棕褐色，具有明显的独特风味，富含α-亚麻酸（一种Omega-3脂肪酸），烟点约107 ℃，不宜高温烹调，多用于凉拌、低温烹调或直接口服。产品强调冷榨工艺和避光保存，多采用深色玻璃瓶或铝箔袋包装。

核心定义
以亚麻籽为单一原料，通过物理冷压榨或精炼工艺制取的纯植物油脂，区别于调和油、动物油及其他籽类植物油，核心价值在于高含量的 Omega-3 不饱和脂肪酸。

快速核查要点
原料：配料表仅标注 “亚麻籽”。
工艺：物理冷压榨（在 ≤40℃ 低温下压榨，不使用化学溶剂，最大程度保留 α- 亚麻酸等营养成分，是主流高品质工艺）、精炼工艺（针对冷榨后的次级油脂或热榨油脂进行脱酸、脱色、脱臭处理，去除杂质，提升油品稳定性，但会损失部分营养）
成分：纯度 100%，α- 亚麻酸含量通常在 50% 以上，富含维生素 E 等抗氧化物质，无人工添加防腐剂、香精。
属性：常温下呈淡黄色至浅棕色澄清液体","1、冷榨亚麻籽油：采用低温冷压榨工艺，营养成分保留完整，α- 亚麻酸含量高；
2、精炼亚麻籽油：以冷榨次级油或热榨油为原料，经精炼工艺制成；
3、脱蜡亚麻籽油
在冷榨或精炼基础上增加脱蜡工序，避免低温下油脂出现絮状沉淀，提升储存稳定性，品质更优","1、亚麻籽调和油：添加大豆油、玉米油、橄榄油等其他油脂的调和油品，配料表含多种植物油成分。
2、亚麻籽粕加工品：亚麻籽压榨后的残渣制品，不属于食用油范畴。
3、动物油脂：猪油、牛油等以动物脂肪为原料的油脂。",金龙鱼,,,原味,深色玻璃瓶装,,,,,,,
,,,,,,,,,福临门,,,坚果香,PET瓶装,,,,,,,
,,,,,,,,,鲁花,,,淡味,,,,,,,,
,,,,,,,,,多力,,,轻微苦涩,,,,,,,,
,,,,,,,,,长寿花,,,其他,,,,,,,,
,,,,,,,,,,,,,,,,,,,,
,,,,,,,,,,,,,,,,,,,,
,,,,,,,,,,,,,,,,,,,,
,,,,,,,,,,,,,,,,,,,,
,,,,,,,,,,,,,,,,,,,,
,,,,,,,,,,,,,,,,,,,,
,,,,,,,,,,,,,,,,,,,,
,,,,,,,,,,,,,,,,,,,,
,,,,,,,,,,,,,,,,,,,,
,,,,,,,,,,,,,,,,,,,,
,,,,,,,,,,,,,,,,,,,,
,,,,,,,,,,,,,,,,,,,,
,,,,,,,,,,,,,,,,,,,,
,,,,,,,,,,,,,,,,,,,,
,,,,,,,,,,,,,,,,,,,,
,,,,,,,,,,,,,,,,,,,,
,,,,,,,,,,,,,,,,,,,,
168.0,食品,食用油,纯植物油,棕榈油,B,"定义
从油棕果肉中提取的植物油，色泽呈橙红至淡黄色，精炼后气味清淡，烟点约235 ℃，热稳定性好，适合高温煎炸、烘焙及食品加工。产品主要通过分提工艺获得不同熔点的棕榈液油、棕榈硬脂等，常见于大容量金属桶或工业包装，是全球产量最大的植物油品类之一，广泛应用于餐饮业和加工食品行业。

核心定义
以棕榈果果肉为单一原料，通过物理压榨结合精炼工艺制取的纯植物油脂，区别于调和油、动物油及其他籽类植物油，突出耐高温、保质期长的特性。

快速核查要点
原料：配料表仅标注 “棕榈果”。
工艺：
①核心流程：棕榈果清洗→蒸煮软化→机械压榨取油→离心分离杂质→精炼（脱酸、脱色、脱臭、脱蜡）→成品。
②分级工艺：根据熔点不同，通过分提工艺可得到不同熔点的棕榈油产品（如 24℃、33℃、44℃熔点棕榈油）。
成分：纯度 100%，饱和脂肪酸含量约 45%-50%，富含维生素 E、类胡萝卜素等物质，无人工添加防腐剂、香精。
属性：常温下（25℃左右），低熔点款呈淡黄色澄清液体，高熔点款呈半固态或固态；具有耐氧化、烟点高的特点。","分提棕榈油（按熔点分级）
①低熔点棕榈油（24℃）：常温下为液态，烟点约 235℃，适合日常煎、炒、炸烹饪，口感清淡。
②中熔点棕榈油（33℃）：常温下呈半固态，可塑性强，常用于制作糕点、饼干的起酥油。
③高熔点棕榈油（44℃及以上）：常温下为固态，稳定性极佳，多用于食品工业油炸、烘焙，也可作为工业原料。

精炼棕榈油：经完整精炼工艺制成，杂质含量低、色泽浅，符合食用标准，是市场主流产品。","1、棕榈调和油：添加大豆油、玉米油、菜籽油等其他油脂的调和油品，配料表含多种植物油成分。
2、棕榈仁油：以棕榈果的果仁为原料制成的油脂，成分和特性与棕榈油差异较大，属于独立植物油品类。
3、动物油脂：猪油、牛油等以动物脂肪为原料的油脂。
4、工业级棕榈油：未达到食用标准，用于肥皂、生物柴油等工业生产的棕榈油制品。",金龙鱼,,,极淡,金属桶,,,,,,,
,,,,,,,,,福临门,,,棕榈果清香,IBC吨桶,,,,,,,
,,,,,,,,,鲁花,,,坚果香,塑料桶,,,,,,,
,,,,,,,,,多力,,,热带果香,,,,,,,,
,,,,,,,,,长寿花,,,椰奶香,,,,,,,,
,,,,,,,,,,,,乳脂香,,,,,,,,
,,,,,,,,,,,,,,,,,,,,
,,,,,,,,,,,,,,,,,,,,
,,,,,,,,,,,,,,,,,,,,
,,,,,,,,,,,,,,,,,,,,
,,,,,,,,,,,,,,,,,,,,
,,,,,,,,,,,,,,,,,,,,
,,,,,,,,,,,,,,,,,,,,
,,,,,,,,,,,,,,,,,,,,
,,,,,,,,,,,,,,,,,,,,
,,,,,,,,,,,,,,,,,,,,
,,,,,,,,,,,,,,,,,,,,
,,,,,,,,,,,,,,,,,,,,
,,,,,,,,,,,,,,,,,,,,
,,,,,,,,,,,,,,,,,,,,
,,,,,,,,,,,,,,,,,,,,
,,,,,,,,,,,,,,,,,,,,
169.0,食品,食用油,纯植物油,其他纯植物油,,"定义
指除大豆油、菜籽油、花生油、玉米油、葵花籽油、山茶油、橄榄油、亚麻籽油、棕榈油上述常见特定品类外，由单一植物原料提取、未经混合的食用油脂。其原料来源多样，如米糠油、葡萄籽油、核桃油等，各自具有不同的风味、营养特性和适用烹饪方式。这类产品通常以满足特定消费需求或地域饮食习惯为目的，在市场上以较小众或特色产品的形式存在。

核心判定要点
原料单一性：仅来源于一种植物的可食用油脂部位，无其他油脂原料掺杂；
成分纯粹性：成品中油脂成分 100% 来自该植物原料，无额外油脂添加；",核桃油、杏仁油、紫苏籽油、葡萄籽油、椰子油、茶籽油,大豆油、菜籽油、花生油、玉米油、葵花籽油、山茶油、橄榄油、亚麻籽油、棕榈油,金龙鱼,,,原味,瓶装,,,,,,,
,,,,,,,,,福临门,,,芝麻香,桶装,,,,,,,
,,,,,,,,,鲁花,,,果仁香,袋装,,,,,,,
,,,,,,,,,多力,,,清香,,,,,,,,
,,,,,,,,,长寿花,,,浓香,,,,,,,,
,,,,,,,,,,,,其他,,,,,,,,
,,,,,,,,,,,,,,,,,,,,
,,,,,,,,,,,,,,,,,,,,
,,,,,,,,,,,,,,,,,,,,
,,,,,,,,,,,,,,,,,,,,
,,,,,,,,,,,,,,,,,,,,
,,,,,,,,,,,,,,,,,,,,
,,,,,,,,,,,,,,,,,,,,
,,,,,,,,,,,,,,,,,,,,
,,,,,,,,,,,,,,,,,,,,
,,,,,,,,,,,,,,,,,,,,
,,,,,,,,,,,,,,,,,,,,
,,,,,,,,,,,,,,,,,,,,
,,,,,,,,,,,,,,,,,,,,
,,,,,,,,,,,,,,,,,,,,
,,,,,,,,,,,,,,,,,,,,
,,,,,,,,,,,,,,,,,,,,
170.0,食品,食用油,调和油,调和油,A,"定义：将两种或两种以上经精炼的植物油按特定比例调配而成的食用油，旨在平衡脂肪酸组成、兼顾风味与烟点，以改善单一油脂的营养结构或烹饪性能。成品呈澄清液态，常温下无沉淀，通常添加维生素E或TBHQ等抗氧化剂以延长货架期。市售产品多为PET瓶包装，常见规格为1L、5L或更大容量，瓶身标注配比及营养成分表，可直接用于家庭煎、炒、炸等烹饪，也可供餐饮渠道分装使用。

快速核对要点

满足任意一条即可:
1. 产品名称明确写：食用植物调和油
2. 配料表：两种及以上植物油，并标注配比
3. 由大豆油、菜籽油、葵花籽油、玉米油、花生油、橄榄油等多种植物油调配而成","1. 按原料种类
两种及以上食用植物油调配的调和油
大豆油、菜籽油、花生油、玉米油、葵花籽油、橄榄油、山茶油等任意组合的调和油
2. 按工艺
压榨工艺原料制成的调和油
浸出精炼工艺原料制成的调和油
3. 按成分特点
普通食用植物调和油
高油酸调和油、高亚油酸调和油等营养强化型调和油
以某类植物油为主、明确标注配比的调和油
4. 按用途
烹饪用调和油
煎炸用调和油
凉拌 / 小炒用调和油","1. 单一品种植物油：花生油、菜籽油、大豆油、玉米油、葵花籽油、橄榄油、茶籽油等
2. 动物油脂：猪油、牛油、羊油、奶油、黄油等
3. 非食用 / 工业用油：工业矿物油、润滑油、燃料油等非食用油脂
4. 非调配类油脂：起酥油、人造奶油、代可可脂等专用油脂
5. 非食用类油脂：化妆品用油、香料用油、医药用油脂等",金龙鱼,一级调和油,,原味,桶装,,,,,,,
,,,,,,,,,福临门,二级调和油,,清香,瓶装,,,,,,,
,,,,,,,,,鲁花,,,浓香型,铁罐,,,,,,,
,,,,,,,,,多力,,,营养风味型,礼盒装,,,,,,,
,,,,,,,,,长寿花,,,其他,组合装,,,,,,,
,,,,,,,,,,,,,,,,,,,,
,,,,,,,,,,,,,,,,,,,,
,,,,,,,,,,,,,,,,,,,,
,,,,,,,,,,,,,,,,,,,,
,,,,,,,,,,,,,,,,,,,,
,,,,,,,,,,,,,,,,,,,,
,,,,,,,,,,,,,,,,,,,,
,,,,,,,,,,,,,,,,,,,,
,,,,,,,,,,,,,,,,,,,,
,,,,,,,,,,,,,,,,,,,,
,,,,,,,,,,,,,,,,,,,,
,,,,,,,,,,,,,,,,,,,,
,,,,,,,,,,,,,,,,,,,,
,,,,,,,,,,,,,,,,,,,,
,,,,,,,,,,,,,,,,,,,,
,,,,,,,,,,,,,,,,,,,,
,,,,,,,,,,,,,,,,,,,,
171.0,食品,调味品,基础酿造类调味品,酱油,S,"定义：以大豆或脱脂豆粕、小麦或麸皮为主要原料，经蒸煮、制曲、发酵、压榨、灭菌等工序制成的液态咸味调味品，核心功能是为菜肴提供咸味、鲜味和色泽。产品呈棕褐色至红褐色，具有酱香和酯香，可直接用于蘸食、烹调或腌制；市售产品按氨基酸态氮含量分为特级、一级、二级、三级，常见包装为玻璃瓶、塑料瓶或软袋装。

快速核查要点 
产品名称含：酱油、生抽、老抽、味极鲜、蒸鱼豉油、红烧酱油
主要原料：大豆 / 豆粕 / 小麦 + 盐，经发酵制成
执行标准：GB/T 18186（酿造酱油）、SB/T 10336（配制酱油）
❌ 不属于酱油
只有调味功能但无发酵酱油主体：蚝油、鸡汁、鱼露、调味汁
其他调味品：醋、料酒、豆瓣酱、甜面酱、黄豆酱、腐乳
酱料 / 汁类：烧烤汁、卤汁、照烧汁、叉烧汁
香辛料类：香油、辣椒油、花椒油
📌 最简判断口诀
有酱油 / 生抽 / 老抽 / 味极鲜 → 是酱油
是汁 / 油 / 酱 / 醋 / 酒 / 蚝油 → 不是酱油","1. 按工艺
酿造酱油、配制酱油
2. 按颜色 / 风味
生抽、老抽、味极鲜酱油、红烧酱油、蒸鱼豉油
3. 按功能用途
炒菜酱油、凉拌酱油、蘸料酱油、焖煮红烧酱油
4. 按等级
特级酱油、一级酱油、二级酱油、三级酱油
5. 特殊品类
减盐酱油、无添加酱油、儿童酱油、有机酱油","1. 非酱油类调味品
醋、料酒、蚝油、豆瓣酱、甜面酱、黄豆酱、腐乳
鸡精、味精、盐、糖
2. 液态鲜味调料（非酱油）
鱼露、虾油、蚝油、鸡汁、调味汁
3. 酱料 / 汁类
烧烤汁、卤汁、照烧汁、叉烧汁、拌饭酱
4. 其他调味品
辣椒油、香油、花椒油、沙拉酱、番茄酱",海天,生抽,,酱香味,玻璃瓶,无糖,,,,,,
,,,,,,,,,李锦记,老抽,,咸鲜,塑料瓶,含糖,,,,,,
,,,,,,,,,欣和,味极鲜酱油,,微甜,泵装,,,,,,,
,,,,,,,,,六月鲜,红烧酱油,,醇厚,桶装,,,,,,,
,,,,,,,,,厨邦,蒸鱼豉油,,焦香,袋装,,,,,,,
,,,,,,,,,,凉拌酱油,,酯香,礼盒装,,,,,,,
,,,,,,,,,,蘸料酱油,,松茸,组合装,,,,,,,
,,,,,,,,,,减盐 / 薄盐酱油,,海鲜味,,,,,,,,
,,,,,,,,,,,,其他,,,,,,,,
,,,,,,,,,,,,,,,,,,,,
,,,,,,,,,,,,,,,,,,,,
,,,,,,,,,,,,,,,,,,,,
,,,,,,,,,,,,,,,,,,,,
,,,,,,,,,,,,,,,,,,,,
,,,,,,,,,,,,,,,,,,,,
,,,,,,,,,,,,,,,,,,,,
,,,,,,,,,,,,,,,,,,,,
,,,,,,,,,,,,,,,,,,,,
,,,,,,,,,,,,,,,,,,,,
,,,,,,,,,,,,,,,,,,,,
,,,,,,,,,,,,,,,,,,,,
,,,,,,,,,,,,,,,,,,,,
172.0,食品,调味品,基础酿造类调味品,醋,A,"定义：以谷物、薯类、水果或酒精为原料，经糖化、酒精发酵、醋酸发酵、过滤、灭菌制成的酸味液体调味品，主要用于为食物提供酸味、去腥解腻并起到一定的防腐作用。产品色泽从无色到深棕不等，酸度以总酸（以乙酸计）标示，可直接用于凉拌、蘸食或烹调；市售产品按原料分为米醋、陈醋、香醋、果醋等，常见包装为玻璃瓶、陶瓷坛或PET瓶。

快速核查要点 
✅ 属于醋
名称含：醋、食醋、陈醋、香醋、米醋、白醋、果醋、饺子醋、海鲜醋
主要原料：粮食 / 水果 + 水 + 盐，经发酵酿酸
执行标准：GB/T 18187（酿造食醋）、SB/T 10337（配制食醋）
❌ 不属于醋
酱油类：生抽、老抽、味极鲜、蒸鱼豉油等
调味汁 / 酱料：蚝油、鸡汁、鱼露、照烧汁、卤汁
酱类：豆瓣酱、甜面酱、黄豆酱、腐乳
香辛料 / 油类：香油、辣椒油、花椒油
料酒、味精、鸡精、盐、糖等
📌 最简判断口诀
带醋字、酸味发酵 → 是醋
带油 / 汁 / 酱 / 酒 / 酱油 → 不是醋","1. 按原料
米醋
陈醋
香醋
白醋
果醋（苹果醋、葡萄醋、柿子醋等）
麸醋、麦醋
2. 按工艺
酿造食醋
配制食醋
3. 按功能 / 用途
凉拌醋
饺子醋
海鲜醋
炒菜用醋
泡蒜 / 泡制专用醋
4. 按地域特色
山西陈醋
镇江香醋
四川保宁醋
浙江米醋","1. 酱油类
生抽、老抽、味极鲜、蒸鱼豉油、红烧酱油等
2. 调味汁 / 酱料（非醋）
蚝油、鸡汁、鱼露、照烧汁、卤汁、烧烤汁
3. 酱类
豆瓣酱、甜面酱、黄豆酱、腐乳、辣椒酱
4. 香辛料 / 油脂类
香油、辣椒油、花椒油、沙拉酱、番茄酱
5. 酒类 / 其他调料
料酒、白酒、味精、鸡精、盐、糖",恒顺,陈醋,,,玻璃瓶,,,,,,,
,,,,,,,,,东湖,香醋,,,PET瓶,,,,,,,
,,,,,,,,,水塔,米醋,,,陶瓷坛,,,,,,,
,,,,,,,,,海天,白醋,,,袋装,,,,,,,
,,,,,,,,,李锦记,果醋,,,桶装,,,,,,,
,,,,,,,,,,饺子醋、凉拌醋、蟹醋等专用醋,,,礼盒装,,,,,,,
,,,,,,,,,,,,,组合装,,,,,,,
,,,,,,,,,,,,,,,,,,,,
,,,,,,,,,,,,,,,,,,,,
,,,,,,,,,,,,,,,,,,,,
,,,,,,,,,,,,,,,,,,,,
,,,,,,,,,,,,,,,,,,,,
,,,,,,,,,,,,,,,,,,,,
,,,,,,,,,,,,,,,,,,,,
,,,,,,,,,,,,,,,,,,,,
,,,,,,,,,,,,,,,,,,,,
,,,,,,,,,,,,,,,,,,,,
,,,,,,,,,,,,,,,,,,,,
,,,,,,,,,,,,,,,,,,,,
,,,,,,,,,,,,,,,,,,,,
,,,,,,,,,,,,,,,,,,,,
,,,,,,,,,,,,,,,,,,,,
173.0,食品,调味品,基础酿造类调味品,料酒,B,"定义：以发酵酒或食用酒精为基酒，添加食盐、香辛料、焦糖色等辅料调配而成的烹饪用调味酒，主要用于去腥增香。产品呈淡黄色至琥珀色的液体，酒精度一般在10%vol～20%vol之间，需在加热过程中使用；市售产品分为酿造料酒和配制料酒两类，常见包装为玻璃瓶、塑料瓶或马口铁罐。

快速核查要点
原料
基底原料：必须含糯米、大米等谷物，发酵生成黄酒基酒；
配料：含香辛料、食用盐等，部分产品添加少量糖调味；
禁止成分：不得使用工业酒精直接勾兑，配料表中黄酒需为主要成分（排名靠前）。
工艺
核心流程：谷物蒸煮→糖化发酵（制成黄酒）→加入香辛料浸提→调配→陈酿→过滤→灭菌→灌装；
关键指标：酒精度数通常在 10%~15%vol，既能有效去腥，又不会破坏食材本身风味。
属性
形态：澄清透明或微黄色液体，具有黄酒的醇香与香辛料的复合香气；
功能：专为烹饪设计，去腥膻、解油腻、增香提鲜，不可直接饮用（区别于饮用黄酒）。
食用方式：烹饪过程中添加，用于腌制、煸炒、炖煮、焖烧等中式菜肴制作。","1、谷物酿造料酒（T/CBJ 8101-2019）是以谷物为主要原料，经加曲、酵母等糖化发酵剂酿制而成的酿造酒为基酒，添加食用盐（可加入天然植物香辛料提取物、食品添加剂焦糖色），制成的供烹饪用的液体调味料。具有发酵香和植物香辛料香，按产品质量分为特级、一级和二级。

2、烹饪黄酒（QB/T 2745-2005）是以稻米、黍米等为主要原料，经蒸煮、加曲、糖化、发酵、压榨、煎酒、贮存，加入食盐（可加入天然植物香辛料）勾兑而成的，供烹饪用的酿造酒。具有陈酿香，含盐量在10g/L以上，用量较多时会增加咸味。按照产品质量分为优级和一级。

3、调味料酒（SB/T 10416-2007）是以发酵酒、蒸馏酒或食用酒精为主体，添加食用盐、植物香料制成的调味品。具有醇香，含盐量在10g/L以上。","1. 饮用黄酒、白酒、米酒等饮用型酒类，无烹饪专用调味配方；
2. 无酒基、纯香精+盐+水勾兑的仿料酒调味液；

3. 酱油、食醋、黄酒等其他独立酿造调味品。",海天,,,原味,玻璃瓶,,,,,,,
,,,,,,,,,李锦记,,,姜味,塑料瓶,,,,,,,
,,,,,,,,,欣和,,,葱味,袋装,,,,,,,
,,,,,,,,,六月鲜,,,陈皮味,,,,,,,,
,,,,,,,,,厨邦,,,其他,,,,,,,,
,,,,,,,,,,,,,,,,,,,,
,,,,,,,,,,,,,,,,,,,,
,,,,,,,,,,,,,,,,,,,,
,,,,,,,,,,,,,,,,,,,,
,,,,,,,,,,,,,,,,,,,,
,,,,,,,,,,,,,,,,,,,,
,,,,,,,,,,,,,,,,,,,,
,,,,,,,,,,,,,,,,,,,,
,,,,,,,,,,,,,,,,,,,,
,,,,,,,,,,,,,,,,,,,,
,,,,,,,,,,,,,,,,,,,,
,,,,,,,,,,,,,,,,,,,,
,,,,,,,,,,,,,,,,,,,,
,,,,,,,,,,,,,,,,,,,,
,,,,,,,,,,,,,,,,,,,,
,,,,,,,,,,,,,,,,,,,,
,,,,,,,,,,,,,,,,,,,,
174.0,食品,调味品,基础酿造类调味品,豆豉,C,"定义
以黑豆或黄豆为原料，经蒸煮、制曲、加盐发酵、晒干制成的颗粒状或碎粒状固态发酵豆制品，主要用于为菜肴增添浓郁的咸鲜风味和发酵香气。产品呈黑褐色或黄褐色，具有浓郁酱香和咸鲜味，可直接佐餐或作为调味料用于蒸、炒、炖；市售产品按水分含量分为干豆豉和水豆豉，常见包装为塑料袋、玻璃瓶或散装称重。

快速核查要点
✅ 直接关键词：名称含豆豉、黑豆豉、黄豆豉、风味豆豉，标注 “酿造”“发酵” 属性；
❌ 排除关键词：无 “酱油、腐乳、酱料、零食” 等表述，避免与豆豉味复合酱、零食混淆。","按发酵工艺分
自然发酵豆豉：利用传统环境微生物发酵，风味醇厚复杂，多为传统手工制品。
人工接种发酵豆豉：标准曲种接种，发酵周期可控，风味更稳定，是主流工业化产品。

按形态分
干豆豉：经干燥处理，水分低，保质期长，便于储存，多用于烹饪提香。
湿豆豉（水豆豉 / 酱豆豉）：含水分高，口感软糯，直接佐餐或拌面更佳。
豆豉酱：经研磨或与酱料混合制成泥状，流动性好，调味更均匀。","豆类炒货：如炒黄豆、五香豆，未经发酵工艺，风味和用途完全不同。
佐餐酱菜：如腌渍的萝卜干、酸豆角，虽为豆类制品，但属腌渍而非发酵类调味品。
含肉豆豉制品：如豆豉肉酱，已脱离单一调味品属性，归为肉酱类。
大豆蛋白粉制品：非完整大豆发酵的再制产品。",海天,,,咸鲜味,塑料袋,,生抽,,,,,
,,,,,,,,,李锦记,,,酱香味,玻璃瓶,,老抽,,,,,
,,,,,,,,,欣和,,,香辣味,,,鲜味酱油,,,,,
,,,,,,,,,六月鲜,,,蒜香味,,,蒸鱼豉油,,,,,
,,,,,,,,,厨邦,,,其他,,,凉拌酱油,,,,,
,,,,,,,,,,,,,,,老抽王,,,,,
,,,,,,,,,,,,,,,儿童酱油,,,,,
,,,,,,,,,,,,,,,日式酱油,,,,,
,,,,,,,,,,,,,,,红烧酱油,,,,,
,,,,,,,,,,,,,,,,,,,,
,,,,,,,,,,,,,,,,,,,,
,,,,,,,,,,,,,,,,,,,,
,,,,,,,,,,,,,,,,,,,,
,,,,,,,,,,,,,,,,,,,,
,,,,,,,,,,,,,,,,,,,,
,,,,,,,,,,,,,,,,,,,,
,,,,,,,,,,,,,,,,,,,,
,,,,,,,,,,,,,,,,,,,,
,,,,,,,,,,,,,,,,,,,,
,,,,,,,,,,,,,,,,,,,,
,,,,,,,,,,,,,,,,,,,,
,,,,,,,,,,,,,,,,,,,,
175.0,食品,调味品,基础酿造类调味品,醪糟,C,"定义
以糯米为主要原料，经蒸煮、加曲糖化发酵制成的含酒精甜味半流质食品，主要用于为食物提供甜味、酒香和发酵风味。产品呈乳白色或微黄色，含有未完全溶解的米粒，质地粘稠，带有低度酒精；可直接食用或用于煮制甜品、调味，市售产品分为灭菌包装和活菌包装两类，常见包装为塑料杯、玻璃瓶或真空袋装。

快速核查要点
醪糟的商品名称非常多，酒酿、甜米酒、甜酒酿、江米酒、酒糟、甜酒糟都属于它的常见叫法
主料：仅限糯米，部分传统工艺可少量添加粳米，但糯米占比需≥90%；
辅料：仅酒曲和水，无额外添加酒精、香精、防腐剂。
关键特征：发酵以糖化为主、酒精发酵为辅，酒精度数低（通常≤10% vol），保留完整米粒形态。
形态：半固态，含饱满软糯的糯米粒，汤汁清澈呈淡黄色，米粒与汤汁比例约 1:1；
风味：甜香醇厚，带有轻微酒香，无酸涩味，口感清甜不腻。
定位：调味品，多用于烹饪提鲜、增甜、去腥，同时可作为甜品直接食用，区别于纯饮用酒类。","按发酵工艺分
传统手工醪糟：自然环境下接种酒曲发酵，风味浓郁，米粒软糯，多为家庭或地方特产制作；
工业化醪糟：标准化接种专用酒曲，发酵条件可控，风味稳定，保质期更长，适合规模化销售。

按风味分
原味醪糟：无额外添加，保留糯米发酵的本味甜香，适配多数烹饪场景；
风味醪糟：添加桂花、枸杞、红枣等配料发酵，风味更丰富，多用于直接食用或甜品制作。

按形态分
带汁醪糟：米粒与发酵汤汁混合，半固态，是市场主流形态；
干醪糟：经脱水干燥制成，水分含量低，便于储存运输，需加水复水后使用。","蒸馏米酒：经蒸馏提取酒精制成的高度酒类，无糯米粒，不属于调味品；
黄酒：以稻米为原料，经深度发酵、压榨制成的液态酿造酒，酒精度更高，风味差异大；
糯米甜粥：无发酵工艺，仅为糯米煮制的甜品，无酒香和发酵成分；
添加酒精的调味甜酒：以糯米为基底但勾兑食用酒精，不符合纯发酵醪糟定义。",海天,,,原味,塑料杯,含糖,粮食醋,,,,,
,,,,,,,,,李锦记,,,桂花味,玻璃瓶,,果醋,,,,,
,,,,,,,,,欣和,,,枸杞味,真空袋,,配制醋,,,,,
,,,,,,,,,六月鲜,,,红枣味,其他,,香醋,,,,,
,,,,,,,,,厨邦,,,其他,,,米醋,,,,,
,,,,,,,,,,,,,,,白醋,,,,,
,,,,,,,,,,,,,,,凉拌醋,,,,,
,,,,,,,,,,,,,,,黑醋,,,,,
,,,,,,,,,,,,,,,,,,,,
,,,,,,,,,,,,,,,,,,,,
,,,,,,,,,,,,,,,,,,,,
,,,,,,,,,,,,,,,,,,,,
,,,,,,,,,,,,,,,,,,,,
,,,,,,,,,,,,,,,,,,,,
,,,,,,,,,,,,,,,,,,,,
,,,,,,,,,,,,,,,,,,,,
,,,,,,,,,,,,,,,,,,,,
,,,,,,,,,,,,,,,,,,,,
,,,,,,,,,,,,,,,,,,,,
,,,,,,,,,,,,,,,,,,,,
,,,,,,,,,,,,,,,,,,,,
,,,,,,,,,,,,,,,,,,,,
176.0,食品,调味品,基础酿造类调味品,其他基础酿造类调味品,,"定义：酱油、醋、料酒、豆豉、醪糟外，以单一或复合谷物、豆类、薯类等为原料，经微生物发酵制成的液态、半固态或固态基础调味品，如味噌、鱼露、虾酱、黄酱等。这类调味品具有特定发酵香气和咸味或鲜味，用于烹调或佐餐；市售产品按原料和工艺差异分为不同品类，常见包装为玻璃瓶、塑料盒或马口铁罐。

快速区分要点
核心：发酵酿造而成，非化学配制
用途：烹饪基础调味，非即食小吃、非香辛料
范围：不在 “酱油 / 醋 / 料酒 / 豆豉 / 醪糟” 之列",味噌、黄酱、虾酱等,酱油、醋、料酒、豆豉、醪糟,海天,,,咸鲜味,玻璃瓶,无糖,,,,,,
,,,,,,,,,李锦记,,,鲜味,塑料盒,含糖,,,,,,
,,,,,,,,,欣和,,,微甜,马口铁罐,,,,,,,
,,,,,,,,,六月鲜,,,微酸,袋装,,,,,,,
,,,,,,,,,厨邦,,,其他,坛装,,,,,,,
,,,,,,,,,,,,,其他,,,,,,,
,,,,,,,,,,,,,,,,,,,,
,,,,,,,,,,,,,,,,,,,,
,,,,,,,,,,,,,,,,,,,,
,,,,,,,,,,,,,,,,,,,,
,,,,,,,,,,,,,,,,,,,,
,,,,,,,,,,,,,,,,,,,,
,,,,,,,,,,,,,,,,,,,,
,,,,,,,,,,,,,,,,,,,,
,,,,,,,,,,,,,,,,,,,,
,,,,,,,,,,,,,,,,,,,,
,,,,,,,,,,,,,,,,,,,,
,,,,,,,,,,,,,,,,,,,,
,,,,,,,,,,,,,,,,,,,,
,,,,,,,,,,,,,,,,,,,,
,,,,,,,,,,,,,,,,,,,,
,,,,,,,,,,,,,,,,,,,,
177.0,食品,调味品,基础单一调味品,盐,B,"定义
以氯化钠为主要成分的结晶状调味品，用于提供咸味并平衡整体风味；常见精制细盐、粗粒海盐、岩盐及加碘盐，多密封于塑料袋、纸袋或玻璃罐，可直接撒入或溶于食材使用。

快速核查要点
工艺：海盐：海水经蒸发、结晶、精制而成；
井盐 / 岩盐：开采地下盐矿或卤水，经溶解、蒸发、提纯结晶制成；
关键特征：以物理工艺为主，无化学合成添加剂（基础款），成品为白色晶体或粉末状。
形态：按颗粒大小分为粗盐（大颗粒结晶）、细盐（粉末状）、精制盐（均匀小晶体）；
风味：纯净咸味，无其他异味，粗盐保留微量矿物质风味，口感略醇厚。","按原料来源分
海盐：以海水为原料制成，颗粒有粗有细，部分海盐保留微量矿物质，风味自然；
井盐：开采地下盐井卤水制成，纯度高，杂质少，是市场主流食用盐；
岩盐：开采天然岩盐矿床制成，晶体较大，多用于腌制、烹饪提味；
湖盐：以盐湖卤水为原料制成，多见于内陆盐湖产区。

按形态分
精制细盐：颗粒细腻，易溶解，适合日常炒菜、调味；
粗盐（大粒盐）：颗粒粗大，溶解慢，适合腌制咸菜、肉类，或用于盐焗菜品；
片状盐：晶体呈片状，溶解均匀，多用于西餐调味或凉拌菜。","复合调味盐：添加味精、鸡精、香辛料、鲜味剂的盐（如椒盐、烧烤盐、蒜蓉盐）；
工业盐：氯化钠含量不达标，含重金属等有害物质，不可食用；
盐渍制品：如咸菜、腌肉，属于以盐为原料的加工食品，非调味品本身。",中盐,,,原味,袋装,,,,,,,
,,,,,,,,,鲁花,,,海盐风味,罐装,,,,,,,
,,,,,,,,,金龙鱼,,,烟熏风味,桶装,,,,,,,
,,,,,,,,,福临门,,,其他,,,,,,,,
,,,,,,,,,多力,,,,,,,,,,,
,,,,,,,,,,,,,,,,,,,,
,,,,,,,,,,,,,,,,,,,,
,,,,,,,,,,,,,,,,,,,,
,,,,,,,,,,,,,,,,,,,,
,,,,,,,,,,,,,,,,,,,,
,,,,,,,,,,,,,,,,,,,,
,,,,,,,,,,,,,,,,,,,,
,,,,,,,,,,,,,,,,,,,,
,,,,,,,,,,,,,,,,,,,,
,,,,,,,,,,,,,,,,,,,,
,,,,,,,,,,,,,,,,,,,,
,,,,,,,,,,,,,,,,,,,,
,,,,,,,,,,,,,,,,,,,,
,,,,,,,,,,,,,,,,,,,,
,,,,,,,,,,,,,,,,,,,,
,,,,,,,,,,,,,,,,,,,,
,,,,,,,,,,,,,,,,,,,,
178.0,食品,调味品,基础单一调味品,食糖,B,"定义：以蔗糖或甜菜糖为主要成分的颗粒状甜味剂，用于赋予甜味并参与焦糖化反应；常见白砂糖、绵白糖、冰糖或黄砂糖，包装以塑料袋、纸袋或散装称重，可直接加入或溶解后使用。

快速核查要点
原料来源：仅限甘蔗、甜菜两种天然糖料作物，无其他植物或人工合成原料；
关键特征：全程为物理加工过程，无化学合成步骤，成品为白色或淡黄色晶体 / 粉末状。
形态：按晶粒大小和状态分为晶体类（白砂糖、绵白糖、冰糖）和粉末类（糖粉）；
定位：基础单一调味品，是甜味调味的基底，区别于 “调味糖”“功能糖” 等衍生品类","1、白砂糖：晶粒均匀、洁白有光泽，溶解速度适中，蔗糖纯度最高，是日常烹饪、烘焙的主流选择。
2、绵白糖：晶粒细小松散，因添加少量转化糖而更易溶于水，甜度口感更柔和，适合凉拌、冲调饮品。
3、冰糖：由白砂糖经再溶解、结晶制成，晶粒较大呈半透明状，分为单晶冰糖和多晶冰糖；口感清甜温润，适合炖煮、煲汤、制作甜品。
4、赤砂糖 / 红糖：提纯程度低于白砂糖，保留少量矿物质和糖蜜成分，颜色呈红褐色，带有焦香风味，适合调味、冲饮。","1、复合甜味剂：添加阿斯巴甜、木糖醇等人工甜味物质的制品，不属于基础单一食糖；
2、调味糖：添加香辛料、香精的糖（如桂花糖、姜汁糖），属于复合调味品；
3、天然甜味替代品：蜂蜜、枫糖浆、麦芽糖浆等，原料和工艺与食糖不同；
4、工业用糖：纯度不达标、用于化工生产的糖料，不可直接食用。
5.休闲零食糖果",太古,,,甜味,塑料袋,,,,,,,
,,,,,,,,,玉棠,,,原味,纸袋,,,,,,,
,,,,,,,,,莲花南,,,其他,其他,,,,,,,
,,,,,,,,,南字牌,,,,,,,,,,,
,,,,,,,,,中糖,,,,,,,,,,,
,,,,,,,,,,,,,,,,,,,,
,,,,,,,,,,,,,,,,,,,,
,,,,,,,,,,,,,,,,,,,,
,,,,,,,,,,,,,,,,,,,,
,,,,,,,,,,,,,,,,,,,,
,,,,,,,,,,,,,,,,,,,,
,,,,,,,,,,,,,,,,,,,,
,,,,,,,,,,,,,,,,,,,,
,,,,,,,,,,,,,,,,,,,,
,,,,,,,,,,,,,,,,,,,,
,,,,,,,,,,,,,,,,,,,,
,,,,,,,,,,,,,,,,,,,,
,,,,,,,,,,,,,,,,,,,,
,,,,,,,,,,,,,,,,,,,,
,,,,,,,,,,,,,,,,,,,,
,,,,,,,,,,,,,,,,,,,,
,,,,,,,,,,,,,,,,,,,,
179.0,食品,调味品,基础单一调味品,味精,B,"定义：以谷氨酸钠为主要成分的白色结晶粉末，用于增强食物鲜味并提升风味层次；产品多为高纯度颗粒或粉末，密封于塑料袋、玻璃瓶或防潮罐，可直接撒入或溶于菜肴。
快速核查要点
直接标注 味精、谷氨酸钠、味素，无 “复合、鸡精、鲜粉” 等后缀","1、结晶味精：谷氨酸钠纯度≥99%，晶体呈长条状，溶解速度稍慢，适合炒菜、炖汤时临出锅添加，鲜味持久。
2、粉末味精：由结晶味精研磨制成，颗粒细腻，溶解速度快，适合凉拌菜、馅料调味，鲜味释放更迅速。
3、强化味精：仅在纯度上略有差异（如谷氨酸钠含量 99.5%），无其他成分添加，属于高纯度味精品类，多用于食品工业标准化生产。","1、复合鲜味调味品：鸡精、鸡粉、鲜味宝等，添加了盐、糖、香辛料、核苷酸二钠等成分；
2、工业级谷氨酸钠：纯度不达标或含有害杂质，用于化工、饲料等领域，不可食用；
3、天然鲜味提取物：蚝油、鱼露、菌菇提取物等，原料和工艺与味精完全不同；",太太乐,,,,塑料袋,,,,,,,
,,,,,,,,,海天,,,,防潮罐,,,,,,,
,,,,,,,,,李锦记,,,,玻璃瓶,,,,,,,
,,,,,,,,,欣和,,,,其他,,,,,,,
,,,,,,,,,六月鲜,,,,,,,,,,,
,,,,,,,,,,,,,,,,,,,,
,,,,,,,,,,,,,,,,,,,,
,,,,,,,,,,,,,,,,,,,,
,,,,,,,,,,,,,,,,,,,,
,,,,,,,,,,,,,,,,,,,,
,,,,,,,,,,,,,,,,,,,,
,,,,,,,,,,,,,,,,,,,,
,,,,,,,,,,,,,,,,,,,,
,,,,,,,,,,,,,,,,,,,,
,,,,,,,,,,,,,,,,,,,,
,,,,,,,,,,,,,,,,,,,,
,,,,,,,,,,,,,,,,,,,,
,,,,,,,,,,,,,,,,,,,,
,,,,,,,,,,,,,,,,,,,,
,,,,,,,,,,,,,,,,,,,,
,,,,,,,,,,,,,,,,,,,,
,,,,,,,,,,,,,,,,,,,,
180.0,食品,调味品,基础单一调味品,其他基础单一调味品,,"定义：除盐、食糖、味精外，以单一或简单复合成分构成的基础调味产品，用于提供特定风味，按需直接添加于食材或调制蘸料。

快速区分要点
成分单一，不是多种调料混合
只负责一种基础味型（鲜 / 甜 / 酸 / 碱）
不属于酿造料、香辛料、复合酱料","酸味类：柠檬酸、无水柠檬酸、食用醋酸
咸味辅助类：食用碱（碳酸钠）、枧水
其他单一功能调味：食用石膏、食用氯化钾、单一增味剂等",除盐、食糖、味精，复合调味品、香辛料,太太乐,,,原味,袋装,,,,,,,
,,,,,,,,,海天,,,麻辣味,瓶装,,,,,,,
,,,,,,,,,李锦记,,,五香味,罐装,,,,,,,
,,,,,,,,,欣和,,,孜然味,盒装,,,,,,,
,,,,,,,,,六月鲜,,,椒盐味,其他,,,,,,,
,,,,,,,,,,,,香辣味,,,,,,,,
,,,,,,,,,,,,蒜香味,,,,,,,,
,,,,,,,,,,,,黑胡椒味,,,,,,,,
,,,,,,,,,,,,白胡椒味,,,,,,,,
,,,,,,,,,,,,花椒味,,,,,,,,
,,,,,,,,,,,,微辣,,,,,,,,
,,,,,,,,,,,,中辣,,,,,,,,
,,,,,,,,,,,,特辣,,,,,,,,
,,,,,,,,,,,,姜味,,,,,,,,
,,,,,,,,,,,,八角味,,,,,,,,
,,,,,,,,,,,,其他,,,,,,,,
,,,,,,,,,,,,,,,,,,,,
,,,,,,,,,,,,,,,,,,,,
,,,,,,,,,,,,,,,,,,,,
,,,,,,,,,,,,,,,,,,,,
,,,,,,,,,,,,,,,,,,,,
,,,,,,,,,,,,,,,,,,,,
181.0,食品,调味品,鲜萃/提取类调味品,鸡精,A,"定义：以味精为基础，添加食盐、鸡肉粉、香辛料及呈味核苷酸二钠等制成的复合颗粒调味品，用于提供鸡肉风味并增强鲜味；呈淡黄色颗粒，常见于塑料袋、罐装或独立小袋，可直接用于汤品、炒菜或腌制。

快速核查要点

✅ 属于鸡精
名称含：鸡精、鸡粉、鸡味调味料、浓鲜鸡精
以鸡肉 / 鸡骨 / 鸡蛋等为风味原料，复合鲜味调料
形态：粉末、颗粒，用于增鲜提味
❌ 不属于鸡精
纯味精（谷氨酸钠、无盐味精）
酱油、醋、料酒、盐、糖等基础调料
蚝油、鸡汁、鱼露、调味汁等液态鲜调料
豆瓣酱、甜面酱、辣椒酱、火锅底料等酱料
📌 最简判断口诀
带鸡精 / 鸡粉 / 鸡味 → 是鸡精
纯味精、汁、酱、油、醋 → 不是鸡精","1. 按产品类型
鸡精
鸡粉
鸡味调味料
浓鲜鸡精、加倍鲜鸡精
餐饮大包装鸡精
2. 按功能 / 用途
炒菜增鲜鸡精
煲汤鸡精
火锅鸡精
凉拌鸡精
蒸煮提鲜鸡精
3. 按特色
无添加鸡精
减盐鸡精
有机鸡精
清真鸡精","1. 味精类（纯味精）
味精、谷氨酸钠、无盐味精
2. 其他鲜味调料
生抽、老抽、酱油、蒸鱼豉油
蚝油、鸡汁、鱼露、调味汁
3. 酱料类
豆瓣酱、甜面酱、黄豆酱、腐乳、辣椒酱
4. 香辛料 / 油脂类
盐、糖、醋、料酒
香油、辣椒油、花椒油",太太乐,普通鸡精,,原味,袋装,,,,,,,
,,,,,,,,,海天,高鲜 / 加倍鲜鸡精,,鲜咸基础型,罐装,,,,,,,
,,,,,,,,,李锦记,浓香型鸡精,,高鲜浓香型,瓶装,,,,,,,
,,,,,,,,,欣和,,,清淡鲜香型,盒装,,,,,,,
,,,,,,,,,六月鲜,,,其他,礼盒装,,,,,,,
,,,,,,,,,,,,,组合装,,,,,,,
,,,,,,,,,,,,,,,,,,,,
,,,,,,,,,,,,,,,,,,,,
,,,,,,,,,,,,,,,,,,,,
,,,,,,,,,,,,,,,,,,,,
,,,,,,,,,,,,,,,,,,,,
,,,,,,,,,,,,,,,,,,,,
,,,,,,,,,,,,,,,,,,,,
,,,,,,,,,,,,,,,,,,,,
,,,,,,,,,,,,,,,,,,,,
,,,,,,,,,,,,,,,,,,,,
,,,,,,,,,,,,,,,,,,,,
,,,,,,,,,,,,,,,,,,,,
,,,,,,,,,,,,,,,,,,,,
,,,,,,,,,,,,,,,,,,,,
,,,,,,,,,,,,,,,,,,,,
,,,,,,,,,,,,,,,,,,,,
182.0,食品,调味品,鲜萃/提取类调味品,蚝油,A,"定义：以牡蛎（生蚝）为原料，经熬煮浓缩其汁液，加入食盐、糖、淀粉等调配而成的浓稠棕褐色调味酱，具有咸鲜浓郁的鲜味，常用于菜肴的腌制、炒制或作为蘸料，以提升鲜味和增加光泽。常见包装为玻璃瓶或塑料挤压瓶，规格多为200g至1kg。

快速核查要点

✅ 属于蚝油
名称含：蚝油、鲜蚝油、上等蚝油、金装蚝油
主要原料含蚝汁 / 牡蛎汁，呈浓稠膏状
用途：炒菜、凉拌、蘸料、勾芡、提鲜增香
❌ 不属于蚝油
酱油类：生抽、老抽、味极鲜、蒸鱼豉油
鲜味调料：鸡精、鸡粉、味精、鸡汁、鱼露
酱料类：豆瓣酱、甜面酱、黄豆酱、辣椒酱
调味汁类：照烧汁、卤汁、烧烤汁、海鲜汁
醋、料酒、盐、糖、油类
📌 最简判断口诀
带蚝油、膏状、含蚝汁 → 是蚝油
酱、汁、油、醋、酒、鸡精 → 不是蚝油","1. 按原料 / 工艺
传统蚝油（蚝汁熬制）
复合蚝油（蚝汁 + 调味制成）
鲜蚝油、上等蚝油、金装蚝油
2. 按功能 / 用途
炒菜蚝油
凉拌蚝油
蘸料蚝油
焖煮红烧蚝油
餐饮商用蚝油
3. 按特色
减盐蚝油
无添加蚝油
高端蚝汁蚝油","1. 酱油类
生抽、老抽、味极鲜、蒸鱼豉油、红烧酱油
2. 醋类
陈醋、香醋、米醋、白醋、果醋
3. 鲜味调料（非蚝油）
鸡精、鸡粉、味精、鸡汁、鱼露
4. 酱料 / 汁类
豆瓣酱、甜面酱、黄豆酱、辣椒酱、烧烤汁、照烧汁
5. 香辛料 / 油脂类
香油、辣椒油、花椒油、料酒、盐、糖",太太乐,特级蚝油,,咸鲜,玻璃瓶,,,,,,,
,,,,,,,,,海天,一级蚝油,,蚝香,挤压瓶,,,,,,,
,,,,,,,,,李锦记,普通蚝油,,海鲜味,袋装,,,,,,,
,,,,,,,,,欣和,,,复合风味,桶装,,,,,,,
,,,,,,,,,六月鲜,,,其他,礼盒装,,,,,,,
,,,,,,,,,,,,,组合装,,,,,,,
,,,,,,,,,,,,,,,,,,,,
,,,,,,,,,,,,,,,,,,,,
,,,,,,,,,,,,,,,,,,,,
,,,,,,,,,,,,,,,,,,,,
,,,,,,,,,,,,,,,,,,,,
,,,,,,,,,,,,,,,,,,,,
,,,,,,,,,,,,,,,,,,,,
,,,,,,,,,,,,,,,,,,,,
,,,,,,,,,,,,,,,,,,,,
,,,,,,,,,,,,,,,,,,,,
,,,,,,,,,,,,,,,,,,,,
,,,,,,,,,,,,,,,,,,,,
,,,,,,,,,,,,,,,,,,,,
,,,,,,,,,,,,,,,,,,,,
,,,,,,,,,,,,,,,,,,,,
,,,,,,,,,,,,,,,,,,,,
183.0,食品,调味品,鲜萃/提取类调味品,鱼露,C,"定义：通过长时间盐渍发酵小鱼虾，再过滤提取其汁液制成的液态咸鲜调味品，色泽呈琥珀色或深棕色。其核心风味是发酵产生的鲜味氨基酸和咸味，具有独特的风味特征，在烹饪中常作为食盐或酱油的替代品，用于提鲜和调味，是东南亚及中国部分地区菜肴的基础调味料，通常以玻璃瓶或塑料瓶包装，容量从100 mL到5 L不等。

快速核查要点
主料：鳀鱼、沙丁鱼、小杂鱼等小型海水鱼，或虾、蟹等水产下脚料；
辅料：食用盐（关键发酵助剂，盐度通常 15%~25%），部分产品添加香辛料去腥增香；
核心成分：氨基酸态氮含量≥0.8g/100mL（符合行业标准），无人工合成鲜味剂添加（纯发酵款）。
工艺
关键特征：依赖微生物和蛋白酶的双重作用分解水产蛋白，无蒸馏、化学合成步骤，成品为橙黄色至棕红色澄清液体。","按原料分
鱼源鱼露：以小杂鱼为主要原料，风味浓郁，是市场主流品类；
虾蟹鱼露：以虾头、蟹壳等为原料，鲜味更清甜，带有虾蟹特有香气，价格相对较高。

按发酵工艺分
天然发酵鱼露：经长时间自然发酵（1 年以上），风味层次丰富，多为传统手工制品；
工业快速发酵鱼露：人工控温发酵（数周），风味稳定，成本较低，适合规模化生产。

按风味分
原味鱼露：无额外添加，保留水产发酵本味，适配多数菜肴；
香辛调味鱼露：添加大蒜、辣椒、香茅等香辛料，风味更具针对性，适合东南亚菜。","酱油：以大豆、小麦等植物原料发酵制成，属于植物蛋白发酵调味品；
蚝油：以牡蛎肉熬煮浓缩制成，质地粘稠，风味与鱼露差异显著；
鱼酱油：添加大量酱油调配而成的复合调味品，非纯水产发酵制品；
水产调味汁：以香精、味精勾兑而成，无发酵提取工艺。",太太乐,,,咸鲜味,玻璃瓶装,,,,,,,
,,,,,,,,,海天,,,原味,塑料瓶装,,,,,,,
,,,,,,,,,李锦记,,,淡盐味,袋装,,,,,,,
,,,,,,,,,欣和,,,海鲜味,桶装,,,,,,,
,,,,,,,,,六月鲜,,,蒜香味,其他,,,,,,,
,,,,,,,,,,,,辣味,,,,,,,,
,,,,,,,,,,,,,,,,,,,,
,,,,,,,,,,,,,,,,,,,,
,,,,,,,,,,,,,,,,,,,,
,,,,,,,,,,,,,,,,,,,,
,,,,,,,,,,,,,,,,,,,,
,,,,,,,,,,,,,,,,,,,,
,,,,,,,,,,,,,,,,,,,,
,,,,,,,,,,,,,,,,,,,,
,,,,,,,,,,,,,,,,,,,,
,,,,,,,,,,,,,,,,,,,,
,,,,,,,,,,,,,,,,,,,,
,,,,,,,,,,,,,,,,,,,,
,,,,,,,,,,,,,,,,,,,,
,,,,,,,,,,,,,,,,,,,,
,,,,,,,,,,,,,,,,,,,,
,,,,,,,,,,,,,,,,,,,,
184.0,食品,调味品,鲜萃/提取类调味品,虾油,C,"定义
以虾或虾类加工副产品为原料，经发酵、熬煮或浸提制成的液态或膏状调味品。产品通常具有浓郁的虾类特征鲜味和咸味，色泽偏深，在烹饪中主要用于赋予菜肴海鲜风味和咸鲜底味，常见于特定地方菜系或作为复合调味料的原料，包装形式多样，包括瓶装和袋装，常见规格为50 mL至250 mL。

快速核查要点
直接标注 虾油、纯虾油、发酵虾油，无 “调味汁、复合酱、香精” 等后缀；
核心原料为 虾 / 虾头 / 虾壳，辅料仅含食盐、水，无其他油脂、香辛料、增味剂；","原味虾油：无额外添加，保留虾发酵本味，适配多数海鲜菜肴、馄饨汤、凉拌菜；
香辛调味虾油：添加葱姜、花椒、辣椒等香辛料，风味更具针对性，适合拌面、蘸料等场景。","虾味调味油：以大豆油、菜籽油等植物油为基底，添加虾味香精或虾粉制成的调味油，无发酵提取工艺；
鱼露：以杂鱼为原料发酵，风味以鱼鲜为主，与虾油的虾香特征明显不同；
虾酱：半固态虾类发酵制品，质地粘稠，形态和用途与液态虾油有本质区别；
勾兑虾味汁：以味精、食盐、虾味香精调配而成，无发酵提取过程，不属于鲜萃类调味品。",太太乐,,,咸鲜味,瓶装,,,,,,,
,,,,,,,,,海天,,,浓郁虾味,袋装,,,,,,,
,,,,,,,,,李锦记,,,原味,罐装,,,,,,,
,,,,,,,,,欣和,,,淡盐味,其他,,,,,,,
,,,,,,,,,六月鲜,,,其他,,,,,,,,
,,,,,,,,,,,,,,,,,,,,
,,,,,,,,,,,,,,,,,,,,
,,,,,,,,,,,,,,,,,,,,
,,,,,,,,,,,,,,,,,,,,
,,,,,,,,,,,,,,,,,,,,
,,,,,,,,,,,,,,,,,,,,
,,,,,,,,,,,,,,,,,,,,
,,,,,,,,,,,,,,,,,,,,
,,,,,,,,,,,,,,,,,,,,
,,,,,,,,,,,,,,,,,,,,
,,,,,,,,,,,,,,,,,,,,
,,,,,,,,,,,,,,,,,,,,
,,,,,,,,,,,,,,,,,,,,
,,,,,,,,,,,,,,,,,,,,
,,,,,,,,,,,,,,,,,,,,
,,,,,,,,,,,,,,,,,,,,
,,,,,,,,,,,,,,,,,,,,
185.0,食品,调味品,鲜萃/提取类调味品,松茸鲜,A,"定义：一种以松茸、香菇等食用菌经酶解提取后与食盐、淀粉等复配而成的颗粒或粉末状复合鲜味剂，可直接替代味精或鸡精用于炒菜、煲汤、凉拌，产品多为小袋或罐装，规格常见为50g至500g，定位为植物基、减钠型增鲜调味品。

快速核查要点

✅ 属于松茸鲜
名称含：松茸鲜、松茸调味料、松茸菌菇鲜、松茸提鲜粉
以松茸 / 菌菇为主要鲜味原料
形态：粉末 / 颗粒，替代鸡精、味精用于提鲜
❌ 不属于松茸鲜
纯味精、鸡精、鸡粉
酱油、醋、料酒、盐、糖
蚝油、鸡汁、鱼露、各类调味汁
香菇精、菌菇粉、牛肝菌调料（无松茸为主）
酱料、火锅底料、香辛料
📌 最简判断口诀
带松茸鲜、菌菇提鲜、粉 / 颗粒状 → 是松茸鲜
鸡精、味精、酱、油、汁、醋 → 不是松茸鲜","1. 按产品名称
松茸鲜
松茸调味料
松茸菌菇鲜
松茸提鲜粉
菌菇松茸鲜
2. 按成分类型
纯松茸菌菇提取物调味料
松茸 + 菌菇复合鲜调味料
零添加松茸鲜
家用 / 餐饮装松茸鲜
3. 按功能用途
炒菜松茸鲜
煲汤松茸鲜
凉拌松茸鲜
蒸煮提鲜松茸鲜","1. 传统鲜味调料
味精、鸡精、鸡粉
2. 发酵类调料
酱油、生抽、老抽、醋、料酒
3. 膏 / 汁类调料
蚝油、鸡汁、鱼露、调味汁
4. 香辛料 / 酱料类
盐、糖、豆瓣酱、甜面酱、辣椒酱
5. 其他菌菇调料（不含松茸为主）
菌菇粉、香菇精、牛肝菌调料（不以松茸为核心）",太太乐,纯松茸菌菇鲜,,菌菇清新型,自立拉链袋,,,,,,,
,,,,,,,,,海天,松茸 + 多种菌菇复合鲜,,浓鲜醇厚型,塑料瓶装 / 罐,,,,,,,
,,,,,,,,,李锦记,零添加松茸鲜,,零添加淡口型,玻璃瓶装,,,,,,,
,,,,,,,,,欣和,减盐松茸鲜,,其他,大袋 / 大桶装,,,,,,,
,,,,,,,,,六月鲜,,,,小包装 / 条装,,,,,,,
,,,,,,,,,,,,,礼盒装,,,,,,,
,,,,,,,,,,,,,组合装,,,,,,,
,,,,,,,,,,,,,,,,,,,,
,,,,,,,,,,,,,,,,,,,,
,,,,,,,,,,,,,,,,,,,,
,,,,,,,,,,,,,,,,,,,,
,,,,,,,,,,,,,,,,,,,,
,,,,,,,,,,,,,,,,,,,,
,,,,,,,,,,,,,,,,,,,,
,,,,,,,,,,,,,,,,,,,,
,,,,,,,,,,,,,,,,,,,,
,,,,,,,,,,,,,,,,,,,,
,,,,,,,,,,,,,,,,,,,,
,,,,,,,,,,,,,,,,,,,,
,,,,,,,,,,,,,,,,,,,,
,,,,,,,,,,,,,,,,,,,,
,,,,,,,,,,,,,,,,,,,,
186.0,食品,调味品,鲜萃/提取类调味品,其他鲜萃/提取类调味品,,"定义：指未包含在鸡精、蚝油、鱼露、虾油、松茸鲜上述具体类别中，通过物理压榨、熬煮、浸提或生物发酵等工艺，从动物、植物或菌菇等天然食材中浓缩提取其风味物质制成的调味品。这类产品的核心是提供来源食材的特征性基础鲜味，形态包括液体、膏状或粉末，用于烹饪中的提鲜和风味塑造，构成一个多样化的补充性品类。

快速区分要点
原料经浓缩 / 萃取 / 酶解，鲜味浓度高
以单一或同类原料提取为主，非简单混合
核心功能：增鲜、提香、补味，不是调味上色","菌菇鲜 / 菌菇粉类：牛肝菌鲜、鸡枞鲜、香菇精、香菇粉、菌汤鲜、混合菌菇提取物
蔬果鲜 / 蔬鲜粉类：蔬菜精、蔬菜粉、果蔬提取物、番茄鲜、芹菜鲜、洋葱提取物
酵母提取物类：纯酵母抽提物、酵母精（YE）
鲜味剂类：I+G（呈味核苷酸二钠）、水解植物蛋白（HVP）、水解动物蛋白（HAP）
畜禽鲜类：牛精、猪精、鸡骨鲜、骨汤鲜、牛肉提取物、鸡肉提取物
其他水产提取物：扇贝鲜、瑶柱鲜、鲍鱼提取物、海带精、紫菜鲜
高汤类鲜萃调味品：鲜萃清汤、浓缩菌汤、浓缩鲜鸡汤（非复合汤底料）","1：鸡精、蚝油、鱼露、虾油、松茸鲜
2：盐、糖、味精、小苏打等基础单一调味品
3：酱油、醋、腐乳、豆豉等基础酿造调味品
4：火锅底料、麻辣烫料、卤料、酱汁、酱料等复合调味料
5：花椒、八角、辣椒、孜然等香辛料
6：方便面调料包、外卖调味包、腌制料
7：食用油、黄油、奶油等油脂类",太太乐,,,原味 ,瓶装（玻璃/塑料）,,,,,,,
,,,,,,,,,海天,,,菌菇鲜味,管装（膏状）,,,,,,,
,,,,,,,,,李锦记,,,海鲜鲜味,袋装（液体/粉末）,,,,,,,
,,,,,,,,,欣和,,,蔬菜鲜味,罐装,,,,,,,
,,,,,,,,,六月鲜,,,肉骨鲜味,盒装（内含独立小包）,,,,,,,
,,,,,,,,,,,,复合鲜味,其他,,,,,,,
,,,,,,,,,,,,淡盐,,,,,,,,
,,,,,,,,,,,,其他,,,,,,,,
,,,,,,,,,,,,,,,,,,,,
,,,,,,,,,,,,,,,,,,,,
,,,,,,,,,,,,,,,,,,,,
,,,,,,,,,,,,,,,,,,,,
,,,,,,,,,,,,,,,,,,,,
,,,,,,,,,,,,,,,,,,,,
,,,,,,,,,,,,,,,,,,,,
,,,,,,,,,,,,,,,,,,,,
,,,,,,,,,,,,,,,,,,,,
,,,,,,,,,,,,,,,,,,,,
,,,,,,,,,,,,,,,,,,,,
,,,,,,,,,,,,,,,,,,,,
,,,,,,,,,,,,,,,,,,,,
,,,,,,,,,,,,,,,,,,,,
187.0,食品,调味品,香辛料及香辛料制品,芝麻及芝麻香油,B,"定义：芝麻及芝麻香油是以芝麻（白芝麻、黑芝麻）为核心原料，经不同工艺加工制成的香辛料及香辛料制品类调味品，包含两大细分类型：
芝麻制品：以芝麻为唯一或主要原料，经清洗、炒制、研磨（或不研磨）制成的产品，如熟芝麻、芝麻粉、芝麻碎，核心作用是增香、提味、点缀；
芝麻香油：以芝麻为唯一原料（或芝麻占比≥90%），经压榨、水代法等传统工艺提取制成的油脂类调味品，又称芝麻油、麻油，核心风味为芝麻的浓郁醇香，无额外添加香精、色素，主要用于凉拌、蘸料、出锅淋香。

快速排查方法
✅ 直接关键词：名称含芝麻（白芝麻 / 黑芝麻）、熟芝麻、芝麻粉、芝麻碎、芝麻香油、芝麻油、麻油，且标注 “调味品”“香辛料”“烹饪专用” 属性；
❌ 排除关键词：无 “零食、糖果、糕点、芝麻味调味油、复合香油” 等表述，避免与零食和复合调味油混淆。","芝麻制品：熟白芝麻、熟黑芝麻、芝麻粉、芝麻碎、烘烤芝麻（调味专用）；
芝麻香油：纯芝麻油（水代法 / 压榨法）、小磨香油、白芝麻香油、黑芝麻香油","芝麻类零食：芝麻糖、芝麻脆片、芝麻酥、夹心芝麻丸（含大量糖 / 油脂，主打零食属性）；
复合调味油：芝麻调和油（含大豆油等其他油脂）、花椒芝麻油（添加其他香料）；
其他芝麻制品：芝麻糊（冲调饮品）、芝麻酱（归为酱料类，非香辛料制品）。",六必居,,,浓郁芝麻香,玻璃瓶装,,,,,,,
,,,,,,,,,王致和,,,醇香,塑料瓶装,,,,,,,
,,,,,,,,,海天,,,清香,桶装,,,,,,,
,,,,,,,,,李锦记,,,其他,其他,,,,,,,
,,,,,,,,,欣和,,,,,,,,,,,
,,,,,,,,,,,,,,,,,,,,
,,,,,,,,,,,,,,,,,,,,
,,,,,,,,,,,,,,,,,,,,
,,,,,,,,,,,,,,,,,,,,
,,,,,,,,,,,,,,,,,,,,
,,,,,,,,,,,,,,,,,,,,
,,,,,,,,,,,,,,,,,,,,
,,,,,,,,,,,,,,,,,,,,
,,,,,,,,,,,,,,,,,,,,
,,,,,,,,,,,,,,,,,,,,
,,,,,,,,,,,,,,,,,,,,
,,,,,,,,,,,,,,,,,,,,
,,,,,,,,,,,,,,,,,,,,
,,,,,,,,,,,,,,,,,,,,
,,,,,,,,,,,,,,,,,,,,
,,,,,,,,,,,,,,,,,,,,
,,,,,,,,,,,,,,,,,,,,
188.0,食品,调味品,香辛料及香辛料制品,花椒及花椒油,C,"定义
花椒及花椒油是以花椒（红花椒、青花椒）为核心原料，经不同工艺加工制成的香辛料及香辛料制品类调味品，包含两大细分类型，同时明确花椒油的原料边界：
花椒制品：以整颗花椒或花椒籽为唯一原料，经清洗、干燥、炒制、研磨（或不研磨）制成的产品，如干花椒、花椒粉、花椒碎、花椒粒，核心作用是增香、赋麻、去腥，多用于热菜烹饪、卤制调味。
花椒油：以可食用植物油（菜籽油、大豆油等）为基底油，花椒为核心增香原料，经冷浸、热榨、蒸馏萃取等工艺制成的调味油，花椒需为主要风味来源，无额外添加辣椒、八角等其他香辛料，也不含大量增味剂、香精色素，核心风味为花椒的天然麻香，主要用于凉拌、蘸料、出锅淋香提味。

快速排查方法
✅ 直接关键词：名称含花椒（红 / 青）、干花椒、花椒粉、花椒碎、花椒油","花椒制品：干花椒粒（红 / 青）、花椒粉、花椒碎、炒制花椒；
花椒油：菜籽油基底花椒油、大豆油基底花椒油、蒸馏萃取花椒油（仅含植物油 + 花椒）","复合调味油类：花椒辣椒调味油、五香花椒油、花椒调味汁；
调和油类：花椒占比极低的食用调和油（主打煎炸功能）；
花椒类零食：花椒锅巴、花椒酥、即食花椒脆片；
复合香辛料：花椒八角混合粉、麻辣香锅调料包。",六必居,,,麻辣,玻璃瓶装,,,,,,,
,,,,,,,,,王致和,,,清香,塑料瓶装,,,,,,,
,,,,,,,,,海天,,,椒麻,桶装,,,,,,,
,,,,,,,,,李锦记,,,微麻,其他,,,,,,,
,,,,,,,,,欣和,,,中麻,,,,,,,,
,,,,,,,,,,,,特麻,,,,,,,,
,,,,,,,,,,,,椒香,,,,,,,,
,,,,,,,,,,,,其他,,,,,,,,
,,,,,,,,,,,,,,,,,,,,
,,,,,,,,,,,,,,,,,,,,
,,,,,,,,,,,,,,,,,,,,
,,,,,,,,,,,,,,,,,,,,
,,,,,,,,,,,,,,,,,,,,
,,,,,,,,,,,,,,,,,,,,
,,,,,,,,,,,,,,,,,,,,
,,,,,,,,,,,,,,,,,,,,
,,,,,,,,,,,,,,,,,,,,
,,,,,,,,,,,,,,,,,,,,
,,,,,,,,,,,,,,,,,,,,
,,,,,,,,,,,,,,,,,,,,
,,,,,,,,,,,,,,,,,,,,
,,,,,,,,,,,,,,,,,,,,
189.0,食品,调味品,香辛料及香辛料制品,胡椒及胡椒粉,,"定义：胡椒及胡椒粉是以胡椒（白胡椒、黑胡椒、绿胡椒）为唯一核心原料，经清洗、干燥、粉碎（或不粉碎）等工艺制成的香辛料及香辛料制品类调味品。

快速排查方法
直接关键词：名称含胡椒（白 / 黑 / 绿）、胡椒粒、胡椒碎、白胡椒粉、黑胡椒粉；
配料表仅含胡椒，无淀粉、食盐、味精、其他香辛料等添加成分。","胡椒制品（整粒 / 碎粒）：白胡椒粒、黑胡椒粒、绿胡椒粒、胡椒碎；
胡椒粉：白胡椒粉、黑胡椒粉、细磨胡椒粉、粗磨胡椒粉","复合调味制品：胡椒盐、胡椒五香粉、胡椒调味酱、胡椒汁；
胡椒味零食：胡椒味薯片、胡椒饼干、胡椒脆条；
其他含胡椒产品：胡椒味方便面调料包、胡椒味火锅底料。",,,,,,,,,,,,
,,,,,,,,,,,,,,,,,,,,
,,,,,,,,,,,,,,,,,,,,
,,,,,,,,,,,,,,,,,,,,
,,,,,,,,,,,,,,,,,,,,
,,,,,,,,,,,,,,,,,,,,
,,,,,,,,,,,,,,,,,,,,
,,,,,,,,,,,,,,,,,,,,
,,,,,C,,,,,,,,,,,,,,,
,,,,,,,,,,,,,,,,,,,,
,,,,,,,,,,,,,,,,,,,,
,,,,,,,,,,,,,,,,,,,,
,,,,,,,,,,,,,,,,,,,,
,,,,,,,,,,,,,,,,,,,,
,,,,,,,,,,,,,,,,,,,,
,,,,,,,,,,,,,,,,,,,,
,,,,,,,,,,,,,,,,,,,,
,,,,,,,,,,,,,,,,,,,,
,,,,,,,,,,,,,,,,,,,,
,,,,,,,,,,,,,,,,,,,,
,,,,,,,,,,,,,,,,,,,,
,,,,,,,,,,,,,,,,,,,,
190.0,食品,调味品,香辛料及香辛料制品,其他香辛料及香辛料制品,,"定义：除芝麻香油、花椒油、芝麻、花椒、胡椒、胡椒粉外，以单一或复合香辛料为原料经干燥、粉碎、调配、提取或油浸等工艺制成的固态、半固态或液态调味品，包括芥末酱、辣椒油、香辛料提取物等。产品形态涵盖粉末、颗粒、膏状、油状及浓缩液，通常以袋装、瓶装、罐装或桶装形式销售，用于烹饪增香、去腥、提味或佐餐。
包含三大类：
草本类香辛料（叶 / 茎 / 花为原料）
木本类香辛料（树皮 / 果实 / 根为原料）
籽实类香辛料（种子 / 果实为原料）","草本类香辛料（叶 / 茎 / 花为原料）：葱姜蒜制品，干姜片、大蒜粉、香葱碎、生姜粉；香菜籽 / 欧芹碎
木本类香辛料（树皮 / 果实 / 根为原料）：八角（大料）及八角粉、桂皮及桂皮粉、干燥香叶、月桂叶
籽实类香辛料（种子 / 果实为原料）：孜然及孜然粉、小茴香及小茴香粉",芝麻及芝麻香油、花椒及花椒油、胡椒及胡椒粉,,,,香辣,袋装,,,,,,,
,,,,,,,,,,,,麻辣,瓶装,,,,,,,
,,,,,,,,,,,,五香,罐装,,,,,,,
,,,,,,,,,,,,咖喱,桶装,,,,,,,
,,,,,,,,,,,,蒜香,管装,,,,,,,
,,,,,,,,,,,,孜然,盒装,,,,,,,
,,,,,,,,,,,,黑胡椒,其他,,,,,,,
,,,,,,,,,,,,芥末,,,,,,,,
,,,,,,,,,,,,甜辣,,,,,,,,
,,,,,,,,,,,,酸辣,,,,,,,,
,,,,,,,,,,,,酱香,,,,,,,,
,,,,,,,,,,,,本味,,,,,,,,
,,,,,,,,,,,,其他,,,,,,,,
,,,,,,,,,,,,,,,,,,,,
,,,,,,,,,,,,,,,,,,,,
,,,,,,,,,,,,,,,,,,,,
,,,,,,,,,,,,,,,,,,,,
,,,,,,,,,,,,,,,,,,,,
,,,,,,,,,,,,,,,,,,,,
,,,,,,,,,,,,,,,,,,,,
,,,,,,,,,,,,,,,,,,,,
,,,,,,,,,,,,,,,,,,,,
191.0,食品,调味品,复合调味品,传统式复合调味品,A,"定义：指在长期烹饪实践中形成的、具有固定风味和广泛认知度的基础调味混合物，其核心功能是为菜肴提供经典、稳定的复合风味。这类产品通常由盐、糖、酱油、香辛料等基础调味料按传统比例混合而成，形态多为粉末、酱状或膏状，如五香粉、十三香等，常用于日常烹饪中的调味与增香。

快速核查要点
✅ 属于传统式复合调味品
两种及以上原料调配而成，不是单一调味品
中式家常 / 餐饮常用，偏红烧、卤煮、炒菜、酱料
名称常见：调料包、卤料、复合料
❌ 不属于传统式复合调味品
单一基础调味品
盐、糖、味精、鸡精、单纯酱油、醋、料酒、蚝油、香油
单一香辛料
八角、桂皮、花椒、孜然、干辣椒、芝麻
西式 / 新式调味
沙拉酱、番茄酱、牛排酱、松茸鲜
食用油类
大豆油、花生油、调和油等
📌 最简判断口诀
中式、多种料配成、调料包 → 是传统复合调
单一、油、西式、松茸鲜 → 不是","家常复合粉料
五香粉、十三香、包子饺子料、炖肉料、椒盐、孜然粉、辣椒粉复合调料","1. 单一基础调味品
盐、白糖、冰糖、味精、鸡精、鸡粉
单纯酱油、醋、料酒、蚝油、香油
2. 单一香辛料
八角、桂皮、香叶、花椒、孜然、干辣椒
单纯芝麻、单纯花生、单纯胡椒
3. 西式 / 新式复合调味品
沙拉酱、番茄酱、千岛酱、黑胡椒酱、牛排酱
松茸鲜、西式调味粉、西式浓汤料
4. 中式复合调味酱
黄豆酱、豆瓣酱、沙茶酱、芝麻酱、甜面酱、菌菇酱等
5. 菜谱式复合调味品
6. 火锅底料、火锅蘸料
7. 复合调味汁
8. 油脂类
大豆油、花生油、调和油、橄榄油、辣椒油",王守义,中式炒菜类,,麻辣型,袋装,,,,,,,
,,,,,,,,,十三香,红烧 / 卤味类,,酱香浓香型,瓶装,,,,,,,
,,,,,,,,,海天,凉拌菜类,,鲜香型,罐装,,,,,,,
,,,,,,,,,李锦记,面食调料类,,甜辣型 ,盒装,,,,,,,
,,,,,,,,,太太乐,腌制类,,香辣型,挤压瓶装,,,,,,,
,,,,,,,,,,,,五香型,礼盒装,,,,,,,
,,,,,,,,,,,,卤香型,组合装,,,,,,,
,,,,,,,,,,,,其他,,,,,,,,
,,,,,,,,,,,,,,,,,,,,
,,,,,,,,,,,,,,,,,,,,
,,,,,,,,,,,,,,,,,,,,
,,,,,,,,,,,,,,,,,,,,
,,,,,,,,,,,,,,,,,,,,
,,,,,,,,,,,,,,,,,,,,
,,,,,,,,,,,,,,,,,,,,
,,,,,,,,,,,,,,,,,,,,
,,,,,,,,,,,,,,,,,,,,
,,,,,,,,,,,,,,,,,,,,
,,,,,,,,,,,,,,,,,,,,
,,,,,,,,,,,,,,,,,,,,
,,,,,,,,,,,,,,,,,,,,
,,,,,,,,,,,,,,,,,,,,
192.0,食品,调味品,复合调味品,菜谱式复合调味品,A,"定义：专为烹饪某一道或一类特定菜肴而设计的风味解决方案，其核心功能是简化烹饪步骤，帮助家庭用户便捷地复现餐厅或地方特色风味。产品通常将所需的主辅调味料、香辛料及增稠剂等预先调配好，形态多为酱包、粉包或液体料包，如麻婆豆腐调料、酸菜鱼调料、宫保鸡丁调料等，使用时一般需搭配指定的主食材进行炒制或炖煮。

快速核查要点
✅ 是菜谱式复合调味品
包装写：专用于某道菜 / 某类菜
功能：一料成菜，不用再配其他主调料
典型：酸菜鱼、麻婆豆腐、红烧肉、小龙虾、火锅底料、大盘鸡等专用料包 / 酱料
❌ 不是菜谱式复合调味品
单一调料：盐、糖、酱油、醋、味精、蚝油、香油、单一香辛料
通用复合：五香粉、十三香、豆瓣酱、辣椒酱、咖喱粉、沙茶酱
佐餐酱：下饭酱、腐乳、咸菜、橄榄菜
普通蘸料：火锅蘸料、沙拉酱、番茄酱
🚀 1 秒判断口诀
专做一道菜＝是
通用 / 佐餐 / 单一＝不是","1. 中式家常菜专用
鱼香肉丝调料、麻婆豆腐调料、回锅肉调料、宫保鸡丁调料
红烧肉 / 排骨调料、黄焖鸡调料、糖醋里脊调料
酸菜鱼调料、水煮鱼 / 肉片调料、毛血旺调料
2. 特色风味 / 地域菜
小龙虾调料（麻辣 / 蒜蓉 / 十三香）、花甲调料
大盘鸡调料、新疆手抓饭调料、韩式部队锅调料","1. 单一基础调味品
盐、糖、味精、鸡精、酱油、醋、料酒、蚝油、香油、单一香辛料（花椒、八角、桂皮等）
2. 通用型复合调味品
五香粉、十三香、咖喱粉、椒盐、沙茶酱、柱侯酱、豆瓣酱、辣椒酱、番茄酱、沙拉酱、蛋黄酱
鸡精、牛肉精、复合鲜味粉、普通火锅蘸料（非锅底）
3. 佐餐 / 直接食用类
腐乳、豆豉、榨菜、咸菜、橄榄菜、各类下饭酱（如香菇酱、牛肉酱）
4. 发酵类单一品类
纯发酵酱油、纯发酵醋、纯发酵豆瓣酱（非复配型）
仅提供单一功能的复配品
仅增鲜的复合鲜味剂、仅增香的香辛料混合物、仅上色的复配色素类
5. 火锅底料 / 火锅蘸料",王守义,中式家常类,,麻辣味,袋装,,,,,,,
,,,,,,,,,十三香,川湘辣味类,,香辣味,瓶装,,,,,,,
,,,,,,,,,海天,炖卤酱烧类,,酸辣味,挤挤瓶,,,,,,,
,,,,,,,,,李锦记,西式 / 异域类,,酱香味,盒装,,,,,,,
,,,,,,,,,太太乐,汤粉面类,,酸菜味,礼盒装,,,,,,,
,,,,,,,,,,,,鱼香味,组合装,,,,,,,
,,,,,,,,,,,,糖醋味,,,,,,,,
,,,,,,,,,,,,黑椒味,,,,,,,,
,,,,,,,,,,,,咖喱味,,,,,,,,
,,,,,,,,,,,,蒜香味,,,,,,,,
,,,,,,,,,,,,番茄味,,,,,,,,
,,,,,,,,,,,,菌菇味,,,,,,,,
,,,,,,,,,,,,藤椒味,,,,,,,,
,,,,,,,,,,,,小龙虾味,,,,,,,,
,,,,,,,,,,,,其他,,,,,,,,
,,,,,,,,,,,,,,,,,,,,
,,,,,,,,,,,,,,,,,,,,
,,,,,,,,,,,,,,,,,,,,
,,,,,,,,,,,,,,,,,,,,
,,,,,,,,,,,,,,,,,,,,
,,,,,,,,,,,,,,,,,,,,
,,,,,,,,,,,,,,,,,,,,
193.0,食品,调味品,复合调味品,火锅底料,A,"定义：专用于调制火锅汤底的核心调味品，其核心功能是提供火锅涮煮食材所需的基底风味、香气和色泽。产品通常由牛油、植物油、辣椒、花椒、豆瓣酱、多种香辛料及调味料经炒制或熬制而成，形态多为固态块状、半固态或液态，常见于麻辣、清汤、番茄、菌汤等风味类别，使用时需加水或高汤煮沸形成火锅汤底。

快速核查要点
✅ 属于火锅底料（核心特征）
专为火锅/汤锅场景定制，需下锅煮制形成锅底风味，例如：牛油/清油/番茄/菌汤火锅底料、串串香/冒菜/麻辣烫底料、一人食小份火锅底料等。
❌ 不属于火锅底料（快速排查）
1. 单一基础调味品
2. 火锅相关配套调味（非底料）
3. 通用型复合调味品
4. 佐餐/直接食用类
5. 非火锅场景专用调味品
6. 仅提供单一功能的复配品
🚀 1秒判断口诀
煮锅底、一料成底＝是；蘸着吃、单一料、通用酱、非火锅用＝不是","1. 中式经典火锅底料
牛油火锅底料、清油火锅底料、麻辣火锅底料、藤椒火锅底料、泡椒火锅底料
番茄火锅底料、菌汤火锅底料、骨汤火锅底料、清汤火锅底料、浓汤火锅底料
2. 特色/地域火锅/汤锅底料
冬阴功火锅底料、咖喱火锅底料、韩式部队锅底料、日式寿喜烧底料
串串香底料、冒菜底料、麻辣烫底料、冷锅串串底料
3. 便捷适配型火锅底料
一人食小份火锅底料、小块分装火锅底料、懒人免炒火锅底料
川味红汤底料、粤式清汤底料、滇式菌汤底料、湘式香辣火锅底料","1. 单一基础调味品
盐、糖、味精、鸡精、酱油、醋、料酒、蚝油、香油、单一香辛料（花椒、八角、桂皮、干辣椒等）
2. 火锅相关配套调味（非底料）
火锅蘸料（芝麻酱、沙茶酱、香油碟、蒜泥蘸料、花生碎蘸料、成品小料包）
火锅涮煮专用蘸酱（如牛肉酱、香菇酱、蒜蓉辣酱，仅用于蘸食）
3. 通用型复合调味品
五香粉、十三香、咖喱粉、椒盐、沙茶酱、柱侯酱、豆瓣酱、辣椒酱、番茄酱
复合鲜味粉、牛肉精、鸡精、普通佐餐酱（非锅底专用）
4. 佐餐/直接食用类
腐乳、豆豉、榨菜、咸菜、橄榄菜、各类下饭酱（如香菇酱、牛肉酱、剁椒酱）
5. 非火锅场景专用调味品
炒菜/炖菜专用酱料（红烧肉料、麻婆豆腐料、酸菜鱼料）、烧烤腌料/撒料、凉拌汁
6. 仅提供单一功能的复配品
仅增鲜的复合鲜味剂、仅增香的香辛料混合物、仅上色的复配色素类、仅增辣的辣椒面混合物",海底捞,牛油火锅底料,,麻辣味,袋装（固态块状）,,,,,,,
,,,,,,,,,呷哺呷哺,清油火锅底料,,清汤,袋装（半固态/液态）,,,,,,,
,,,,,,,,,德庄,混合油底料,,番茄味,盒装,,,,,,,
,,,,,,,,,小肥羊,,,菌汤,罐装,,,,,,,
,,,,,,,,,红九九,,,牛油,瓶装,,,,,,,
,,,,,,,,,,,,三鲜,挤挤装,,,,,,,
,,,,,,,,,,,,酸菜味,礼盒装,,,,,,,
,,,,,,,,,,,,酸汤,组合装,,,,,,,
,,,,,,,,,,,,藤椒,,,,,,,,
,,,,,,,,,,,,海鲜味,,,,,,,,
,,,,,,,,,,,,咖喱,,,,,,,,
,,,,,,,,,,,,骨汤,,,,,,,,
,,,,,,,,,,,,香辣味,,,,,,,,
,,,,,,,,,,,,麻辣味,,,,,,,,
,,,,,,,,,,,,其他,,,,,,,,
,,,,,,,,,,,,,,,,,,,,
,,,,,,,,,,,,,,,,,,,,
,,,,,,,,,,,,,,,,,,,,
,,,,,,,,,,,,,,,,,,,,
,,,,,,,,,,,,,,,,,,,,
,,,,,,,,,,,,,,,,,,,,
,,,,,,,,,,,,,,,,,,,,
194.0,食品,调味品,复合调味品,蘸料,C,定义：蘸料是指以食用油脂、大豆、小麦、辣椒、芝麻、花生、香辛料、食用盐、白砂糖、增味剂等为主要原料，经调配、研磨、乳化、发酵或熬制加工而成，主要用于食物蘸食、佐餐调味的半固态或液态复合调味品；通常直接搭配火锅、烧烤、水饺、面食、凉菜等食用，用于提味增香、丰富口感，是餐饮及家庭常用佐餐类调味品。,"火锅蘸料
烧烤蘸料
水饺蘸料
拌面蘸料
凉菜蘸料
香辣蘸料
干碟蘸料
芝麻酱蘸料
花生酱蘸料
沙茶蘸料
韭花酱蘸料
腐乳汁蘸料
蒜蓉蘸料
红油蘸料
藤椒蘸料","烹饪用酱油
烹饪用醋
烹饪用豆瓣酱
烹饪用甜面酱
烹饪用蚝油
烹饪用鸡精味精
辣椒酱类主调味品
佐餐咸菜酱菜
火锅底料
烹饪调味酱汁",海底捞,火锅专用蘸料,,原味,袋装,,,,,,,
,,,,,,,,,呷哺呷哺,烧烤专用蘸料,,香辣,盒装,,,,,,,
,,,,,,,,,草原红太阳,面食水饺蘸料,,麻辣,罐装,,,,,,,
,,,,,,,,,川崎,干蘸料,,微辣,瓶装,,,,,,,
,,,,,,,,,六必居,湿蘸料,,藤椒,挤压瓶包装,,,,,,,
,,,,,,,,,王致和,原味蘸料,,孜然,独立小包装,,,,,,,
,,,,,,,,,阳坊胜利,香辣蘸料,,蒜蓉,杯装,,,,,,,
,,,,,,,,,饭扫光,复合调味蘸料,,香葱,组合装,,,,,,,
,,,,,,,,,虎邦,,,芝麻,,,,,,,,
,,,,,,,,,辣妹子,,,花生,,,,,,,,
,,,,,,,,,德庄,,,五香,,,,,,,,
,,,,,,,,,秦妈,,,海鲜,,,,,,,,
,,,,,,,,,,,,沙茶,,,,,,,,
,,,,,,,,,,,,韭花,,,,,,,,
,,,,,,,,,,,,腐乳,,,,,,,,
,,,,,,,,,,,,,,,,,,,,
,,,,,,,,,,,,,,,,,,,,
,,,,,,,,,,,,,,,,,,,,
,,,,,,,,,,,,,,,,,,,,
,,,,,,,,,,,,,,,,,,,,
,,,,,,,,,,,,,,,,,,,,
,,,,,,,,,,,,,,,,,,,,
195.0,食品,调味品,复合调味品,浓汤宝,C,"定义：浓汤宝是以畜禽肉（鸡、猪、牛等）、水产（鱼、虾等）、蔬菜、骨汤提取物为主要原料，搭配食用盐、味精、呈味核苷酸二钠、香辛料等辅料，经蒸煮、酶解、浓缩、干燥、成型等工艺制成的固态或半固态复合调味制品。其核心功能是快速调制汤底，通过简单加水煮沸即可得到风味浓郁的汤品，适配家庭烹饪、快餐制作等场景。

快速排查方法
看商品名称
直接关键词：名称中含浓汤宝、高汤块、浓汤块、速溶汤料块等字样，基本可判定属于该品类；
风味关键词：名称带鸡汤味、猪骨味、牛骨味、海鲜味等明确汤底风味表述，且标注 “速溶”“快煮” 的，属于该品类；
排除混淆词：名称仅标注 “鸡精”“味精”“清汤底料”“煲汤料包（含食材）” 的，不属于该品类。

看配料表构成
核心判定：配料表包含肉 / 骨 / 水产提取物、增味剂（味精 + 呈味核苷酸二钠）、食用盐三种及以上成分，且无完整生鲜食材（如整块鸡肉、蔬菜段）；
形态辅助判定：配料表标注 “麦芽糊精、变性淀粉” 等成型剂，说明为固态 / 半固态成型制品，符合浓汤宝特征；
排除判定：配料表含大量生鲜食材（如香菇、玉米、排骨）的煲汤料包，不属于该品类。","按风味划分：鸡汤味浓汤宝、猪骨味浓汤宝、牛骨味浓汤宝、海鲜味浓汤宝、菌菇味浓汤宝；
按形态划分：固态方块状浓汤宝、半固态膏状浓汤宝、粉末压缩型浓汤宝；
按用途划分：家用速食浓汤宝、餐饮专用汤底浓汤宝。","单一增味剂：鸡精、味精、鸡粉等无肉骨提取物的纯增鲜制品；
煲汤食材包：含生鲜肉、蔬菜、干货的煲汤料（需长时间炖煮，非速溶）；
液态汤料：即食浓汤、浓缩骨汤液（非固态 / 半固态成型制品）；
其他复合调味料：火锅底料、炒菜料、炖卤料（用途与速制汤底无关）。",,,,老母鸡汤口味,,,,,,,,
,,,,,,,,,,,,猪骨浓汤口味,,,,,,,,
,,,,,,,,,,,,牛肉浓汤口味,,,,,,,,
,,,,,,,,,,,,清鸡靓汤口味,,,,,,,,
,,,,,,,,,,,,菌菇靓汤口味,,,,,,,,
,,,,,,,,,,,,鲜虾靓汤口味,,,,,,,,
,,,,,,,,,,,,松露鸡汤口味,,,,,,,,
,,,,,,,,,,,,云南松茸鸡汤口味,,,,,,,,
,,,,,,,,,,,,昆布味噌汤底口味,,,,,,,,
,,,,,,,,,,,,番茄浓汤口味,,,,,,,,
,,,,,,,,,,,,低脂老母鸡汤口味,,,,,,,,
,,,,,,,,,,,,低脂猪骨浓汤口味,,,,,,,,
,,,,,,,,,,,,鲜炖老母鸡汤口味,,,,,,,,
,,,,,,,,,,,,鲜炖老火猪骨口味,,,,,,,,
,,,,,,,,,,,,其他,,,,,,,,
,,,,,,,,,,,,,,,,,,,,
,,,,,,,,,,,,,,,,,,,,
,,,,,,,,,,,,,,,,,,,,
,,,,,,,,,,,,,,,,,,,,
,,,,,,,,,,,,,,,,,,,,
,,,,,,,,,,,,,,,,,,,,
,,,,,,,,,,,,,,,,,,,,
196.0,食品,调味品,复合调味品,复合调味汁,B,"定义：指已调制完成、可直接用于菜肴调味或佐餐的液态或半液态复合调味品，其核心功能是为食物提供即食性的风味增强和口感调节。产品通常由酱油、醋、糖、香料、增稠剂等成分混合而成，质地均匀，无需二次调配，如黑椒汁、鱼香汁、烧烤汁、油醋汁等，常用于烹饪后期的调味、淋汁或作为蘸料直接使用。

快速排查方法
名带酱汁汁：商品名称含 “调味汁、酱汁、料汁” 等核心词；
料含两种底：配料表有两种及以上基础调味品基底；
液态能直用：形态为液态 / 半液态，开瓶即可直接使用；
专配菜和食：用途是针对菜肴调味或直接蘸食。","按风味 / 用途划分：凉拌调味汁、红烧酱汁、糖醋汁、烤肉蘸汁、拌面酱汁、麻辣调味汁；
按形态划分：液态调味汁（如生抽型调味汁）、半液态调味汁（如带少量辣椒碎的香辣汁）；
按菜系适配划分：川菜麻辣调味汁、粤菜豉油调味汁、鲁菜糖醋汁。","单一液态调味品：纯酱油、纯醋、纯蚝油等无复合调配的单一制品；
半固态酱类：豆瓣酱、甜面酱、蒜蓉酱等质地粘稠、无流动性的制品；
固态复合调味料：浓汤宝、火锅底料块、烧烤撒料等非液态制品；
即食汤汁类：高汤、菌汤等无调味功能的纯汤品；
食用油类：香油、辣椒油等单一油脂类调味品。",海天,,,黑椒味,瓶装,,,,,,,
,,,,,,,,,李锦记,,,鱼香味,袋装,,,,,,,
,,,,,,,,,欣和,,,豉香味,泵装/挤压装,,,,,,,
,,,,,,,,,六月鲜,,,烧烤味,管装,,,,,,,
,,,,,,,,,厨邦,,,香辣味,桶装,,,,,,,
,,,,,,,,,,,,蒜香味,盒装,,,,,,,
,,,,,,,,,,,,蚝油味,其他,,,,,,,
,,,,,,,,,,,,番茄味,,,,,,,,
,,,,,,,,,,,,糖醋味,,,,,,,,
,,,,,,,,,,,,酸甜味,,,,,,,,
,,,,,,,,,,,,麻香味,,,,,,,,
,,,,,,,,,,,,芥末味,,,,,,,,
,,,,,,,,,,,,泰式甜辣,,,,,,,,
,,,,,,,,,,,,其他,,,,,,,,
,,,,,,,,,,,,,,,,,,,,
,,,,,,,,,,,,,,,,,,,,
,,,,,,,,,,,,,,,,,,,,
,,,,,,,,,,,,,,,,,,,,
,,,,,,,,,,,,,,,,,,,,
,,,,,,,,,,,,,,,,,,,,
,,,,,,,,,,,,,,,,,,,,
,,,,,,,,,,,,,,,,,,,,
197.0,食品,调味品,复合调味品,其他复合调味品,,"定义
指无法归入上述任一明确类别的复合调味品，其核心功能仍是为食物提供预先混合好的复合风味。这类产品可能具有独特的应用场景、配方或形态，是上述主流类别之外的补充，其具体特征需根据产品的实际配方、形态和用途进行个案界定。

核心定义
由两种及以上基础调味品、香辛料、风味配料混合调配加工而成，具有明确调味功能的非单一型调味品；不属于上述列明的复合调味品类目，统一归入此类。

快速区分要点
多种原料混合配制，不是单一成分
不属于你列出的 6 类典型复合调味
以烹饪、腌制、蘸食、撒拌为主",,单一原料调味品、已明确归类的传统式 / 菜谱式 / 火锅类 / 浓汤宝 / 复合调味汁类产品,王守义,,,麻辣,瓶装,,,,,,,
,,,,,,,,,十三香,,,酸辣,袋装,,,,,,,
,,,,,,,,,海天,,,五香,盒装,,,,,,,
,,,,,,,,,李锦记,,,咖喱,罐装,,,,,,,
,,,,,,,,,太太乐,,,烧烤,,,,,,,,
,,,,,,,,,,,,海鲜,,,,,,,,
,,,,,,,,,,,,番茄,,,,,,,,
,,,,,,,,,,,,沙茶,,,,,,,,
,,,,,,,,,,,,其他,,,,,,,,
,,,,,,,,,,,,,,,,,,,,
,,,,,,,,,,,,,,,,,,,,
,,,,,,,,,,,,,,,,,,,,
,,,,,,,,,,,,,,,,,,,,
,,,,,,,,,,,,,,,,,,,,
,,,,,,,,,,,,,,,,,,,,
,,,,,,,,,,,,,,,,,,,,
,,,,,,,,,,,,,,,,,,,,
,,,,,,,,,,,,,,,,,,,,
,,,,,,,,,,,,,,,,,,,,
,,,,,,,,,,,,,,,,,,,,
,,,,,,,,,,,,,,,,,,,,
,,,,,,,,,,,,,,,,,,,,
198.0,食品,调味品,酱腌菜,榨菜,B,"定义：以茎瘤芥（青菜头）的瘤状茎为原料，经盐腌、脱水、调味并密封发酵制成的酱腌菜。其成品通常呈块状或丝状，口感脆嫩，咸鲜味突出，是常见的佐餐小菜或烹饪配料。

快速排查方法
1、名称含榨菜、榨菜丝、榨菜丁、榨菜芯、涪陵榨菜等字样，基本可判定属于该品类；
2、配料表首位为茎瘤芥（青菜头），且包含食用盐、香辛料（辣椒、花椒等）、调味料（糖、味精等），具备酱腌菜工艺特征","按形态划分：榨菜丝、榨菜丁、榨菜芯、榨菜片、整颗榨菜；
按风味划分：原味榨菜、麻辣榨菜、鲜香榨菜、清爽榨菜、五香榨菜；
按工艺划分：传统坛装发酵榨菜、真空包装即食榨菜、低盐榨菜。","其他酱腌菜：萝卜干、泡菜、雪菜、大头菜、咸菜等非茎瘤芥原料制品；
复合调味酱：榨菜风味酱、榨菜肉酱（酱料占比高，归为复合调味酱）；

生鲜原料：新鲜茎瘤芥（未经过腌制调味工艺）。",乌江,,,咸鲜味,袋装,,,,,,,
,,,,,,,,,六必居,,,微辣味,瓶装,,,,,,,
,,,,,,,,,王致和,,,麻辣味,罐装,,,,,,,
,,,,,,,,,三和四美,,,香辣味,,,,,,,,
,,,,,,,,,吉香居,,,五香味,,,,,,,,
,,,,,,,,,,,,原味,,,,,,,,
,,,,,,,,,,,,酸辣味,,,,,,,,
,,,,,,,,,,,,泡椒味,,,,,,,,
,,,,,,,,,,,,酱香味,,,,,,,,
,,,,,,,,,,,,其他,,,,,,,,
,,,,,,,,,,,,,,,,,,,,
,,,,,,,,,,,,,,,,,,,,
,,,,,,,,,,,,,,,,,,,,
,,,,,,,,,,,,,,,,,,,,
,,,,,,,,,,,,,,,,,,,,
,,,,,,,,,,,,,,,,,,,,
,,,,,,,,,,,,,,,,,,,,
,,,,,,,,,,,,,,,,,,,,
,,,,,,,,,,,,,,,,,,,,
,,,,,,,,,,,,,,,,,,,,
,,,,,,,,,,,,,,,,,,,,
,,,,,,,,,,,,,,,,,,,,
199.0,食品,调味品,酱腌菜,泡菜/酸菜,C,"定义：通过将芥菜、大白菜等蔬菜置于盐水或调味液中，经乳酸菌自然发酵或快速腌制而成的酸性腌渍品。其核心特征是具有明显的酸味和发酵风味，蔬菜质地因发酵而软化，常作为开胃菜、配菜或烹饪辅料使用，在中国北方、四川及东北等地均有不同工艺和风味的代表性产品。

快速排查方法
✅ 直接关键词：名称含泡菜、酸菜、辣白菜、芥菜泡菜等字样，且标注 “酱腌菜” 类别；
✅ 地域关键词：带 “东北酸菜、川味芥菜泡菜” 等地域标识的，属于该品类；
❌ 排除混淆词：名称标注 “酸萝卜、泡豇豆、咸菜（非芥菜 / 大白菜原料）、泡菜风味酱” 的，不属于该品类。","按地域 / 风味划分：东北酸菜、川味泡菜、韩式辣白菜；
按原料划分：芥菜泡菜、大白菜酸菜、辣白菜（大白菜发酵制品）；
按工艺划分：传统坛装发酵泡菜 / 酸菜、真空包装即食泡菜 / 酸菜、低盐轻发酵泡菜 / 酸菜；
按风味划分：原味酸菜、麻辣泡菜、鲜香泡菜","其他原料发酵腌制品：酸萝卜、泡豇豆、泡辣椒（原料非芥菜 / 大白菜）；
非发酵酱腌菜：咸菜（纯盐渍无发酵）、酱菜（酱料腌制）；
复合调味制品：泡菜风味酱、酸菜肉酱（酱料占比高于蔬菜）；
休闲零食：泡菜味薯片、酸菜味膨化食品（非酱腌菜工艺）",乌江,,,酸味,袋装,,,,,,,
,,,,,,,,,六必居,,,微辣,罐装,,,,,,,
,,,,,,,,,王致和,,,麻辣,瓶装,,,,,,,
,,,,,,,,,三和四美,,,蒜香,,,,,,,,
,,,,,,,,,吉香居,,,甜酸,,,,,,,,
,,,,,,,,,,,,原味,,,,,,,,
,,,,,,,,,,,,香辣,,,,,,,,
,,,,,,,,,,,,泡椒味,,,,,,,,
,,,,,,,,,,,,酱香,,,,,,,,
,,,,,,,,,,,,其他,,,,,,,,
,,,,,,,,,,,,,,,,,,,,
,,,,,,,,,,,,,,,,,,,,
,,,,,,,,,,,,,,,,,,,,
,,,,,,,,,,,,,,,,,,,,
,,,,,,,,,,,,,,,,,,,,
,,,,,,,,,,,,,,,,,,,,
,,,,,,,,,,,,,,,,,,,,
,,,,,,,,,,,,,,,,,,,,
,,,,,,,,,,,,,,,,,,,,
,,,,,,,,,,,,,,,,,,,,
,,,,,,,,,,,,,,,,,,,,
,,,,,,,,,,,,,,,,,,,,
200.0,食品,调味品,酱腌菜,萝卜,C,"定义：以白萝卜、胡萝卜等萝卜属植物为原料，经盐渍、调味加工而成的酱腌菜。成品形态多样，包括条、块、片或整个腌制，口感爽脆，风味以咸、甜、辣等为主，是广泛消费的佐餐腌菜，常见于瓶装、袋装等预包装形式。部分产品经二次酱渍或糖醋渍。

快速排查方法
配料表首位必须是萝卜原料且为主要原料，无其他蔬菜原料；
商品名称含 “萝卜干、腌萝卜、酱萝卜、糖醋萝卜、酸萝卜、萝卜条（腌渍型）” 等核心词；","按形态划分：整根腌萝卜、萝卜条、萝卜丝、萝卜丁、萝卜片
按工艺划分：盐渍萝卜干、酱渍萝卜块、糖醋萝卜条、发酵型酸萝卜；
按原料划分：白萝卜腌制品、青萝卜腌制品、胡萝卜腌制品；
按风味划分：咸香萝卜干、酸辣腌萝卜、酸甜糖醋萝卜、酸爽酸萝卜","复合调味酱：萝卜酱、萝卜肉酱（酱料占比高于萝卜，归为复合调味酱）；
其他酱腌菜：、雪菜、榨菜、泡菜/酸菜等酱腌菜品类",乌江,,,咸,袋装,,,,,,,
,,,,,,,,,六必居,,,甜,瓶装,,,,,,,
,,,,,,,,,王致和,,,辣,罐装,,,,,,,
,,,,,,,,,三和四美,,,酸辣,,,,,,,,
,,,,,,,,,吉香居,,,糖醋,,,,,,,,
,,,,,,,,,,,,五香,,,,,,,,
,,,,,,,,,,,,麻辣,,,,,,,,
,,,,,,,,,,,,蒜香,,,,,,,,
,,,,,,,,,,,,酱香,,,,,,,,
,,,,,,,,,,,,泡椒,,,,,,,,
,,,,,,,,,,,,鲜香,,,,,,,,
,,,,,,,,,,,,其他,,,,,,,,
,,,,,,,,,,,,,,,,,,,,
,,,,,,,,,,,,,,,,,,,,
,,,,,,,,,,,,,,,,,,,,
,,,,,,,,,,,,,,,,,,,,
,,,,,,,,,,,,,,,,,,,,
,,,,,,,,,,,,,,,,,,,,
,,,,,,,,,,,,,,,,,,,,
,,,,,,,,,,,,,,,,,,,,
,,,,,,,,,,,,,,,,,,,,
,,,,,,,,,,,,,,,,,,,,
201.0,食品,调味品,酱腌菜,酱黄瓜,C,"定义：以黄瓜（尤指小黄瓜或乳瓜）为原料，通过盐渍、酱渍、发酵等工艺，搭配食盐、酱油、面酱、香辛料、糖、醋等辅料调味，经密封腌制、熟化、灭菌包装制成的酱腌菜。其核心特征是浓郁的酱香气、咸鲜回甜的风味，成品呈深褐色，口感脆韧，常作为佐粥小菜或直接食用，多采用瓶装、袋装或散装形式。

快速排查方法
✅ 直接关键词：名称含 ** 黄瓜、腌黄瓜、酱黄瓜、酸黄瓜、脆黄瓜（腌渍型）** 等字样，且标注 “酱腌菜” 类别；
✅ 风味关键词：名称带 “咸香、酱香、酸甜、酸辣” 等描述，且指向黄瓜腌制品；
核心判定：配料表首位为黄瓜，无其他蔬菜原料占比高于黄瓜，含食盐、酱油 / 面酱 / 香辛料等腌渍调味成分；","按工艺划分：盐渍腌黄瓜、酱渍酱黄瓜、发酵酸黄瓜、糖醋黄瓜；
按形态划分：整根腌黄瓜、黄瓜条、黄瓜片、黄瓜段；
按风味划分：咸香黄瓜、酱香黄瓜、酸甜黄瓜、麻辣黄瓜","其他原料腌制品：酸萝卜、泡豇豆等；
复合调味酱类：黄瓜酱、黄瓜肉酱；
休闲零食类：黄瓜脆片、黄瓜味膨化食品；
生鲜原料类：新鲜黄瓜",乌江,,,咸鲜,瓶装,,,,,,,
,,,,,,,,,六必居,,,酱香,袋装,,,,,,,
,,,,,,,,,王致和,,,微甜,罐装,,,,,,,
,,,,,,,,,三和四美,,,香辣,,,,,,,,
,,,,,,,,,吉香居,,,蒜香,,,,,,,,
,,,,,,,,,,,,五香,,,,,,,,
,,,,,,,,,,,,其他,,,,,,,,
,,,,,,,,,,,,,,,,,,,,
,,,,,,,,,,,,,,,,,,,,
,,,,,,,,,,,,,,,,,,,,
,,,,,,,,,,,,,,,,,,,,
,,,,,,,,,,,,,,,,,,,,
,,,,,,,,,,,,,,,,,,,,
,,,,,,,,,,,,,,,,,,,,
,,,,,,,,,,,,,,,,,,,,
,,,,,,,,,,,,,,,,,,,,
,,,,,,,,,,,,,,,,,,,,
,,,,,,,,,,,,,,,,,,,,
,,,,,,,,,,,,,,,,,,,,
,,,,,,,,,,,,,,,,,,,,
,,,,,,,,,,,,,,,,,,,,
,,,,,,,,,,,,,,,,,,,,
202.0,食品,调味品,酱腌菜,雪菜,C,"定义：以雪里蕻（一种芥菜）的鲜嫩植株为原料，经清洗、晾晒后，加盐揉搓并装入容器中压实密封，经自然发酵腌制而成的咸菜。其成品颜色黄绿，具有特殊的发酵咸香和微酸风味，质地软韧，广泛用作烹饪辅料（如雪菜肉丝面、炒毛豆等），亦可直接切碎后作为佐餐小菜。

快速排查方法
✅ 直接关键词：名称含 ** 雪菜、雪里蕻、腌雪菜、雪菜干（腌渍型）** 等字样，且标注 “酱腌菜” 类别；
✅ 核心判定：配料表首位为雪里蕻 / 雪菜，无其他蔬菜原料占比高于雪菜，含食盐、香辛料等腌渍调味成分；","按工艺划分：盐渍雪菜、发酵雪菜、脱水雪菜干（腌渍调味型）；
按风味划分：原味雪菜、麻辣雪菜、咸香甜雪菜；
按形态划分：切碎雪菜、整株雪菜、雪菜丝","其他芥菜腌制品：榨菜（茎用芥菜）、芥菜泡菜（归泡菜 / 酸菜品类）；
复合调味酱类：雪菜肉酱、雪菜风味酱（酱料占比高于雪菜）；
休闲零食类：雪菜味饼干、雪菜味膨化食品（非酱腌菜工艺）；
生鲜 / 脱水原料类：新鲜雪里蕻、无调味脱水雪菜（未经过腌渍工艺",乌江,,,咸鲜,瓶装,,,,,,,
,,,,,,,,,六必居,,,微酸,袋装,,,,,,,
,,,,,,,,,王致和,,,原味,罐装,,,,,,,
,,,,,,,,,三和四美,,,微辣,其他,,,,,,,
,,,,,,,,,吉香居,,,香辣,,,,,,,,
,,,,,,,,,,,,其他,,,,,,,,
,,,,,,,,,,,,,,,,,,,,
,,,,,,,,,,,,,,,,,,,,
,,,,,,,,,,,,,,,,,,,,
,,,,,,,,,,,,,,,,,,,,
,,,,,,,,,,,,,,,,,,,,
,,,,,,,,,,,,,,,,,,,,
,,,,,,,,,,,,,,,,,,,,
,,,,,,,,,,,,,,,,,,,,
,,,,,,,,,,,,,,,,,,,,
,,,,,,,,,,,,,,,,,,,,
,,,,,,,,,,,,,,,,,,,,
,,,,,,,,,,,,,,,,,,,,
,,,,,,,,,,,,,,,,,,,,
,,,,,,,,,,,,,,,,,,,,
,,,,,,,,,,,,,,,,,,,,
,,,,,,,,,,,,,,,,,,,,
203.0,食品,调味品,酱腌菜,笋类,C,"定义：以新鲜竹笋（春笋、冬笋、雷笋、鞭笋、麻笋等）为唯一核心原料，经清洗、去壳、切分（丝 / 片 / 丁 / 段）、焯水杀青后，通过盐渍、酱渍、发酵等工艺，搭配食盐、酱油、香辛料、糖、醋等辅料调味，经密封腌制、熟化、灭菌包装制成的酱腌菜类调味品。其核心特征是口感脆嫩鲜香，风味涵盖咸鲜、酱香、酸辣等，主要用于佐餐下饭、炒菜配料（如腌笋炒腊肉）、凉拌提味，区别于小包装即食型休闲零食类泡笋。

快速排查方法
✅ 直接关键词：名称含 ** 腌笋、酱笋、泡笋、酸笋、油焖笋（腌渍型）** 等字样，且标注 “酱腌菜”“佐餐小菜” 属性；
✅ 风味关键词：名称带 “咸香、酱香、酸辣” 等清淡调味描述，无 “香辣零食、手撕即食” 等零食化表述；
❌ 排除混淆词：名称标注 “手撕笋零食、即食脆笋、笋尖小吃”，或强调 “独立小包、开袋即食” 的，不属于该品类。
✅ 包装判定：以大包装为主（袋装≥200g、瓶装 / 坛装），无独立小包装，开封后标注 “需冷藏”；
✅ 用途判定：包装注明 “佐餐下饭、炒菜配料、凉拌小菜、搭配粥面”；","按工艺划分：盐渍腌笋、酱渍酱笋、乳酸发酵酸笋、油焖笋（腌渍调味型）、糖醋笋（低糖版）；
按原料划分：春笋腌制品、冬笋腌制品、雷笋腌制品、麻笋腌制品；
按形态划分：笋丝、笋片、笋丁、整段笋腌制品。","休闲零食类笋制品：独立小包装即食泡笋、香辣手撕笋、烧烤味脆笋片、蜜汁笋尖零食；
其他竹笋制品：鲜笋（未腌渍）、干笋（单纯脱水无调味）、笋酱（酱料占比高于笋）；
复合调味酱类：笋肉酱、蒜蓉笋酱（非以笋为核心的腌制品）
其他酱腌菜：什锦酱菜等",乌江,,,泡椒味,自立袋,,,,,,,
,,,,,,,,,六必居,,,香辣味,真空软包装,,,,,,,
,,,,,,,,,王致和,,,酱香味,小规格袋装,,,,,,,
,,,,,,,,,三和四美,,,麻辣味,礼盒装,,,,,,,
,,,,,,,,,吉香居,,,酸辣味,散装,,,,,,,
,,,,,,,,,,,,蒜香味,,,,,,,,
,,,,,,,,,,,,五香味,,,,,,,,
,,,,,,,,,,,,原味,,,,,,,,
,,,,,,,,,,,,藤椒味,,,,,,,,
,,,,,,,,,,,,山椒味,,,,,,,,
,,,,,,,,,,,,其他,,,,,,,,
,,,,,,,,,,,,,,,,,,,,
,,,,,,,,,,,,,,,,,,,,
,,,,,,,,,,,,,,,,,,,,
,,,,,,,,,,,,,,,,,,,,
,,,,,,,,,,,,,,,,,,,,
,,,,,,,,,,,,,,,,,,,,
,,,,,,,,,,,,,,,,,,,,
,,,,,,,,,,,,,,,,,,,,
,,,,,,,,,,,,,,,,,,,,
,,,,,,,,,,,,,,,,,,,,
,,,,,,,,,,,,,,,,,,,,
204.0,食品,调味品,酱腌菜,什锦酱菜,C,"定义：由两种或两种以上不同蔬菜（如萝卜、黄瓜、莴笋、菜椒等）混合，经统一盐渍、调味、腌制而成的复合型酱腌菜。其核心特征是食材与风味的多样性组合，口感通常保持各蔬菜原料的脆嫩或柔韧，风味咸鲜协调，常作为佐餐小菜或粥面伴侣，多采用瓶装、袋装或散装形式销售。

快速排查方法
✅ 直接关键词：名称含什锦酱菜、八宝酱菜、混合酱菜、什锦腌菜等字样，且标注 “酱腌菜” 类别；
✅ 特征关键词：名称带 “多味、混合、什锦” 等体现原料多样性的描述；
❌ 排除混淆词：名称标注 “单一原料酱腌菜（如萝卜干、腌黄瓜）、酱菜味零食、什锦调味酱” 的，不属于该品类。
✅ 用途判定：标注 “佐餐小菜、搭配粥饭、凉拌调味”；","按原料搭配划分：萝卜 + 黄瓜 + 辣椒什锦酱菜、笋 + 雪菜 + 豇豆什锦酱菜、八宝酱菜（含多种蔬菜原料）；
按工艺划分：酱渍什锦酱菜、盐渍什锦腌菜、发酵什锦酱菜；
按风味划分：咸香什锦酱菜、酸辣什锦酱菜、酱香什锦酱菜","单一原料酱腌菜：萝卜干、腌黄瓜、泡辣椒等（仅含一种核心蔬菜原料）；
休闲零食类混合蔬菜制品：什锦蔬菜脆片、即食混合泡菜零食（独立小包装、调味重口）；
复合调味酱类：什锦蔬菜酱（酱料占比高于蔬菜原料）",乌江,,,咸鲜,瓶装,,,,,,,
,,,,,,,,,六必居,,,微辣,袋装,,,,,,,
,,,,,,,,,王致和,,,香辣,散装,,,,,,,
,,,,,,,,,三和四美,,,酸甜,罐装,,,,,,,
,,,,,,,,,吉香居,,,五香,真空袋装,,,,,,,
,,,,,,,,,,,,麻辣,其他,,,,,,,
,,,,,,,,,,,,蒜香,,,,,,,,
,,,,,,,,,,,,泡椒,,,,,,,,
,,,,,,,,,,,,酱香,,,,,,,,
,,,,,,,,,,,,其他,,,,,,,,
,,,,,,,,,,,,,,,,,,,,
,,,,,,,,,,,,,,,,,,,,
,,,,,,,,,,,,,,,,,,,,
,,,,,,,,,,,,,,,,,,,,
,,,,,,,,,,,,,,,,,,,,
,,,,,,,,,,,,,,,,,,,,
,,,,,,,,,,,,,,,,,,,,
,,,,,,,,,,,,,,,,,,,,
,,,,,,,,,,,,,,,,,,,,
,,,,,,,,,,,,,,,,,,,,
,,,,,,,,,,,,,,,,,,,,
,,,,,,,,,,,,,,,,,,,,
205.0,食品,调味品,酱腌菜,豇豆,C,"定义：以长豇豆为原料，经盐渍、发酵并调味腌制而成的酱腌菜。成品通常呈深绿色或褐色，形态为整根或切段，口感柔韧脆爽，风味咸酸，是常见的佐粥、拌面小菜。

快速排查方法
✅ 直接关键词：名称含腌豇豆、酱豇豆、酸豇豆、酸豆角、泡豇豆等字样；
✅ 核心判定：配料表首位为豇豆 / 豆角，辅料仅含食盐、食醋、香辛料，无大量食用油、白砂糖、增味剂（如味精、呈味核苷酸二钠）；
❌ 排除混淆词：名称标注 “豇豆零食、即食脆豇豆、香辣豇豆小吃”，或强调 “独立小包、开袋即食” 的，不属于该品类","按工艺划分：盐渍腌豇豆、酱渍酱豇豆、乳酸发酵酸豇豆（酸豆角）、泡椒豇豆（腌渍型）；
按形态划分：整根泡豇豆、切段腌豇豆；
按风味划分：咸香豇豆、酸辣豇豆、酱香豇豆。","休闲零食类豇豆制品：独立小包装即食豇豆、香辣豇豆条、蜜汁豇豆零食；
其他豇豆制品：新鲜豇豆（未腌渍）、干豇豆（单纯脱水无调味）、豇豆酱（酱料占比高于豇豆）；
其他酱腌菜：什锦酱菜等",乌江,,,原味,袋装,,,,,,,
,,,,,,,,,六必居,,,咸酸味,瓶装,,,,,,,
,,,,,,,,,王致和,,,香辣味,罐装,,,,,,,
,,,,,,,,,三和四美,,,酸辣味,散装,,,,,,,
,,,,,,,,,吉香居,,,麻辣味,真空包装,,,,,,,
,,,,,,,,,,,,蒜香味,其他,,,,,,,
,,,,,,,,,,,,泡椒味,,,,,,,,
,,,,,,,,,,,,五香味,,,,,,,,
,,,,,,,,,,,,酱香味,,,,,,,,
,,,,,,,,,,,,微辣,,,,,,,,
,,,,,,,,,,,,其他,,,,,,,,
,,,,,,,,,,,,,,,,,,,,
,,,,,,,,,,,,,,,,,,,,
,,,,,,,,,,,,,,,,,,,,
,,,,,,,,,,,,,,,,,,,,
,,,,,,,,,,,,,,,,,,,,
,,,,,,,,,,,,,,,,,,,,
,,,,,,,,,,,,,,,,,,,,
,,,,,,,,,,,,,,,,,,,,
,,,,,,,,,,,,,,,,,,,,
,,,,,,,,,,,,,,,,,,,,
,,,,,,,,,,,,,,,,,,,,
206.0,食品,调味品,酱腌菜,橄榄菜,C,"定义：以橄榄和芥菜叶（或雪里蕻）为主要原料，经长时间盐渍、熬煮并油浸制成的传统酱腌菜。其成品为深墨绿色的糊状或碎末状，油润咸香，风味独特，主要用于直接佐餐或作为烹饪提味的调料。

快速排查方法
✅ 直接关键词：名称含橄榄菜字样，无 “零食、即食小吃、拌饭酱（酱料型）” 等表述；
❌ 排除判定：配料表无芥菜嫩梢、仅以橄榄为单一原料，或含大量添加剂、白砂糖排位靠前的，不属于该品类。","按工艺划分：传统发酵橄榄菜、低盐熬煮橄榄菜、瓶装即食橄榄菜（佐餐型）；
按风味划分：原味咸香橄榄菜、微辣橄榄菜。","酱料类制品：橄榄酱、橄榄菜拌饭酱（稠厚酱体，酱料占比高于蔬菜）；
休闲零食类：橄榄菜味脆片、即食橄榄菜小吃（独立小包装，调味重口）；
单一原料腌制品：橄榄咸菜（无芥菜嫩梢原料）、芥菜腌菜（无橄榄原料）。",乌江,,,咸香,瓶装,,,,,,,
,,,,,,,,,六必居,,,微辣,罐装,,,,,,,
,,,,,,,,,王致和,,,其他,袋装,,,,,,,
,,,,,,,,,三和四美,,,,礼盒装,,,,,,,
,,,,,,,,,吉香居,,,,,,,,,,,
,,,,,,,,,,,,,,,,,,,,
,,,,,,,,,,,,,,,,,,,,
,,,,,,,,,,,,,,,,,,,,
,,,,,,,,,,,,,,,,,,,,
,,,,,,,,,,,,,,,,,,,,
,,,,,,,,,,,,,,,,,,,,
,,,,,,,,,,,,,,,,,,,,
,,,,,,,,,,,,,,,,,,,,
,,,,,,,,,,,,,,,,,,,,
,,,,,,,,,,,,,,,,,,,,
,,,,,,,,,,,,,,,,,,,,
,,,,,,,,,,,,,,,,,,,,
,,,,,,,,,,,,,,,,,,,,
,,,,,,,,,,,,,,,,,,,,
,,,,,,,,,,,,,,,,,,,,
,,,,,,,,,,,,,,,,,,,,
,,,,,,,,,,,,,,,,,,,,
207.0,食品,调味品,酱腌菜,海带丝,C,"定义：以干制或鲜海带为原料，经泡发、切丝后，再经调味（常用辣油、醋、蒜等）腌制而成的即食海产腌菜。成品为细丝状，口感柔滑或爽脆，风味咸鲜酸辣，成品可直接佐餐或需简单烹饪 / 凉拌后食用。

快速排查方法
主要以品牌作为划分依据，看品牌主要是做调味品还是休闲零食类
✅ 直接关键词：名称含腌海带丝、酱海带丝、泡海带丝、盐渍海带丝、酸辣海带丝（腌渍型），且标注 “酱腌菜”“佐餐小菜”“烹饪配料”；
❌  排除关键词：无 “即食、零食、小吃、手撕” 等零食化表述。

✅ 包装判定：以大包装为主（袋装≥80g、瓶装 / 坛装），无独立小包装，开封后标注 “需冷藏”“需浸泡脱盐”；
✅ 用途判定：包装注明 “佐餐下饭、凉拌小菜、炒菜 / 炖汤配料”；
❌ 排除判定：独立小包装（单包≤50g）、标注 “开袋即食、休闲零食、追剧解馋”。","按工艺划分：盐渍海带丝（原料级，需脱盐烹饪）、酱渍海带丝、发酵海带丝、酸辣泡海带丝（基础调味型）；
按形态划分：细海带丝、宽海带条（腌渍型）
包装划分：以大包装为主（袋装≥80g、瓶装 / 坛装），无独立小包装，包装注明 “佐餐下饭、凉拌小菜、炒菜 / 炖汤配料”","休闲零食类：独立小包装即食海带丝、香辣海带结、蜜汁海带小吃；
其他海带制品：新鲜海带（未腌渍）、干海带（单纯脱水无调味）、海带酱（酱料占比高于海带）；",乌江,,,香辣味,袋装,,,,,,,
,,,,,,,,,六必居,,,酸辣味,罐装,,,,,,,
,,,,,,,,,王致和,,,蒜香味,盒装,,,,,,,
,,,,,,,,,三和四美,,,麻辣味,散装,,,,,,,
,,,,,,,,,吉香居,,,原味,其他,,,,,,,
,,,,,,,,,,,,泡椒味,,,,,,,,
,,,,,,,,,,,,野山椒味,,,,,,,,
,,,,,,,,,,,,其他,,,,,,,,
,,,,,,,,,,,,,,,,,,,,
,,,,,,,,,,,,,,,,,,,,
,,,,,,,,,,,,,,,,,,,,
,,,,,,,,,,,,,,,,,,,,
,,,,,,,,,,,,,,,,,,,,
,,,,,,,,,,,,,,,,,,,,
,,,,,,,,,,,,,,,,,,,,
,,,,,,,,,,,,,,,,,,,,
,,,,,,,,,,,,,,,,,,,,
,,,,,,,,,,,,,,,,,,,,
,,,,,,,,,,,,,,,,,,,,
,,,,,,,,,,,,,,,,,,,,
,,,,,,,,,,,,,,,,,,,,
,,,,,,,,,,,,,,,,,,,,
208.0,食品,调味品,酱腌菜,金针菇,C,"定义：以新鲜金针菇为原料，经焯水或直接调味腌制而成的即食菌类腌菜。成品通常呈丝状，口感爽滑脆嫩，风味以咸、辣、酸为主，常作为独立的开胃小菜或搭配在其他什锦酱菜中，主要用于佐餐下饭、凉拌小菜、火锅配菜，区别于小包装即食型的金针菇零食。

快速排查方法
主要以品牌作为划分依据，看品牌主要是做调味品还是休闲零食类
✅ 直接关键词：名称含 ** 腌金针菇、酱金针菇、泡金针菇、酸辣金针菇（腌渍型）** 等字样，且标注 “酱腌菜”“佐餐小菜”“火锅配菜” 属性；
✅ 排除关键词：无 “即食零食、手撕小吃、追剧解馋” 等零食化表述；

✅ 包装判定：以大包装为主（袋装≥80g、瓶装 / 坛装），无独立小包装，开封后标注 “需冷藏”“需浸泡脱盐”；
✅ 用途判定：包装注明 “佐餐下饭、凉拌小菜、炒菜 / 炖汤配料”；
❌ 排除判定：独立小包装（单包≤50g）、标注 “开袋即食、休闲零食、追剧解馋”。","按工艺划分：盐渍金针菇、酱渍金针菇、发酵酸金针菇、酸辣泡金针菇；
按形态划分：整簇泡金针菇、切段腌金针菇；
包装划分：以大包装为主（袋装≥80g、瓶装 / 坛装），无独立小包装，包装注明 “佐餐下饭、凉拌小菜、炒菜 / 炖汤配料”","休闲零食类金针菇制品：独立小包装即食金针菇、香辣金针菇条、蜜汁金针菇小吃；
其他金针菇制品：新鲜金针菇（未腌渍）、脱水金针菇（单纯干燥无调味）、金针菇酱（酱料占比高于金针菇）；
复合调味制品：金针菇肉酱、蒜蓉金针菇酱（非以金针菇为核心的腌制品）",乌江,,,香辣味,袋装,,,,,,,
,,,,,,,,,六必居,,,酸辣味,瓶装,,,,,,,
,,,,,,,,,王致和,,,麻辣味,罐装,,,,,,,
,,,,,,,,,三和四美,,,泡椒味,盒装,,,,,,,
,,,,,,,,,吉香居,,,蒜香味,散装,,,,,,,
,,,,,,,,,,,,五香味,其他,,,,,,,
,,,,,,,,,,,,原味,,,,,,,,
,,,,,,,,,,,,糖醋味,,,,,,,,
,,,,,,,,,,,,其他,,,,,,,,
,,,,,,,,,,,,,,,,,,,,
,,,,,,,,,,,,,,,,,,,,
,,,,,,,,,,,,,,,,,,,,
,,,,,,,,,,,,,,,,,,,,
,,,,,,,,,,,,,,,,,,,,
,,,,,,,,,,,,,,,,,,,,
,,,,,,,,,,,,,,,,,,,,
,,,,,,,,,,,,,,,,,,,,
,,,,,,,,,,,,,,,,,,,,
,,,,,,,,,,,,,,,,,,,,
,,,,,,,,,,,,,,,,,,,,
,,,,,,,,,,,,,,,,,,,,
,,,,,,,,,,,,,,,,,,,,
209.0,食品,调味品,酱腌菜,其他酱腌菜,,"定义：泛指未归入榨菜、泡菜/酸菜、萝卜、酱黄瓜  、雪菜  、辣椒 、糖蒜/腌蒜  、笋类  、什锦酱菜  、豇豆、橄榄菜、海带丝、金针菇上述具体细分品类的、通过盐渍、调味、发酵或浸泡等工艺加工的蔬菜腌制品。其原料、形态、风味及工艺具有多样性，但均符合酱腌菜“经加工腌制、可直接食用或作为配菜”的核心属性，是对于现有标准类目的补充归类。

核心定义
以新鲜蔬菜、食用菌、豆类、瓜果等为主要原料，经盐渍、酱渍、糖醋渍、糟渍、发酵等工艺制成的佐餐小菜，风味咸、甜、酸、辣、脆嫩，不属于上述已列明的常见酱腌菜品种，统一归入其他酱腌菜。

核心判断条件：
工艺以盐渍、酱渍、发酵为主，无大量油糖、香精添加；
包装多为大规格袋装 / 瓶装，标注 “佐餐小菜”“烹饪配料”；
用途为下饭、配菜、炒菜，而非开袋即食的零食。","芥菜类：梅干菜、霉干菜、雪里蕻（非雪菜段状）、贡菜、苔菜
瓜果类：酱甜瓜、酱佛手瓜、酱冬瓜、酱茄包、酱藕片、糖蒜以外的糖醋蒜苔
豆类及豆制品：酱豆豉、卤豆干、酱芸豆、酱蚕豆、酸豆角以外的腌豆角
叶菜与茎菜：香菜心、酱莴笋、酱芋头、酱土豆、腌韭菜、腌韭花
菌菇与野菜：酱木耳、腌蕨菜、腌香椿、卤香菇
其他特色酱菜：地环（螺丝菜）、宝塔菜、甘露子、藠头、荞头、酱生姜、泡仔姜","1. 不包括：榨菜、泡菜 / 酸菜、萝卜、酱黄瓜、雪菜、辣椒、糖蒜 / 腌蒜、笋类、什锦酱菜、豇豆、橄榄菜、海带丝、金针菇
2.不包括：豆腐乳、豆瓣酱、甜面酱等酿造调味品
3.不包括：咸菜、盐菜等仅单纯用盐腌制、未酱渍的粗加工盐渍品
4.不包括：即食麻辣素食、魔芋爽、素毛肚等休闲素食零食
5.不包括：新鲜蔬菜、速冻蔬菜、干制蔬菜
6.不包括：肉类、蛋类、水产类罐头及腌制品",乌江,,,原味,瓶装,,,,,,,
,,,,,,,,,六必居,,,酸辣,袋装,,,,,,,
,,,,,,,,,王致和,,,麻辣,盒装,,,,,,,
,,,,,,,,,三和四美,,,甜酸,桶装,,,,,,,
,,,,,,,,,吉香居,,,咸香,散装,,,,,,,
,,,,,,,,,,,,蒜香,其他,,,,,,,
,,,,,,,,,,,,泡椒,,,,,,,,
,,,,,,,,,,,,五香,,,,,,,,
,,,,,,,,,,,,酱香,,,,,,,,
,,,,,,,,,,,,其他,,,,,,,,
,,,,,,,,,,,,,,,,,,,,
,,,,,,,,,,,,,,,,,,,,
,,,,,,,,,,,,,,,,,,,,
,,,,,,,,,,,,,,,,,,,,
,,,,,,,,,,,,,,,,,,,,
,,,,,,,,,,,,,,,,,,,,
,,,,,,,,,,,,,,,,,,,,
,,,,,,,,,,,,,,,,,,,,
,,,,,,,,,,,,,,,,,,,,
,,,,,,,,,,,,,,,,,,,,
,,,,,,,,,,,,,,,,,,,,
,,,,,,,,,,,,,,,,,,,,
210.0,食品,调味品,西式调味酱,沙拉酱,C,"定义：用于拌合生蔬或冷盘的乳化酱汁，以植物油、蛋黄、醋或柠檬汁经均质制成，呈乳白半流体，常见瓶装/挤压管，凯撒酱、千岛酱为代表。

快速排查方法
名称含沙拉酱、沙拉调味酱、蛋黄酱等字样，或标注 “沙拉专用”；
风味关键词：名称带 “原味、香甜、千岛、焙煎芝麻” 等沙拉酱典型风味描述；
❌ 排除混淆词：名称标注 “沙拉汁（液态）、调味酱（无沙拉关联）、果酱、奶油酱” 的，不属于该品类。","按风味划分：原味沙拉酱、香甜沙拉酱、千岛沙拉酱、焙煎芝麻沙拉酱、黑胡椒沙拉酱；
按原料划分：蛋黄型沙拉酱、无蛋型沙拉酱（植物基）、低脂沙拉酱；
按用途划分：果蔬沙拉专用酱、烘焙涂抹沙拉酱、油炸食品蘸食沙拉酱。","复合调味类：沙拉汁（液态，无乳化稠化工艺）、意面调味汁；
中式酱料类：甜面酱、豆瓣酱、蒜蓉酱等无乳化体系的酱料；
其他酱类：果酱（以水果为主要原料）、奶油酱（以乳制品为主要原料）；",丘比,,,原味,瓶装,,,,,,,
,,,,,,,,,海天,,,凯撒味,挤压装,,,,,,,
,,,,,,,,,李锦记,,,千岛味,袋装,,,,,,,
,,,,,,,,,欣和,,,意式香草味,其他,,,,,,,
,,,,,,,,,六月鲜,,,蜂蜜芥末味,,,,,,,,
,,,,,,,,,,,,法式芥末味,,,,,,,,
,,,,,,,,,,,,酸奶油洋葱味,,,,,,,,
,,,,,,,,,,,,蓝纹奶酪味,,,,,,,,
,,,,,,,,,,,,亚洲风味,,,,,,,,
,,,,,,,,,,,,烧烤味,,,,,,,,
,,,,,,,,,,,,芝麻味,,,,,,,,
,,,,,,,,,,,,番茄味,,,,,,,,
,,,,,,,,,,,,芝士味,,,,,,,,
,,,,,,,,,,,,香甜味,,,,,,,,
,,,,,,,,,,,,其他,,,,,,,,
,,,,,,,,,,,,,,,,,,,,
,,,,,,,,,,,,,,,,,,,,
,,,,,,,,,,,,,,,,,,,,
,,,,,,,,,,,,,,,,,,,,
,,,,,,,,,,,,,,,,,,,,
,,,,,,,,,,,,,,,,,,,,
,,,,,,,,,,,,,,,,,,,,
211.0,食品,调味品,西式调味酱,番茄酱,A,"定义：以浓缩番茄泥为主料，加入糖、醋、盐及香辛料调配而成的红色稠厚酱汁，主要用于蘸食或烹饪调味，质地均匀细腻，酸度与甜度平衡，常见玻璃瓶装、塑料挤压瓶及单份小袋，广泛应用于薯条、汉堡、意面等西式快餐场景。

快速核查要点
✅ 是
属于佐餐 / 蘸食类调味品
主要用于蘸食、佐餐、简单调味
可直接食用，形态为酱体
常见包装：瓶装、挤压瓶、袋装、小包装
❌ 不是
不是菜谱式复合调味品
不是专用于某一道菜的一料成菜调料
不是单一基础调料（盐、糖、酱油等）
不是番茄罐头、番茄汁、番茄膏、番茄火锅底料
🚀 1 秒判断口诀
蘸食佐餐通用酱＝是
专做一道菜＝不是","1. 瓶装番茄酱 / 番茄沙司
2. 袋装番茄酱、番茄调味酱
3. 挤压瓶番茄沙司
4. 小包装番茄调味酱（外卖 / 快餐小包）
5. 以番茄为主要原料的番茄调味酱","1. 番茄火锅底料、番茄汤底料
2. 番茄罐头、整番茄、番茄丁、番茄块
3. 番茄汁、番茄饮料
4. 番茄酱味薯片、零食、调味制品
5. 番茄味方便面 / 调料包
6. 纯番茄膏（高浓度烹饪用，非即食调味酱）",海天,番茄沙司,,原味,塑料挤挤瓶,,,,,,,
,,,,,,,,,李锦记,番茄酱,,微辣,小袋装,,,,,,,
,,,,,,,,,欣和,小包装番茄调味酱,,甜味,玻璃瓶,,,,,,,
,,,,,,,,,六月鲜,,,酸甜,易拉罐,,,,,,,
,,,,,,,,,厨邦,,,香草味,铁罐,,,,,,,
,,,,,,,,,,,,蒜香味,软包装袋,,,,,,,
,,,,,,,,,,,,烟熏,礼盒装,,,,,,,
,,,,,,,,,,,,其他,组合装,,,,,,,
,,,,,,,,,,,,,,,,,,,,
,,,,,,,,,,,,,,,,,,,,
,,,,,,,,,,,,,,,,,,,,
,,,,,,,,,,,,,,,,,,,,
,,,,,,,,,,,,,,,,,,,,
,,,,,,,,,,,,,,,,,,,,
,,,,,,,,,,,,,,,,,,,,
,,,,,,,,,,,,,,,,,,,,
,,,,,,,,,,,,,,,,,,,,
,,,,,,,,,,,,,,,,,,,,
,,,,,,,,,,,,,,,,,,,,
,,,,,,,,,,,,,,,,,,,,
,,,,,,,,,,,,,,,,,,,,
,,,,,,,,,,,,,,,,,,,,
212.0,食品,调味品,西式调味酱,烧烤酱,C,"定义：专为涂抹或蘸食烧烤肉类而调制的风味酱料，通常以番茄酱或醋为基底，混合糖蜜、红糖、烟熏香料及辣椒制成深色浓稠酱汁，带有烟熏与甜辣风味，市售多为挤压瓶或马口铁罐包装，美式BBQ酱、堪萨斯城风味为其代表。
快速排查方法
名带烧烤烤肉酱：商品名称含 “烧烤酱” 或 “烤肉酱” 核心词；
番茄糖醋是主料：配料表有番茄酱、糖、食醋等核心原料；
半稠能刷烤牛排：形态为半粘稠状，用途是刷涂西式烤肉食材；","按风味划分：烟熏风味烧烤酱、蜜汁烧烤酱、黑胡椒烧烤酱、番茄味烧烤酱、香辣烧烤酱；
按用途划分：烤肉腌制酱、烤物刷涂酱、烤肉蘸食酱；
按形态划分：半液态烧烤酱（适合蘸食）、半固态烧烤酱（适合刷涂）","中式烧烤调味品：烧烤撒料（固态粉末）、中式烤肉腌料、蒜蓉辣酱（中式基底）；
其他西式调味酱：沙拉酱、意面酱、牛排黑椒汁（无烧烤专用属性）；
非调味制品：烧烤刷油、烤肉腌制粉、烧烤佐餐干碟。",海天,,,烟熏味,挤压瓶,,,,,,,
,,,,,,,,,李锦记,,,甜辣味,马口铁罐,,,,,,,
,,,,,,,,,欣和,,,原味,玻璃瓶,,,,,,,
,,,,,,,,,六月鲜,,,蜜汁味,袋装,,,,,,,
,,,,,,,,,厨邦,,,微辣,,,,,,,,
,,,,,,,,,,,,中辣,,,,,,,,
,,,,,,,,,,,,特辣,,,,,,,,
,,,,,,,,,,,,蒜香味,,,,,,,,
,,,,,,,,,,,,黑胡椒味,,,,,,,,
,,,,,,,,,,,,甜辣,,,,,,,,
,,,,,,,,,,,,新奥尔良,,,,,,,,
,,,,,,,,,,,,其他,,,,,,,,
,,,,,,,,,,,,,,,,,,,,
,,,,,,,,,,,,,,,,,,,,
,,,,,,,,,,,,,,,,,,,,
,,,,,,,,,,,,,,,,,,,,
,,,,,,,,,,,,,,,,,,,,
,,,,,,,,,,,,,,,,,,,,
,,,,,,,,,,,,,,,,,,,,
,,,,,,,,,,,,,,,,,,,,
,,,,,,,,,,,,,,,,,,,,
,,,,,,,,,,,,,,,,,,,,
213.0,食品,调味品,西式调味酱,果酱,C,"定义：将整粒或破碎水果与糖按一定比例熬煮浓缩而成的凝胶状甜酱，用于面包涂抹或烘焙夹馅，可见果肉纤维，糖度≥45%，常见玻璃广口瓶或自立袋包装，草莓、蓝莓、杏桃为传统商业口味。

快速排查方法
直接关键词：名称含果酱、水果酱字样，且标注具体水果品类（如草莓果酱、蓝莓果酱、苹果果酱）；
✅ 风味关键词：名称带 “果肉型、果粒型、低糖” 等描述，无 “沙拉酱、调味酱” 等混淆表述；
配料表首位是水果原料，含果胶等增稠成分；
质地半固态可涂抹，用途是搭配面包、甜点；","按原料划分：浆果类果酱（草莓、蓝莓、树莓）、仁果类果酱（苹果、梨）、核果类果酱（桃、杏）、柑橘类果酱（橙子、柚子）；
按工艺划分：果肉型果酱（含大量果粒）、果泥型果酱（细腻无明显果粒）、低糖型果酱（甜味剂添加量低）；
按风味划分：原味果酱、混合水果果酱（如什锦果酱）","中式甜味酱类：山楂酱、枣酱（传统中式工艺，用途以佐餐为主）、甜面酱（咸鲜风味）；
水果加工制品：水果罐头、果脯蜜饯、果泥（无凝胶增稠工艺）、果汁（液态无粘稠度）；
其他调味酱：水果味沙拉酱（含乳化剂，归属沙拉酱品类）、水果调味酱（添加酱料成分，用于烹饪）",丘比,,,草莓,玻璃广口瓶,,,,,,,
,,,,,,,,,海天,,,蓝莓,自立袋,,,,,,,
,,,,,,,,,李锦记,,,杏桃,塑料瓶,,,,,,,
,,,,,,,,,欣和,,,覆盆子,挤压装,,,,,,,
,,,,,,,,,六月鲜,,,橙子,其他,,,,,,,
,,,,,,,,,,,,芒果,,,,,,,,
,,,,,,,,,,,,樱桃,,,,,,,,
,,,,,,,,,,,,桃子,,,,,,,,
,,,,,,,,,,,,苹果,,,,,,,,
,,,,,,,,,,,,葡萄,,,,,,,,
,,,,,,,,,,,,柠檬,,,,,,,,
,,,,,,,,,,,,黑加仑,,,,,,,,
,,,,,,,,,,,,猕猴桃,,,,,,,,
,,,,,,,,,,,,其他,,,,,,,,
,,,,,,,,,,,,,,,,,,,,
,,,,,,,,,,,,,,,,,,,,
,,,,,,,,,,,,,,,,,,,,
,,,,,,,,,,,,,,,,,,,,
,,,,,,,,,,,,,,,,,,,,
,,,,,,,,,,,,,,,,,,,,
,,,,,,,,,,,,,,,,,,,,
,,,,,,,,,,,,,,,,,,,,
214.0,食品,调味品,西式调味酱,奶油酱,C,"定义：以淡奶油或黄油为脂肪主体，加入芝士、蒜、香草等调味后加热乳化制成的白色浓稠酱汁，主要用于意面、焗菜或牛排淋酱，质地丝滑，需冷藏保存，常见利乐砖、玻璃瓶或餐饮大包装，阿尔弗雷多酱、蒜香奶油酱为典型产品。

快速排查方法
直接关键词：名称含奶油酱、淡奶油酱、黄油酱、奶酪酱等字样，且标注 “西式调味”“甜点佐酱” 属性；
 辅助判定：不含植物油为主的乳化体系（区别于沙拉酱），无大量水果颗粒（区别于果酱奶油混合酱）
配料表首位是淡奶油、黄油、奶酪等乳制品；
❌ 排除混淆词：名称标注 “沙拉酱、奶油蛋糕胚、奶油冰淇淋、奶油浓汤调料” 的，不属于该品类。","按原料划分：淡奶油酱、黄油酱、奶酪酱、奶油芝士酱；
按风味划分：香草奶油酱、可可奶油酱、草莓奶油酱、咸香奶油酱；
按用途划分：面包涂抹奶油酱、甜点夹心奶油酱、咖啡调味奶油酱。","烘焙原料类：淡奶油原液、黄油块、奶油芝士胚（需二次加工，非直接调味酱）；
其他西式调味酱：沙拉酱（植物油 + 蛋黄基底）、果酱（水果基底）、烧烤酱（番茄糖醋基底）；
中式调味酱：奶油味沙拉酱（含中式调味成分）、奶香调味酱（无乳制品基底，香精勾兑）；
休闲食品类：奶油酱味饼干、奶油酱味薯片（非酱体本身）",丘比,,,蒜香,利乐砖,,,,,,,
,,,,,,,,,海天,,,芝士,玻璃瓶,,,,,,,
,,,,,,,,,李锦记,,,原味,餐饮大包装,,,,,,,
,,,,,,,,,欣和,,,黑胡椒,塑料罐,,,,,,,
,,,,,,,,,六月鲜,,,香草,挤压瓶,,,,,,,
,,,,,,,,,,,,松露,其他,,,,,,,
,,,,,,,,,,,,蘑菇,,,,,,,,
,,,,,,,,,,,,烟熏,,,,,,,,
,,,,,,,,,,,,柠檬,,,,,,,,
,,,,,,,,,,,,辣味,,,,,,,,
,,,,,,,,,,,,其他,,,,,,,,
,,,,,,,,,,,,,,,,,,,,
,,,,,,,,,,,,,,,,,,,,
,,,,,,,,,,,,,,,,,,,,
,,,,,,,,,,,,,,,,,,,,
,,,,,,,,,,,,,,,,,,,,
,,,,,,,,,,,,,,,,,,,,
,,,,,,,,,,,,,,,,,,,,
,,,,,,,,,,,,,,,,,,,,
,,,,,,,,,,,,,,,,,,,,
,,,,,,,,,,,,,,,,,,,,
,,,,,,,,,,,,,,,,,,,,
215.0,食品,调味品,西式调味酱,咖喱,B,"定义：将姜黄、孜然、芫荽等多种香辛料与油脂、面粉炒制后调制成的即食浓缩酱体，用于快速烹制咖喱饭或咖喱菜肴，呈膏状或块状，辣度与颜色因配方而异，常见真空袋、金属罐或单份小盒，日式、泰式、印度式为三大商业分类。

快速排查方法
直接关键词：名称含咖喱字样的西式调味，包含酱与粉；
注明 “烹制咖喱料理、西式拌饭、蘸食面包” 等","按形态划分：咖喱粉（原味、微辣）、咖喱块（日式甜口、泰式椰香）、咖喱膏（港式浓味、东南亚风味）、咖喱酱（即食型、烹饪型）；
按风味划分：黄咖喱调味品、红咖喱调味品、绿咖喱调味品、椰香咖喱调味品、香辣咖喱调味品；
按用途划分：咖喱饭专用调味品、咖喱肉烹饪调味品、薯条面包蘸食咖喱酱。","中式调味品类：咖喱味炒菜料、咖喱味火锅底料（含豆瓣酱等中式成分）；
休闲调味类：咖喱味薯片撒料、咖喱味膨化食品调料（非正餐烹饪用）；
单一香辛料类：纯姜黄粉、纯孜然粉（无复合咖喱配方）；
液态调味类：咖喱味调味汁（无香辛料基底，以香精勾兑为主）",好侍,,,原味,真空袋装,,,,,,,
,,,,,,,,,海天,,,微辣,盒装,,,,,,,
,,,,,,,,,李锦记,,,中辣,玻璃罐装,,,,,,,
,,,,,,,,,欣和,,,重辣,其他,,,,,,,
,,,,,,,,,六月鲜,,,甜味,,,,,,,,
,,,,,,,,,,,,椰香味,,,,,,,,
,,,,,,,,,,,,日式风味,,,,,,,,
,,,,,,,,,,,,泰式风味,,,,,,,,
,,,,,,,,,,,,印度风味,,,,,,,,
,,,,,,,,,,,,其他,,,,,,,,
,,,,,,,,,,,,,,,,,,,,
,,,,,,,,,,,,,,,,,,,,
,,,,,,,,,,,,,,,,,,,,
,,,,,,,,,,,,,,,,,,,,
,,,,,,,,,,,,,,,,,,,,
,,,,,,,,,,,,,,,,,,,,
,,,,,,,,,,,,,,,,,,,,
,,,,,,,,,,,,,,,,,,,,
,,,,,,,,,,,,,,,,,,,,
,,,,,,,,,,,,,,,,,,,,
,,,,,,,,,,,,,,,,,,,,
,,,,,,,,,,,,,,,,,,,,
216.0,食品,调味品,西式调味酱,奶酪酱,C,"定义：以切达、帕玛森等奶酪为主料，经乳化盐与乳蛋白稳定处理制成的可流动或半流动酱体，用于蘸玉米片、汉堡或焗烤，色泽乳黄至金黄，常温或冷藏保存，常见玻璃罐、金属罐或微波碗装，切达奶酪酱、纳乔奶酪酱为主流商品。

快速排查方法
直接关键词：名称含奶酪酱、芝士酱、切达奶酪酱、奶油奶酪调味酱等字样，且标注 “西式调味”“蘸食 / 佐餐” 属性；
✅ 核心判定：配料表首位为天然奶酪 / 奶油奶酪，含淡奶油 / 牛奶、黄油等乳制品成分，搭配乳化稳定剂，无酱油、豆瓣酱等中式酱料基底；
✅ 辅助判定：奶酪原料含量符合相关标准（通常≥20%），不含大量植物油（区别于沙拉酱）；","按原料划分：切达奶酪酱、奶油奶酪酱、马苏里拉芝士酱（可拉丝）、蓝纹奶酪酱（风味独特）；
按风味划分：原味奶酪酱、黑胡椒奶酪酱、烟熏奶酪酱、微甜奶酪酱；
按用途划分：蘸食专用奶酪酱、烘焙涂抹奶酪酱、意面焗饭专用奶酪酱","奶酪原料类：奶酪块、奶酪片、奶酪粉、奶油奶酪胚（需二次加工，非直接调味酱）；
其他西式调味酱：沙拉酱（植物油 + 蛋黄基底）、奶油酱（甜味为主，奶酪含量低）；
中式调味酱：芝士味沙拉酱（含中式调味成分）、奶香调味酱（无真实奶酪原料）；
休闲食品类：奶酪酱味薯片、奶酪酱味膨化食品（非酱体本身）",妙可蓝多,,,切达奶酪味,玻璃罐装,,,,,,,
,,,,,,,,,伊利,,,纳乔奶酪味,塑料杯装,,,,,,,
,,,,,,,,,蒙牛,,,帕玛森奶酪味,金属罐装,,,,,,,
,,,,,,,,,安佳,,,烟熏味,微波碗装,,,,,,,
,,,,,,,,,百吉福,,,辣味,袋装,,,,,,,
,,,,,,,,,,,,蒜香味,,,,,,,,
,,,,,,,,,,,,香草味,,,,,,,,
,,,,,,,,,,,,原味,,,,,,,,
,,,,,,,,,,,,,,,,,,,,
,,,,,,,,,,,,,,,,,,,,
,,,,,,,,,,,,,,,,,,,,
,,,,,,,,,,,,,,,,,,,,
,,,,,,,,,,,,,,,,,,,,
,,,,,,,,,,,,,,,,,,,,
,,,,,,,,,,,,,,,,,,,,
,,,,,,,,,,,,,,,,,,,,
,,,,,,,,,,,,,,,,,,,,
,,,,,,,,,,,,,,,,,,,,
,,,,,,,,,,,,,,,,,,,,
,,,,,,,,,,,,,,,,,,,,
,,,,,,,,,,,,,,,,,,,,
,,,,,,,,,,,,,,,,,,,,
217.0,食品,调味品,西式调味酱,肉酱,C,"定义：以碎牛肉或猪肉与番茄、洋葱、芹菜等慢炖浓缩而成的含肉颗粒调味酱，用于意面、焗饭或披萨底酱，可见明显肉粒与蔬菜碎，油脂与番茄融合，常见玻璃罐、马口铁罐及冷冻袋装，意式波隆那肉酱为典型代表。

快速排查方法
✅ 直接关键词：名称含 ** 西式肉酱、意面肉酱、番茄肉酱、牛肉酱（西式工艺）** 等字样，且标注 “西式调味”“意面专用” 属性；
✅ 风味关键词：名称带 “番茄味、黑胡椒味、香草味” 等西式肉酱典型风味描述；
❌ 排除混淆词：名称标注 “中式牛肉酱、香辣肉酱、拌饭肉酱（含豆瓣酱 / 甜面酱）、肉酱味零食调料” 的，不属于该品类。","按原料划分：牛肉西式肉酱、猪肉西式肉酱、鸡肉西式肉酱、混合肉西式肉酱；
按风味划分：番茄西式肉酱、黑胡椒西式肉酱、香草西式肉酱、蘑菇肉酱（添加蘑菇的复合风味）；
按用途划分：意面专用肉酱、披萨涂抹肉酱、面包蘸食肉酱。","中式肉酱类：香辣牛肉酱、香菇肉酱、拌饭肉酱（含豆瓣酱、辣椒等中式成分）；
仿肉制品类：植物蛋白肉酱、大豆肉酱（无真实肉糜原料）；
其他西式调味酱：沙拉酱、咖喱酱、奶酪酱（无肉糜核心原料）；",海天,,,经典番茄肉酱味,玻璃罐装,,,,,,,
,,,,,,,,,李锦记,,,黑胡椒味,马口铁罐装,,,,,,,
,,,,,,,,,欣和,,,蘑菇味,冷冻袋装,,,,,,,
,,,,,,,,,六月鲜,,,微辣味,软管装,,,,,,,
,,,,,,,,,厨邦,,,芝士味,其他,,,,,,,
,,,,,,,,,,,,红酒味,,,,,,,,
,,,,,,,,,,,,香草味,,,,,,,,
,,,,,,,,,,,,其他,,,,,,,,
,,,,,,,,,,,,,,,,,,,,
,,,,,,,,,,,,,,,,,,,,
,,,,,,,,,,,,,,,,,,,,
,,,,,,,,,,,,,,,,,,,,
,,,,,,,,,,,,,,,,,,,,
,,,,,,,,,,,,,,,,,,,,
,,,,,,,,,,,,,,,,,,,,
,,,,,,,,,,,,,,,,,,,,
,,,,,,,,,,,,,,,,,,,,
,,,,,,,,,,,,,,,,,,,,
,,,,,,,,,,,,,,,,,,,,
,,,,,,,,,,,,,,,,,,,,
,,,,,,,,,,,,,,,,,,,,
,,,,,,,,,,,,,,,,,,,,
218.0,食品,调味品,西式调味酱,其他西式调味酱,,"定义：涵盖未归入烧烤、奶油、肉酱、咖喱、沙拉等主流西式酱体的其余调味品类，包括芥末酱、塔塔酱、荷兰酱、红酒汁、黑胡椒汁等。这些酱料通常用于佐餐、蘸食或烹饪收尾，基底可为油脂、醋、酒或蛋黄，经乳化、浓缩或香料调配制成，呈流体至半固态不等。常见包装形式包括玻璃挤压瓶、软管或餐饮大包装，需冷藏或常温避光保存，如荷兰酱、薄荷酱、蜂蜜芥末酱为其代表。

核心定义
以西式餐饮风味为主，采用糖、醋、植物油、香辛料、果蔬、乳制品等原料调制而成的半固体 / 流质调味酱，多用于西餐搭配、蘸食、淋拌、烹饪，不属于上述列明品类，统一归入其他西式调味酱。

快速核查要点
工艺属性：多为调配、熬煮、乳化制成，部分含发酵工艺（如芥末酱），区别于中式酱类的发酵酱腌工艺；
用途场景：以蘸食、佐餐、烘焙、意面 / 披萨调味为主，适配西式餐食的搭配逻辑；
风味基调：注重酸咸平衡、奶香浓郁或清新爽口，少重辣重油的厚重风味。","芥末酱类：黄芥末酱、法式芥末酱、蜂蜜芥末酱、第戎芥末酱
经典西餐酱：塔塔酱、千岛酱、法式芥末籽酱、伍斯特酱（喼汁）
香草风味酱：罗勒酱、青酱、香草酱、蒜香黄油酱
甜辣 / 风味酱：甜辣酱、韩式辣酱（西式用法归类）、辣椒仔辣酱
水果调味酱（非果酱）：水果酸辣酱、芒果酱、凤梨调味酱
其他西式酱：牛排酱、蘑菇酱、洋葱汁、海鲜酱（西式版）","1. 不包括：沙拉酱、番茄酱、烧烤酱、果酱、奶油酱、咖喱、奶酪酱、肉酱
2. 不包括：豆瓣酱、黄豆酱、甜面酱、腐乳等中式酱类
3. 不包括：火锅蘸料、下饭酱、拌面酱等中式复合酱
4. 不包括：酱油、醋、盐、糖等基础单一调味品
5. 不包括：香辛料原料（黑胡椒、迷迭香、百里香等）
6. 不包括：浓汤、汤底、火锅底料、复合调味料
7. 不包括：果冻、巧克力酱、炼乳、酸奶等甜品 / 乳制品",丘比,,,芥末味,挤压瓶,,,,,,,
,,,,,,,,,海天,,,塔塔味,软管,,,,,,,
,,,,,,,,,李锦记,,,荷兰酱味,餐饮大包装,,,,,,,
,,,,,,,,,欣和,,,红酒味,塑料瓶,,,,,,,
,,,,,,,,,六月鲜,,,黑胡椒味,罐装,,,,,,,
,,,,,,,,,,,,蜂蜜芥末味,其他,,,,,,,
,,,,,,,,,,,,薄荷味,,,,,,,,
,,,,,,,,,,,,蒜香味,,,,,,,,
,,,,,,,,,,,,柠檬味,,,,,,,,
,,,,,,,,,,,,奶油味,,,,,,,,
,,,,,,,,,,,,辣味,,,,,,,,
,,,,,,,,,,,,酸甜味,,,,,,,,
,,,,,,,,,,,,其他,,,,,,,,
,,,,,,,,,,,,,,,,,,,,
,,,,,,,,,,,,,,,,,,,,
,,,,,,,,,,,,,,,,,,,,
,,,,,,,,,,,,,,,,,,,,
,,,,,,,,,,,,,,,,,,,,
,,,,,,,,,,,,,,,,,,,,
,,,,,,,,,,,,,,,,,,,,
,,,,,,,,,,,,,,,,,,,,
,,,,,,,,,,,,,,,,,,,,
219.0,食品,调味品,中式调味酱,黄豆酱,A,"定义：以黄豆为主要原料，经蒸煮、制曲、发酵等工艺制成的粘稠状发酵酱料，色泽呈棕黄或深褐色，质地细腻，味道咸鲜醇厚，酱香浓郁。它主要用于烹饪中的调味和增香，是制作炸酱面、酱烧菜肴及炖煮菜品的基础调料，也可直接用于蘸食或拌菜，在市场上多以袋装、罐装或散装形式流通。

快速核查要点
看配料表：只要黄豆/大豆仍为第一大原料，日产品以发酵黄豆酱为基底，仅添加少量蒜蓉、椒、芝麻、洋葱等香宁料/风味辅料，仍属于黄豆酱
看标准号：包装标注GB/T 24399或GB 2718（酿造酱）
看工艺：强调 **“发酵”“酿造”**，非 “调制”“配制”","1. 以黄豆 / 大豆为主要原料，经微生物发酵酿制的半固态 / 固态酱类
2. 常规配料：黄豆、小麦粉、食用盐、饮用水（传统纯发酵配方）
3. 发酵工艺：浸泡、蒸煮、制曲、发酵、加盐腌制
4. 产品类型：淡口黄豆酱、咸口黄豆酱、稀态（半流动）、稠态（糊状）","1. 非发酵型：仅用黄豆粉 / 豆浆调配或水解植物蛋白调制的 “风味酱”
2. 复合调味酱：添加大量辣椒、肉类、香菇、花生等为主料的产品（如辣酱、肉酱、香菇酱）
3. 其他酱类：以蚕豆为主料的豆瓣酱、以面粉为主料的甜面酱、以海鲜为主料的虾酱
4. 配制酱：以酿造酱为基料混合其他配料 / 添加剂制成的产品
5. 酱油 / 酱油膏：液态或半固态酱油类，非黄豆酱范畴",海天,原味黄豆酱,,咸香,玻璃瓶,,,,,,,
,,,,,,,,,李锦记,甜面酱（甜黄酱）,,甜咸,塑料瓶 / PE 瓶,,,,,,,
,,,,,,,,,欣和,辣黄豆酱,,香辣味,软管装,,,,,,,
,,,,,,,,,六月鲜,蒸鱼 / 豉香黄豆酱,,豉香,桶装 / 餐饮装,,,,,,,
,,,,,,,,,厨邦,稀黄酱 / 干黄酱,,其他,小袋装,,,,,,,
,,,,,,,,,,,,,其他,,,,,,,
,,,,,,,,,,,,,礼盒装,,,,,,,
,,,,,,,,,,,,,组合装,,,,,,,
,,,,,,,,,,,,,,,,,,,,
,,,,,,,,,,,,,,,,,,,,
,,,,,,,,,,,,,,,,,,,,
,,,,,,,,,,,,,,,,,,,,
,,,,,,,,,,,,,,,,,,,,
,,,,,,,,,,,,,,,,,,,,
,,,,,,,,,,,,,,,,,,,,
,,,,,,,,,,,,,,,,,,,,
,,,,,,,,,,,,,,,,,,,,
,,,,,,,,,,,,,,,,,,,,
,,,,,,,,,,,,,,,,,,,,
,,,,,,,,,,,,,,,,,,,,
,,,,,,,,,,,,,,,,,,,,
,,,,,,,,,,,,,,,,,,,,
220.0,食品,调味品,中式调味酱,豆瓣酱,A,"定义：以蚕豆和辣椒为主要原料，经发酵制成的糊状调味品，色泽红褐，质地粘稠，具有独特的发酵酱香和辛辣味。它是川菜烹饪中不可或缺的基础调味料，常用于制作麻婆豆腐、回锅肉等菜肴，提供咸、鲜、辣复合风味，市售产品多为罐装或袋装。

快速核查要点
看配料表：首位为蚕豆 / 黄豆，含辣椒（辣味款），无大量非豆类主料。
看形态：有明显豆瓣颗粒，非完全细腻糊状。
看标准号：包装标注SB/T 10619、GB/T 20560（郫县豆瓣）或GB 2718（酿造酱）国家标准化管理委员会。
看工艺：强调 **“发酵”“酿造”“晒露”**，非 “调制”“配制”。","1. 核心原料：以蚕豆（主流）或黄豆为主要原料，经微生物发酵酿制国家标准化管理委员会。
2. 标准分类：
蚕豆豆瓣酱（最经典，如郫县豆瓣）
大豆豆瓣酱（黄豆为主，北方常见）
辣椒豆瓣酱（添加辣椒，主流辣味款）
3. 工艺特征：浸泡、脱皮、蒸煮、制曲、混合辣椒 / 盐、长期发酵（传统≥180 天），成品保留豆瓣颗粒感。
4. 典型产品：郫县豆瓣、红油豆瓣、一级 / 特级酿造豆瓣、金钩豆瓣（加虾米）、香油豆瓣。
5. 配料允许：蚕豆 / 黄豆、辣椒、食用盐、面粉、香油、味精、香辛料（少量）。","1. 非发酵型：仅用蚕豆 / 黄豆粉 + 辣椒 + 盐直接调配，无发酵工艺的 “豆瓣风味酱”。
2. 主料不符：
以黄豆为唯一主料且无豆瓣颗粒、完全磨碎的黄豆酱。
以面粉为主料的甜面酱襄阳市市场监督管理局。
以大豆饼粕为主料的其他发酵酱襄阳市市场监督管理局。
3. 复合调味酱：添加大量肉类、香菇、花生、豆豉等为主料的产品（如肉酱、香菇酱、豆豉酱）。
4. 其他酱类：
以蚕豆为主但无辣椒的纯蚕豆酱（非辣椒豆瓣酱）国家标准化管理委员会。
以海鲜为主料的虾酱、鱼酱。
液态 / 半固态酱油 / 酱油膏。
5. 配制酱：以酿造酱为基料，大量添加增稠剂、香精、色素等制成的非纯发酵产品。",郫县,郫县豆瓣（红油豆瓣）,,原味,玻璃瓶,,,,,,,
,,,,,,,,,海天,原味豆瓣酱,,香辣味,塑料瓶 / PE 瓶,,,,,,,
,,,,,,,,,李锦记,香辣豆瓣酱,,麻辣味,桶装,,,,,,,
,,,,,,,,,欣和,碎豆瓣 / 细豆瓣,,鲜辣,袋装,,,,,,,
,,,,,,,,,六月鲜,,,微辣,软管 / 挤压装,,,,,,,
,,,,,,,,,,,,豆豉香,礼盒装,,,,,,,
,,,,,,,,,,,,蒜香味,组合装,,,,,,,
,,,,,,,,,,,,其他,,,,,,,,
,,,,,,,,,,,,,,,,,,,,
,,,,,,,,,,,,,,,,,,,,
,,,,,,,,,,,,,,,,,,,,
,,,,,,,,,,,,,,,,,,,,
,,,,,,,,,,,,,,,,,,,,
,,,,,,,,,,,,,,,,,,,,
,,,,,,,,,,,,,,,,,,,,
,,,,,,,,,,,,,,,,,,,,
,,,,,,,,,,,,,,,,,,,,
,,,,,,,,,,,,,,,,,,,,
,,,,,,,,,,,,,,,,,,,,
,,,,,,,,,,,,,,,,,,,,
,,,,,,,,,,,,,,,,,,,,
,,,,,,,,,,,,,,,,,,,,
221.0,食品,调味品,中式调味酱,辣椒酱,A,"定义：以辣椒为主要成分加工制成的酱状调味品，核心特征是提供辛辣刺激的风味，其形态可从细腻的泥状到含有辣椒籽和碎块的粗粒状不等。产品可直接佐餐、拌食或作为烹饪调料，常见的有油制辣椒酱、蒜蓉辣椒酱、剁椒等多种细分品类，通常采用瓶装或罐装销售。

快速核查要点
看配料表：首位为辣椒，无大量非辣椒主料。
看辣度：辣度≥5 度，明确标注轻辣 / 微辣 / 中辣 / 特辣。
看形态：半固态 / 固态酱状，非液态或纯干料。
看标准：执行NY/T 1077或GB 31644。","1. 核心原料：以鲜辣椒 / 干辣椒（辣椒属）为绝对主料（占比最高），经破碎、腌制、发酵或调配制成。
2. 工艺类型：
发酵辣椒酱：传统自然发酵，风味醇厚。
非发酵辣椒酱：直接破碎、调味、杀菌制成（如蒜蓉辣酱、油辣子）。
3. 形态特征：半固态 / 固态酱状，可含辣椒颗粒、籽或完全细腻。
4. 允许配料：食用盐、食用油、大蒜、姜、豆豉、芝麻、香辛料、醋、糖、味精等（辣椒仍为主料）。
5. 执行标准：NY/T 1077、GB/T 辣椒酱质量通则、GB 31644。
6. 典型产品：
原味辣椒酱、蒜蓉辣椒酱、豆豉辣椒酱、剁椒酱、油辣子、红油辣椒酱、小米辣辣椒酱、鲜椒酱、减盐辣椒酱。","1. 主料不符：
以黄豆 / 蚕豆为主料的黄豆酱、豆瓣酱（辣椒仅为辅料）。
以面粉为主料的甜面酱。
以肉类、香菇、花生、豆豉等为主料的肉酱、香菇酱、花生酱、豆豉酱。
2. 非辣椒主导：仅含少量辣椒调味、无明显辣度的普通调味酱（如甜面酱、豆瓣酱）。
3. 液态 / 半固态酱油类：辣椒油、辣椒酱油、酱油膏（非酱状）。
4. 单一辣椒制品：干辣椒、辣椒粉、辣椒段、泡椒（未制成酱）。
5. 复合调味酱：辣椒占比低、以其他食材为主的火锅底料、麻辣香锅底料、蘸料。
6. 配制型假辣酱：仅用辣椒精、色素、香精调配，无真实辣椒原料的产品。",老干妈,油制辣椒酱,,香辣味,玻璃瓶,,,,,,,
,,,,,,,,,海天,鲜辣椒酱,,麻辣味,塑料瓶,,,,,,,
,,,,,,,,,李锦记,发酵辣椒酱,,酸辣,软管挤压装,,,,,,,
,,,,,,,,,欣和,剁椒 / 碎辣椒,,蒜香味,袋装,,,,,,,
,,,,,,,,,六月鲜,蒜蓉辣椒酱,,豆豉,杯装 / 小盒装,,,,,,,
,,,,,,,,,,豆豉辣椒酱,,鲜辣,餐饮大桶装,,,,,,,
,,,,,,,,,,特辣 / 魔鬼辣型,,甜辣味,礼盒装,,,,,,,
,,,,,,,,,,,,酱香味,组合装,,,,,,,
,,,,,,,,,,,,泡椒味,,,,,,,,
,,,,,,,,,,,,剁椒,,,,,,,,
,,,,,,,,,,,,咸辣,,,,,,,,
,,,,,,,,,,,,其他,,,,,,,,
,,,,,,,,,,,,,,,,,,,,
,,,,,,,,,,,,,,,,,,,,
,,,,,,,,,,,,,,,,,,,,
,,,,,,,,,,,,,,,,,,,,
,,,,,,,,,,,,,,,,,,,,
,,,,,,,,,,,,,,,,,,,,
,,,,,,,,,,,,,,,,,,,,
,,,,,,,,,,,,,,,,,,,,
,,,,,,,,,,,,,,,,,,,,
,,,,,,,,,,,,,,,,,,,,
222.0,食品,调味品,中式调味酱,芝麻酱,C,"定义：以焙炒后的芝麻为原料，经除杂、清洗、研磨等工艺制成的膏状调味品，具有浓郁的芝麻烘烤香气和细腻柔滑的质地，颜色因芝麻品种不同呈淡黄色至棕褐色（白芝麻酱）或棕褐色至黑色（黑芝麻酱），主要用于为凉拌菜、面条（如热干面、凉面）或火锅蘸料提供香味和稠厚口感，食用时常需用油或水稀释调开，常见包装为玻璃瓶或塑料罐。
快速区分要点                                                                         必须满足（缺一不可）
原料：以焙炒后的芝麻为唯一/主要原料，禁用霉变、虫蛀芝麻，原料符合GB/T 11761规定
工艺：经除杂、清洗、焙炒、研磨（可加调配工艺）制成，研磨细度符合相关标准
形态：呈膏状，无液态、粉末状形态
指标：核心指标符合LS/T 3220-2017及对应食品安全标准（纯芝麻酱脂肪≥50.0%、水分≤1.0%）
一句话速记
焙炒芝麻为核心原料、经研磨成膏状、符合芝麻酱国标指标，三者同时满足才是芝麻酱；缺任一即不属于。","1. 纯芝麻酱:仅以焙炒芝麻为原料，无任何辅料，香气纯正，质地细腻，符合LS/T 3220-2017纯芝麻酱标准。
2. 芝麻仁酱:以全部脱皮的焙炒芝麻为原料，经研磨制成，属于纯芝麻酱的细分类型。
3. 调味芝麻酱:以焙炒芝麻为主要原料，添加植物油、食用盐、食糖等辅料制成，常见细分类型包括咸香芝麻酱、麻辣芝麻酱（添加辣椒、花椒等香辛料）、清香芝麻酱（添加少量芝麻油）。                        4. 颗粒芝麻酱：以焙炒芝麻为原料，经研磨后保留少量芝麻颗粒，细度符合标准要求，口感更有层次，属于纯芝麻酱或调味芝麻酱的细分品类。","1. 花生酱/混合坚果酱:以花生、核桃、杏仁等为主要原料，芝麻含量极低（通常＜30%），属于单独品类，与芝麻酱原料核心不同（依据GB/T 20903-202×《调味品分类》）
2. 芝麻调味油:以芝麻为原料提取的液态油脂，无膏状质地，用途以调味增香为主，与芝麻酱的形态、生产工艺及用途均不同（依据GB/T 8233《芝麻油》）。
3. 芝麻糊/芝麻粉:粉末状或糊状冲调食品，需加水冲泡食用，属于冲调食品范畴，非直接用于调味的膏状调味品，执行标准与芝麻酱不同。
4. 含大量非芝麻原料的仿制品:添加超过规定比例的非芝麻原料（如大量淀粉、其他油脂），或添加香精香料、非食用物质，不符合LS/T 3220-2017标准要求，不属于芝麻酱。
5. 未焙炒芝麻制成的酱:以生芝麻为原料直接研磨，无芝麻烘烤香气，不符合芝麻酱“焙炒后研磨”的核心工艺要求，且未达到食品安全标准，不属于合格芝麻酱。",六必居,,,原味,玻璃瓶装,,,,,,,
,,,,,,,,,王致和,,,香辣味,塑料罐装,,,,,,,
,,,,,,,,,海天,,,蒜香味,袋装,,,,,,,
,,,,,,,,,李锦记,,,五香味,桶装,,,,,,,
,,,,,,,,,欣和,,,椒麻味,,,,,,,,
,,,,,,,,,,,,其他,,,,,,,,
,,,,,,,,,,,,,,,,,,,,
,,,,,,,,,,,,,,,,,,,,
,,,,,,,,,,,,,,,,,,,,
,,,,,,,,,,,,,,,,,,,,
,,,,,,,,,,,,,,,,,,,,
,,,,,,,,,,,,,,,,,,,,
,,,,,,,,,,,,,,,,,,,,
,,,,,,,,,,,,,,,,,,,,
,,,,,,,,,,,,,,,,,,,,
,,,,,,,,,,,,,,,,,,,,
,,,,,,,,,,,,,,,,,,,,
,,,,,,,,,,,,,,,,,,,,
,,,,,,,,,,,,,,,,,,,,
,,,,,,,,,,,,,,,,,,,,
,,,,,,,,,,,,,,,,,,,,
,,,,,,,,,,,,,,,,,,,,
223.0,食品,调味品,中式调味酱,花生酱,B,"定义：以花生仁为主要原料，经筛选、焙炒、脱皮、分选、研磨等工艺制成的膏状中式调味品，具有浓郁的花生烘烤香气，质地细腻（或带颗粒），颜色呈淡黄色至棕褐色，主要用于凉拌菜、面条、火锅蘸料调味，也可用于涂抹、馅料搭配，食用时可根据需求用油或水稀释，常见包装为玻璃瓶或塑料罐，包装需符合食品安全要求并能遮光防潮。
快速区分要点
必须满足（缺一不可）
原料：以花生仁为唯一/主要原料，选用颗粒饱满、无霉变、无杂质的优质花生，符合GB/T 1532规定
工艺：经筛选、焙炒（150-180℃，20-30分钟）、脱皮、研磨制成，可添加少量辅料，不得添加香精香料及非食用物质
形态：呈膏状，无液态、粉末状形态，研磨细度符合相关标准
指标：核心指标符合相关标准，纯花生酱脂肪、水分等指标需达标，无其他植物成分检出
一句话速记
花生仁为核心原料、经焙炒研磨成膏状、符合花生酱相关标准，三者同时满足才是花生酱；缺任一即不属于。","1. 纯花生酱:仅以花生仁为原料，无任何辅料，经筛选、焙炒、脱皮、研磨制成，香气纯正，质地细腻，符合相关标准要求，固形物和油均不检出其他植物成分。
2. 颗粒花生酱：以花生仁为原料，经焙炒、研磨后保留部分花生颗粒，口感有层次，属于纯花生酱的细分类型，细度符合标准规定。
3. 调味花生酱：以花生仁为主要原料，可添加食用盐、食糖、食用植物油等辅料，经研磨、调配制成，常见细分类型有咸香花生酱、甜香花生酱、麻辣花生酱（添加辣椒、花椒等香辛料）。
4. 专用花生酱：以花生仁为主要原料，根据用途调配配方，如火锅专用花生酱（适配蘸料，质地适中）、凉拌专用花生酱（易稀释，风味浓郁），均符合花生酱核心标准。","1. 芝麻酱/混合坚果酱：以芝麻、核桃、杏仁等为主要原料，花生含量极低（通常＜30%），与花生酱核心原料不同，分属不同品类。
2. 花生调味油：以花生为原料提取的液态油脂，无膏状质地，生产工艺与用途均与花生酱不同，执行花生油相关标准而非花生酱标准。
3. 花生糊/花生粉：粉末状或糊状冲调食品，需加水冲泡食用，属于冲调食品范畴，非直接用于调味的膏状调味品，与花生酱工艺、用途差异较大。
4. 含大量非花生原料的仿制品:添加超过规定比例的非花生原料（如大量淀粉、其他油脂），或添加香精香料、非食用物质，不符合花生酱标准要求，不属于花生酱。
5. 未焙炒花生制成的酱:以生花生仁为原料直接研磨，无花生烘烤香气，不符合“焙炒后研磨”的核心工艺要求，且未达到食品安全标准，不属于合格花生酱。",,,,幼滑花生酱,,,,,,,,
,,,,,,,,,,,,颗粒花生酱,,,,,,,,
,,,,,,,,,,,,海盐花生酱,,,,,,,,
,,,,,,,,,,,,无盐花生酱,,,,,,,,
,,,,,,,,,,,,甜味花生酱,,,,,,,,
,,,,,,,,,,,,无糖花生酱,,,,,,,,
,,,,,,,,,,,,巧克力花生酱,,,,,,,,
,,,,,,,,,,,,蜂蜜花生酱,,,,,,,,
,,,,,,,,,,,,减糖花生酱,,,,,,,,
,,,,,,,,,,,,高蛋白花生酱,,,,,,,,
,,,,,,,,,,,,原味花生酱,,,,,,,,
,,,,,,,,,,,,香脆花生酱,,,,,,,,
,,,,,,,,,,,,其他,,,,,,,,
,,,,,,,,,,,,,,,,,,,,
,,,,,,,,,,,,,,,,,,,,
,,,,,,,,,,,,,,,,,,,,
,,,,,,,,,,,,,,,,,,,,
,,,,,,,,,,,,,,,,,,,,
,,,,,,,,,,,,,,,,,,,,
,,,,,,,,,,,,,,,,,,,,
,,,,,,,,,,,,,,,,,,,,
,,,,,,,,,,,,,,,,,,,,
224.0,食品,调味品,中式调味酱,甜面酱,C,"定义：以面粉（小麦粉）为主要原料，经制曲、发酵（固态或液态发酵）、熬煮等工艺制成的酱状中式调味品，色泽呈红褐色至深褐色，有光泽，质地细腻黏稠，具有独特的酱香与酯香，味甜而咸鲜。主要用于京酱肉丝、烤鸭蘸食、炸酱面、炒菜提鲜增香（如酱爆鸡丁、酱爆茄子）等，常见包装为玻璃瓶、塑料瓶或软包装，需密封避光储存。
快速区分要点
以面粉为主要原料，可添加适量水、食盐，允许添加白砂糖 / 冰糖、香辛料等辅料，不得添加非小麦粉的谷物 / 豆类作为主要原料。
工艺核心：经制曲→发酵（固态 / 液态发酵）→熬煮浓缩工艺制成，发酵过程需符合传统酿造工艺逻辑，非简单混合调配。
形态与风味：呈酱状 / 黏稠糊状，无明显颗粒感（允许少量香辛料碎屑）；兼具酱香、酯香，口感甜咸适中、咸鲜回甘，无酸败、哈喇味等异味。
标准合规：核心指标符合GB/T 24399-2009《黄豆酱》（甜面酱通用参考标准）及食品安全国家标准，无违规添加剂。
一句话速记
面粉为基、经发酵熬煮成酱、甜咸酱香黏稠，三者同时满足才是甜面酱；缺任一即不属于。","1.传统固态发酵甜面酱：以面粉为原料，经固态曲发酵、熬煮制成，酱香浓郁醇厚，是传统烤鸭、炸酱面的核心调味，质地较浓稠。
2.液态发酵甜面酱：采用液态发酵工艺，发酵周期较短，口感更清爽鲜甜，适合炒菜、凉拌快速调味，流动性略强于固态型。
3.风味甜面酱:在基础甜面酱中添加香辛料（如辣椒、花椒、葱姜蒜）、果蔬泥（如香菇、胡萝卜）或蜂蜜，细分出香辣甜面酱、葱姜甜面酱、香菇甜面酱等，适配不同烹饪场景。
4.低钠 / 无糖甜面酱:针对健康需求，优化食盐、糖分添加比例，或用代糖替代蔗糖，保留核心风味，同时降低钠 / 糖含量，符合对应特殊食品标准。","1.黄豆酱 / 豆瓣酱
2.甜酱（非发酵型）：仅以蔗糖、酱油、水简单混合制成，无面粉发酵工艺。
3.沙拉酱 / 蛋黄酱：以植物油、鸡蛋、食醋为主要原料，无面粉发酵工艺。
4.腐乳 / 豆豉类：以大豆 / 黑豆为主要原料，经发酵制成的豆制品，形态、原料、风味均与甜面酱差异显著。
5.含大量非面粉原料的仿制品：添加超过 30% 的非面粉谷物、豆类或人工香精、防腐剂，不符合甜面酱原料与工艺要求，不属于合格甜面酱。",海天,,,咸甜,瓶装,,,,,,,
,,,,,,,,,李锦记,,,原味,袋装,,,,,,,
,,,,,,,,,欣和,,,酱香,桶装,,,,,,,
,,,,,,,,,六月鲜,,,微甜,挤压瓶,,,,,,,
,,,,,,,,,厨邦,,,醇厚,,,,,,,,
,,,,,,,,,,,,鲜香,,,,,,,,
,,,,,,,,,,,,其他,,,,,,,,
,,,,,,,,,,,,,,,,,,,,
,,,,,,,,,,,,,,,,,,,,
,,,,,,,,,,,,,,,,,,,,
,,,,,,,,,,,,,,,,,,,,
,,,,,,,,,,,,,,,,,,,,
,,,,,,,,,,,,,,,,,,,,
,,,,,,,,,,,,,,,,,,,,
,,,,,,,,,,,,,,,,,,,,
,,,,,,,,,,,,,,,,,,,,
,,,,,,,,,,,,,,,,,,,,
,,,,,,,,,,,,,,,,,,,,
,,,,,,,,,,,,,,,,,,,,
,,,,,,,,,,,,,,,,,,,,
,,,,,,,,,,,,,,,,,,,,
,,,,,,,,,,,,,,,,,,,,
225.0,食品,调味品,中式调味酱,菌菇酱,C,"定义：以各类菌菇（如香菇、平菇、杏鲍菇、金针菇等）为主要原料，经清洗、切丁、炒制（或熬煮），添加食用盐、植物油、香辛料等辅料制成的酱状中式调味品，具有浓郁的菌菇鲜香，质地黏稠（可带菌菇颗粒），颜色呈黄褐色至深褐色，主要用于拌面、夹馍、炒菜提鲜、火锅蘸料，常见包装为玻璃瓶、塑料瓶，需密封冷藏储存。
快速区分要点
原料：以菌菇为主要原料，可添加植物油、盐、香辛料等辅料，菌菇含量符合相关要求
工艺：经清洗、切丁、炒制/熬煮制成，可少量添加食品添加剂，无发酵工艺（区别于发酵酱类）
形态：呈酱状，可保留菌菇颗粒，无液态、粉末状形态
风味：具有明显菌菇鲜香，无酸败、异味，符合中式调味品风味特征
一句话速记
菌菇为核心原料、经炒制/熬煮成酱状、具菌菇鲜香，三者同时满足才是菌菇酱；缺任一即不属于。","1. 核心原料：以香菇、平菇、杏鲍菇、金针菇等一种或多种菌菇为主要原料，经处理、炒制/熬煮制成。
2. 标准分类：纯菌菇酱（仅菌菇+基础辅料）、风味菌菇酱（添加辣椒、花椒等香辛料）、混合菌菇酱（多种菌菇搭配）。
3. 工艺特征：经清洗、切丁、焯水（可选）、炒制/熬煮，添加辅料调味，无发酵工艺，成品可保留菌菇颗粒。
4. 典型产品：香菇酱、杏鲍菇酱、混合菌菇酱、香辣菌菇酱、原味菌菇酱、蒜香菌菇酱。
5. 配料允许：菌菇、食用植物油、食用盐、香辛料、味精、少量食品添加剂（如增稠剂）。","1. 发酵酱类：豆瓣酱、黄豆酱、甜面酱等经微生物发酵制成的酱类，与菌菇酱无发酵工艺的核心特征不同。
2. 主料不符：以花生、芝麻、肉类等为主要原料，仅添加少量菌菇调味的酱料（如花生酱、肉酱）。
3. 菌菇调味品：菌菇粉、菌菇油（液态），形态与菌菇酱（酱状）差异显著，用途不同。
4. 复合调味酱：以豆豉、豆瓣酱为基料，仅添加少量菌菇，核心风味为发酵酱香而非菌菇鲜香的产品。
5. 配制酱：以香精、色素、增稠剂为主，菌菇含量极低，无自然菌菇鲜香，不符合菌菇酱原料要求。",海天,,,原味,玻璃瓶,,,,,,,
,,,,,,,,,李锦记,,,香辣,复合膜袋装,,,,,,,
,,,,,,,,,欣和,,,微辣,马口铁罐,,,,,,,
,,,,,,,,,六月鲜,,,麻辣,塑料罐,,,,,,,
,,,,,,,,,厨邦,,,蒜香,,,,,,,,
,,,,,,,,,,,,酱香,,,,,,,,
,,,,,,,,,,,,五香,,,,,,,,
,,,,,,,,,,,,其他,,,,,,,,
,,,,,,,,,,,,,,,,,,,,
,,,,,,,,,,,,,,,,,,,,
,,,,,,,,,,,,,,,,,,,,
,,,,,,,,,,,,,,,,,,,,
,,,,,,,,,,,,,,,,,,,,
,,,,,,,,,,,,,,,,,,,,
,,,,,,,,,,,,,,,,,,,,
,,,,,,,,,,,,,,,,,,,,
,,,,,,,,,,,,,,,,,,,,
,,,,,,,,,,,,,,,,,,,,
,,,,,,,,,,,,,,,,,,,,
,,,,,,,,,,,,,,,,,,,,
,,,,,,,,,,,,,,,,,,,,
,,,,,,,,,,,,,,,,,,,,
226.0,食品,调味品,中式调味酱,腐乳/豆腐乳,C,"定义：以大豆、豆腐为主要原料，经切块、发酵（霉菌发酵为主）、腌制、调味等工艺制成的发酵型中式调味品，质地柔软细腻，色泽多样（红、白、青等），具有独特的发酵酱香与酯香，味咸鲜醇厚，主要用于佐餐、拌面、炒菜提鲜，常见包装为玻璃瓶、陶瓷瓶，需密封避光储存。
快速区分要点
原料：以大豆、豆腐为主要原料，可添加食盐、白酒、香辛料等辅料
工艺：经霉菌发酵、腌制制成，核心为发酵工艺，非简单调配
形态：呈块状（或半糊状），质地柔软，无液态、粉末状形态
风味：具有明显发酵酱香、酯香，无酸败、异味，符合发酵调味品特征
一句话速记
豆腐为核心原料、经霉菌发酵制成、具发酵酱香，三者同时满足才是腐乳；缺任一即不属于。","1. 核心原料：以大豆、豆腐为主要原料，经霉菌发酵、腌制、调味制成（依据相关发酵食品标准）。
2. 标准分类：红腐乳（添加红曲，色泽红亮）、白腐乳（无红曲，色泽乳白）、青腐乳（臭豆腐，具独特风味）、酱腐乳（添加酱料调味）。
3. 工艺特征：经豆腐切块、接种霉菌、发酵、腌制、拌料调味，发酵周期符合标准要求。
4. 典型产品：绍兴腐乳、桂林腐乳、王致和腐乳、玫瑰腐乳、香辣腐乳、桂花腐乳。
5. 配料允许：大豆、豆腐、食用盐、白酒、香辛料、红曲、少量食品添加剂（如防腐剂）。","1. 非发酵型：仅以豆腐、盐、香辛料直接腌制，无霉菌发酵工艺的“豆腐腌制品”。
2. 主料不符：以豆豉、黄豆为主要原料，无豆腐成分的豆豉类产品；以面粉、蚕豆为主要原料的发酵酱类（如豆瓣酱）。
3. 豆腐类制品：嫩豆腐、老豆腐、千张等未发酵的豆腐制品，无发酵风味与工艺。
4. 复合调味酱：以腐乳为基料，添加大量肉类、菌菇、辣椒等为主料，核心风味非发酵酱香的产品。
5. 配制酱：以豆腐粉、香精、色素为主，无自然发酵工艺，菌菇含量极低，无发酵酱香的仿制品。",六必居,,,红腐乳,玻璃瓶,,,,,,,
,,,,,,,,,王致和,,,白腐乳,陶瓷罐,,,,,,,
,,,,,,,,,海天,,,青腐乳,真空袋装,,,,,,,
,,,,,,,,,李锦记,,,玫瑰腐乳,塑料罐,,,,,,,
,,,,,,,,,欣和,,,麻辣腐乳,,,,,,,,
,,,,,,,,,,,,香辣腐乳,,,,,,,,
,,,,,,,,,,,,蒜香腐乳,,,,,,,,
,,,,,,,,,,,,糟方腐乳,,,,,,,,
,,,,,,,,,,,,五香腐乳,,,,,,,,
,,,,,,,,,,,,甜辣腐乳,,,,,,,,
,,,,,,,,,,,,其他,,,,,,,,
,,,,,,,,,,,,,,,,,,,,
,,,,,,,,,,,,,,,,,,,,
,,,,,,,,,,,,,,,,,,,,
,,,,,,,,,,,,,,,,,,,,
,,,,,,,,,,,,,,,,,,,,
,,,,,,,,,,,,,,,,,,,,
,,,,,,,,,,,,,,,,,,,,
,,,,,,,,,,,,,,,,,,,,
,,,,,,,,,,,,,,,,,,,,
,,,,,,,,,,,,,,,,,,,,
,,,,,,,,,,,,,,,,,,,,
227.0,食品,调味品,中式调味酱,沙茶酱,C,"定义：以花生、芝麻、虾米、鱼干等为主要原料，添加植物油、食盐、香辛料、糖类等辅料，经焙炒、研磨、混合制成的酱状中式调味品，色泽呈黄褐色至棕褐色，质地黏稠（可带细微颗粒），兼具酱香、海鲜香与辛香，味咸鲜微甜，主要用于火锅蘸料、拌面、炒菜（如沙茶面、沙茶牛肉），常见包装为玻璃瓶、塑料瓶，需密封避光储存。

快速区分要点
原料：以花生、芝麻、虾米/鱼干为核心原料，可添加植物油、盐、香辛料等辅料
工艺：经焙炒、研磨、混合制成，无发酵工艺，核心为炒制研磨融合风味
形态：呈酱状，可含细微原料颗粒，无液态、粉末状形态
风味：兼具酱香、海鲜香与辛香，咸鲜微甜，无酸败、异味，符合中式复合调味特征
一句话速记
花生芝麻+海鲜（虾米/鱼干）为核心、经焙炒研磨成酱、具复合鲜香，三者同时满足才是沙茶酱；缺任一即不属于。","1. 核心原料：以花生、芝麻、虾米、鱼干为主要原料，经焙炒、研磨、混合制成（依据相关调味品标准）。
2. 标准分类：传统沙茶酱（花生芝麻主导，海鲜味浓郁）、香辣沙茶酱（添加辣椒，辣味突出）、清淡沙茶酱（减少油脂、盐分，口感清爽）。
3. 工艺特征：经原料焙炒、研磨细碎、混合辅料调味，无发酵工艺，成品可保留细微颗粒。
4. 典型产品：潮汕沙茶酱、厦门沙茶酱、台式沙茶酱、香辣沙茶酱、原味沙茶酱。
5. 配料允许：花生、芝麻、虾米、鱼干、食用植物油、食用盐、香辛料、糖类、少量食品添加剂。","1. 发酵酱类：豆瓣酱、腐乳、黄豆酱等经微生物发酵制成的酱类，与沙茶酱无发酵工艺的核心特征不同。
2. 主料不符：以单一花生/芝麻为主要原料（无虾米/鱼干）的花生酱、芝麻酱；无海鲜成分的普通复合酱。
3. 海鲜调味酱：以虾、鱼为唯一主料，无花生、芝麻成分的虾酱、鱼酱，风味单一无酱香。
4. 拌面酱/火锅蘸料：以酱油、辣椒、油脂为主，仅添加少量沙茶风味，核心原料与沙茶酱不符。
5. 配制酱：以香精、色素、增稠剂为主，花生、芝麻、海鲜含量极低，无自然复合鲜香的仿制品。",海天,,,经典咸鲜,玻璃瓶装,,,,,,,
,,,,,,,,,李锦记,,,微辣,塑料瓶装,,,,,,,
,,,,,,,,,欣和,,,中辣,马口铁罐,,,,,,,
,,,,,,,,,六月鲜,,,蒜香,铝箔袋,,,,,,,
,,,,,,,,,厨邦,,,花生香,真空软包装,,,,,,,
,,,,,,,,,,,,海鲜风味,挤压瓶装,,,,,,,
,,,,,,,,,,,,微甜,,,,,,,,
,,,,,,,,,,,,其他,,,,,,,,
,,,,,,,,,,,,,,,,,,,,
,,,,,,,,,,,,,,,,,,,,
,,,,,,,,,,,,,,,,,,,,
,,,,,,,,,,,,,,,,,,,,
,,,,,,,,,,,,,,,,,,,,
,,,,,,,,,,,,,,,,,,,,
,,,,,,,,,,,,,,,,,,,,
,,,,,,,,,,,,,,,,,,,,
,,,,,,,,,,,,,,,,,,,,
,,,,,,,,,,,,,,,,,,,,
,,,,,,,,,,,,,,,,,,,,
,,,,,,,,,,,,,,,,,,,,
,,,,,,,,,,,,,,,,,,,,
,,,,,,,,,,,,,,,,,,,,
228.0,食品,调味品,中式调味酱,海鲜酱,C,"定义：以虾米、干贝、鱼干、蟹干等海鲜为主要原料，添加植物油、食盐、糖类、香辛料、淀粉等辅料，经焙炒、研磨、熬煮制成的酱状中式调味品，色泽呈红褐色至棕褐色，质地黏稠，兼具海鲜鲜香与酱香，味咸鲜微甜，主要用于炒菜、拌面、火锅蘸料（如海鲜焖锅、海鲜拌面），常见包装为玻璃瓶、塑料瓶，需密封避光储存。

快速区分要点
必须满足（缺一不可）
原料：以虾米、干贝、鱼干等海鲜为核心原料，可添加植物油、盐、香辛料等辅料
工艺：经焙炒、研磨、熬煮制成，无发酵工艺，核心为融合海鲜风味
形态：呈酱状，可含细微海鲜颗粒，无液态、粉末状形态
风味：以海鲜鲜香为主，兼具酱香，咸鲜微甜，无酸败、异味，符合中式海鲜调味特征

一句话速记
海鲜（虾米/干贝/鱼干）为核心、经焙炒熬煮成酱、具浓郁海鲜鲜香，三者同时满足才是海鲜酱；缺任一即不属于。","1. 核心原料：以虾米、干贝、鱼干等海鲜为主要原料，经焙炒、研磨、熬煮制成（依据相关调味品标准）。
2. 标准分类：传统海鲜酱（海鲜味浓郁，无辣椒）、香辣海鲜酱（添加辣椒，辣味突出）、清淡海鲜酱（减少油脂、盐分，口感清爽）。
3. 工艺特征：经海鲜原料焙炒、研磨细碎、熬煮浓缩、混合辅料调味，无发酵工艺，成品可保留细微颗粒。
4. 典型产品：广式海鲜酱、台式海鲜酱、香辣海鲜酱、原味海鲜酱、干贝海鲜酱。
5. 配料允许：虾米、干贝、鱼干、食用植物油、食用盐、香辛料、糖类、淀粉、少量食品添加剂。","1. 发酵酱类：豆瓣酱、腐乳、黄豆酱等经微生物发酵制成的酱类，与海鲜酱无发酵工艺的核心特征不同。
2. 主料不符：以花生、芝麻为核心（无海鲜成分）的沙茶酱、花生酱；以单一海鲜为原料的虾酱、鱼酱。
3. 海鲜制品：纯虾米、干贝、鱼干等未加工成酱的海鲜干货，形态与用途均与海鲜酱不同。
4. 复合调味酱：以酱油、豆豉为基料，仅添加少量海鲜，核心风味非海鲜鲜香的产品。
5. 配制酱：以香精、色素、增稠剂为主，海鲜含量极低，无自然海鲜鲜香的仿制品。",海天,,,咸甜,瓶装,,,,,,,
,,,,,,,,,李锦记,,,鲜美,罐装,,,,,,,
,,,,,,,,,欣和,,,咸鲜,袋装,,,,,,,
,,,,,,,,,六月鲜,,,其他,,,,,,,,
,,,,,,,,,厨邦,,,,,,,,,,,
,,,,,,,,,,,,,,,,,,,,
,,,,,,,,,,,,,,,,,,,,
,,,,,,,,,,,,,,,,,,,,
,,,,,,,,,,,,,,,,,,,,
,,,,,,,,,,,,,,,,,,,,
,,,,,,,,,,,,,,,,,,,,
,,,,,,,,,,,,,,,,,,,,
,,,,,,,,,,,,,,,,,,,,
,,,,,,,,,,,,,,,,,,,,
,,,,,,,,,,,,,,,,,,,,
,,,,,,,,,,,,,,,,,,,,
,,,,,,,,,,,,,,,,,,,,
,,,,,,,,,,,,,,,,,,,,
,,,,,,,,,,,,,,,,,,,,
,,,,,,,,,,,,,,,,,,,,
,,,,,,,,,,,,,,,,,,,,
,,,,,,,,,,,,,,,,,,,,
229.0,食品,调味品,中式调味酱,牛肉酱,B,"定义：以牛肉为主要原料，经切块 / 切丁、腌制、焙炒 / 熬煮，添加植物油、食盐、辣椒、香辛料、淀粉等辅料，经熬煮浓缩制成的膏状 / 颗粒状中式调味品，色泽呈红褐色至深褐色，肉质纹理清晰，具浓郁牛肉鲜香与复合酱香，味咸鲜微辣（或原味）。主要用于拌面、夹馍、炒菜提鲜、火锅蘸料，常见包装为玻璃瓶、塑料瓶，需密封避光储存。
快速区分要点
 原料核心：以牛肉（新鲜 / 冷冻牛肉，可含少量牛筋、牛脂）为主要原料，牛肉含量需达标（通常≥20%，企业标准多要求≥30%）。
工艺核心：经牛肉预处理（切块 / 切丁、腌制）→焙炒 / 熬煮→混合辅料熬煮浓缩制成，无发酵工艺，核心为牛肉与酱香的融合。
形态核心：呈膏状 / 颗粒状，可见明显牛肉丁 / 肉丝纹理，无液态、粉末状形态，无大量油脂分离。
风味核心：以牛肉鲜香为主，兼具酱香、脂香，无腥膻、酸败异味，符合中式肉类调味酱特征。
一句话速记
牛肉为核心原料、经焙炒熬煮成酱状、具明显牛肉鲜香与颗粒感，三者同时满足才是牛肉酱；缺任一即不属于。","1.核心原料：以牛肉（可含少量牛筋、牛脂）为主要原料，经预处理、焙炒 / 熬煮制成（依据《调味品分类》GB/T 20903 及企业通用标准）。
2.标准分类：
原味牛肉酱：无辣椒，突出牛肉本香，适合清淡口味。
香辣牛肉酱：添加辣椒、花椒等香辛料，辣味突出，适配重口味。
微辣 / 五香牛肉酱：以五香、葱姜等香辛料调味，辣度较低。
工艺特征：经牛肉切丁腌制、油脂爆香、混合酱料（豆瓣酱 / 甜面酱 / 酱油）熬煮，浓缩至合适稠度，保留牛肉颗粒。
3.典型产品：经典香辣牛肉酱、五香牛肉酱、香菇牛肉酱（添加少量香菇提鲜）、藤椒牛肉酱、低脂牛肉酱（减少油脂）。
4.配料允许：牛肉、食用植物油、食用盐、辣椒、香辛料（葱姜、花椒、八角等）、淀粉、少量食品添加剂（增稠剂、防腐剂）。","1.非牛肉主导：以猪肉、鸡肉、鱼肉等为主要原料，牛肉含量＜10% 的复合肉酱（如猪肉酱、鸡肉酱）。
2.发酵酱类：豆瓣酱、腐乳、黄豆酱等经微生物发酵制成的酱类，与牛肉酱无发酵工艺的核心特征不同。
3.牛肉制品：牛肉干、牛肉脯、牛肉罐头等未加工成酱的牛肉制品，形态与用途差异显著。
4.主料不符：以花生、芝麻、菌菇等为主要原料，仅添加少量牛肉调味的酱料（如花生酱、菌菇酱）。
5.配制酱：以香精、色素、增稠剂为主，牛肉含量极低（＜5%），无自然牛肉鲜香与颗粒感的仿制品。",,,,原味,,,,,,,,
,,,,,,,,,,,,香辣,,,,,,,,
,,,,,,,,,,,,麻辣,,,,,,,,
,,,,,,,,,,,,五香,,,,,,,,
,,,,,,,,,,,,红烧,,,,,,,,
,,,,,,,,,,,,香菇,,,,,,,,
,,,,,,,,,,,,剁椒,,,,,,,,
,,,,,,,,,,,,泡椒,,,,,,,,
,,,,,,,,,,,,蒜蓉,,,,,,,,
,,,,,,,,,,,,豆豉,,,,,,,,
,,,,,,,,,,,,藤椒,,,,,,,,
,,,,,,,,,,,,孜然,,,,,,,,
,,,,,,,,,,,,咖喱,,,,,,,,
,,,,,,,,,,,,番茄,,,,,,,,
,,,,,,,,,,,,黑椒,,,,,,,,
,,,,,,,,,,,,酸菜,,,,,,,,
,,,,,,,,,,,,笋丁,,,,,,,,
,,,,,,,,,,,,花生,,,,,,,,
,,,,,,,,,,,,芝麻,,,,,,,,
,,,,,,,,,,,,菌菇,,,,,,,,
,,,,,,,,,,,,芹菜,,,,,,,,
,,,,,,,,,,,,其他,,,,,,,,
230.0,食品,调味品,中式调味酱,其他中式调味酱,,"定义
指未包含在上述具体品类中的、具有中式饮食文化特色的各类酱状调味品，其原料、工艺和风味多样，通常用于佐餐、蘸食或烹饪调味，以满足特定的地域性或风味化需求。此类产品在形态、包装及用途上存在较大差异，共同构成了中式调味酱体系的补充部分。

核心属性（快速区分）
原料：复合多元，非单一豆 / 面 / 菌 / 肉 / 海鲜 / 辣椒 / 芝麻 / 花生。
工艺：发酵 + 炒制 / 熬煮 / 混合，非单一发酵或单一研磨。
风味：复合味型（咸甜酸辣鲜香），非单一酱香 / 辣香 / 麻香 / 海鲜香。
用途：多功能（烹饪、蘸食、拌食、腌制、淋酱），非单一用途。
形态：半固态 / 膏状，区别于液态、固态。","1. 发酵类（非豆 / 面 / 菌菇 / 腐乳）
豆豉酱：以豆豉为主料，加辣椒、油、盐等炒制 / 发酵，鲜咸微辣，粤式常用。
虾酱 / 虾膏：小虾加盐发酵，咸鲜浓郁，沿海地区（粤、闽、鲁）常用，可蒸蛋、炒菜。
蟹酱 / 蟹膏：蟹肉 / 蟹黄加盐发酵，鲜醇厚重，江浙、胶东特色。
鱼酱 / 鱼露酱：小鱼发酵制成，咸鲜带腥，潮汕、闽南、东南亚风味融合。
梅酱 / 紫苏梅酱：青梅 / 紫苏梅加糖、盐发酵，酸甜解腻，蘸烧鹅、烤鸭。
韭菜花酱：韭菜花加盐发酵，咸香辛鲜，北方涮肉、蘸食必备。
桂花酱 / 玫瑰酱：鲜花加糖腌制发酵，香甜芬芳，用于甜品、点心、饮品。
2. 果蔬类（非菌菇）
蒜蓉酱 / 姜蓉酱 / 葱姜蒜酱：蒜 / 姜 / 葱为主料，加油、盐、酱油等熬制，辛香浓郁，蘸食、凉拌、烹饪。
番茄酱（中式）：番茄加糖、盐、醋、香辛料熬制，酸甜适口，区别于西式纯番茄酱。
剁椒酱：红辣椒剁碎加盐发酵，鲜辣咸香，湘菜、赣菜常用。
泡椒酱：泡辣椒剁碎，酸辣开胃，川菜、云贵菜常用。
XO 酱：干贝、火腿、海米、虾籽、辣椒、油等熬制，高端复合鲜香辣，粤式高档酱料。
柱侯酱：豆酱、酱油、糖、南乳、香辛料熬制，咸甜醇厚，粤式焖炖、烧腊。
排骨酱：番茄、糖、醋、酱油、香辛料熬制，酸甜咸鲜，腌制、烧烤、红烧。
叉烧酱：酱油、糖、蜂蜜、腐乳、香辛料熬制，咸甜浓郁，腌制叉烧、烧烤。
黑椒酱（中式）：黑胡椒、酱油、糖、黄油、淀粉熬制，辛香醇厚，煎炒、扒类。
牛蒡酱 / 竹笋酱 / 香菇酱（你已排除菌菇酱，此处指非纯菌菇复合）：牛蒡 / 竹笋为主料，加油、酱、香辛料炒制，鲜香脆爽。
3. 禽畜水产类（非牛肉）
猪肉酱 / 五花肉酱：猪肉末加酱、油、香辛料熬制，咸香浓郁，拌饭、拌面。
鸡肉酱 / 鸡枞酱：鸡肉 / 鸡枞菌为主料，鲜香醇厚，云南特色。
羊肉酱：羊肉末加酱、油、孜然、辣椒熬制，辛香膻鲜，西北、北方特色。
鱼子酱 / 虾籽酱：鱼子 / 虾籽为主料，加油、盐、酱熬制，鲜香浓郁，沿海、江南特色。
瑶柱酱 / 干贝酱：干贝为主料，加油、酱、香辛料熬制，高端鲜香，粤式、闽式。
4. 复合特色类
海山酱：花生、芝麻、糖、醋、酱油、辣椒等混合，甜辣咸香，台湾、闽南小吃蘸酱。
甜不辣酱：甜辣酱、酱油、糖、蒜等混合，甜辣适口，台湾小吃蘸酱。
蚵仔煎酱 / 臭豆腐酱：甜辣酱、酱油、糖、蒜、香菜等混合，地方小吃专用。
麻酱（纯芝麻酱已排除，此处指复合麻酱）：芝麻酱 + 花生酱 + 腐乳 + 韭菜花 + 酱油 + 香油等混合，北方涮肉、拌菜。
卤汁酱 / 红烧酱：酱油、糖、料酒、香辛料、腐乳等熬制，咸甜醇厚，卤味、红烧。
照烧酱（中式改良）：酱油、糖、蜂蜜、料酒、淀粉熬制，咸甜鲜香，煎烤、照烧类菜品。","1. 已明确列出的 11 类 
黄豆酱、豆瓣酱、辣椒酱、芝麻酱、花生酱、甜面酱、菌菇酱、腐乳 / 豆腐乳、沙茶酱、海鲜酱、牛肉酱。
2. 非酱类调味品（形态 / 功能不同）
液态类：酱油、醋、料酒、蚝油、鱼露、生抽、老抽、调味汁（鱼香汁、宫保汁、糖醋汁等）。
固态类：盐、糖、味精、鸡精、香辛料粉（花椒、八角、桂皮、孜然等）、豆豉、腐乳块（非酱状）、干货（干贝、海米、香菇等）。
膏状非调味酱：蜂蜜、果酱（西式，如草莓酱、蓝莓酱）、花生酱（已排除）、芝麻酱（已排除）。
3. 西式 / 日式 / 东南亚酱料（非中式）
西式：番茄酱（纯西式）、芥末酱、沙拉酱、千岛酱、蛋黄酱、黑椒酱（纯西式）、BBQ 酱等。
日式：味噌酱、照烧酱（纯日式）、寿司醋酱、芥末酱等。
东南亚：咖喱酱、冬阴功酱、叻沙酱、沙嗲酱（纯印尼 / 马来）等。
4. 单一原料 / 非复合酱（不符合 “复合调味”）
纯发酵豆酱（黄豆酱、豆瓣酱已排除）、纯面酱（甜面酱已排除）、纯菌菇酱（已排除）、纯腐乳（已排除）。
单一原料泥：纯蒜泥、纯姜泥、纯葱末（未复合成酱）。",海天,,,香辣,瓶装,,,,,,,
,,,,,,,,,李锦记,,,麻辣,袋装,,,,,,,
,,,,,,,,,欣和,,,蒜香,罐装,,,,,,,
,,,,,,,,,六月鲜,,,酱香,管装,,,,,,,
,,,,,,,,,厨邦,,,咸鲜,其他,,,,,,,
,,,,,,,,,,,,酸甜,,,,,,,,
,,,,,,,,,,,,五香,,,,,,,,
,,,,,,,,,,,,豆豉,,,,,,,,
,,,,,,,,,,,,香菇,,,,,,,,
,,,,,,,,,,,,海鲜,,,,,,,,
,,,,,,,,,,,,牛肉,,,,,,,,
,,,,,,,,,,,,菌菇,,,,,,,,
,,,,,,,,,,,,其他,,,,,,,,
,,,,,,,,,,,,,,,,,,,,
,,,,,,,,,,,,,,,,,,,,
,,,,,,,,,,,,,,,,,,,,
,,,,,,,,,,,,,,,,,,,,
,,,,,,,,,,,,,,,,,,,,
,,,,,,,,,,,,,,,,,,,,
,,,,,,,,,,,,,,,,,,,,
,,,,,,,,,,,,,,,,,,,,
,,,,,,,,,,,,,,,,,,,,
231.0,食品,调味品,调味助剂,淀粉,C,"定义：以粮食、薯类、豆类等富含淀粉的植物为主要原料，经清洗、破碎、提取、精制、干燥等工艺制成的白色粉末状食品原料，主要成分为多糖，具有遇水糊化、加热增稠、冷却凝胶的特性，广泛用于食品加工（勾芡、制粉、烘焙、肉制品）、餐饮烹饪，常见包装为塑料袋、纸箱，需密封防潮储存。

快速区分要点
必须满足（缺一不可）
原料：以玉米、小麦、马铃薯、红薯等富含淀粉的植物为原料，非人工合成
工艺：经物理/机械工艺提取、精制、干燥制成，无化学合成过程
形态：呈纯净粉末状，色泽洁白（或微黄），质地细腻，无结块、杂质
标准：主要成分为淀粉，符合GB 2760及相关食品原料标准，无违规添加

一句话速记
植物为原料、经物理提取精制成粉、主要成分为淀粉，三者同时满足才是淀粉；缺任一即不属于。","1. 核心原料：以玉米、小麦、马铃薯、红薯、木薯、豌豆等富含淀粉的植物为原料，经提取、精制制成（依据GB/T 8883-2011、GB/T 8884-2011等相关标准）。
2. 标准分类：谷类淀粉（玉米淀粉、小麦淀粉、大米淀粉）、薯类淀粉（马铃薯淀粉、红薯淀粉、木薯淀粉）、豆类淀粉（豌豆淀粉、绿豆淀粉）。
3. 工艺特征：经原料清洗、破碎、分离纤维/蛋白、水洗提纯、干燥、粉碎精制制成。
4. 典型产品：玉米淀粉（烘焙、勾芡）、马铃薯淀粉（炸制挂糊）、红薯淀粉（粉条、勾芡）、木薯淀粉（珍珠、芋圆）、豌豆淀粉（凉粉、凉皮）。
5. 配料允许：仅含淀粉本身，可添加少量食品级抗结剂（如二氧化硅，≤0.5%），无其他非淀粉类主料。","1. 非植物来源：化学合成淀粉、工业用改性淀粉、人工合成淀粉类制品。
2. 原料不符：面粉、豆粉、奶粉等，核心成分非淀粉，仅含少量淀粉。
3. 复合淀粉制品：添加糖、盐、香精等辅料的淀粉混合物（如调味淀粉、预制裹粉）。
4. 淀粉深加工品：粉条、粉丝、凉粉、面包糠等，以淀粉为原料加工而成，非原始淀粉粉末。
5. 非食品级淀粉：工业级淀粉（造纸、纺织用）、药用淀粉，不符合食品原料标准。",金龙鱼,,,,袋装,,,,,,,
,,,,,,,,,福临门,,,,散装,,,,,,,
,,,,,,,,,鲁花,,,,塑料编织袋,,,,,,,
,,,,,,,,,多力,,,,食品级纸袋,,,,,,,
,,,,,,,,,长寿花,,,,其他,,,,,,,
,,,,,,,,,,,,,,,,,,,,
,,,,,,,,,,,,,,,,,,,,
,,,,,,,,,,,,,,,,,,,,
,,,,,,,,,,,,,,,,,,,,
,,,,,,,,,,,,,,,,,,,,
,,,,,,,,,,,,,,,,,,,,
,,,,,,,,,,,,,,,,,,,,
,,,,,,,,,,,,,,,,,,,,
,,,,,,,,,,,,,,,,,,,,
,,,,,,,,,,,,,,,,,,,,
,,,,,,,,,,,,,,,,,,,,
,,,,,,,,,,,,,,,,,,,,
,,,,,,,,,,,,,,,,,,,,
,,,,,,,,,,,,,,,,,,,,
,,,,,,,,,,,,,,,,,,,,
,,,,,,,,,,,,,,,,,,,,
,,,,,,,,,,,,,,,,,,,,
232.0,食品,调味品,调味助剂,食用小苏打,C,"定义：食用小苏打（碳酸氢钠，化学式NaHCO₃），以天然矿物或化学合成原料为基础，经提纯、精制制成的白色结晶性粉末状食品添加剂/原料，无臭、味咸，易溶于水，遇热易分解产生二氧化碳，具有膨松、中和、去污的特性，广泛用于食品加工（烘焙、发酵、嫩化）、餐饮烹饪及食品保鲜，常见包装为塑料袋、纸盒，需密封、干燥、避光储存，防止吸潮结块。
快速区分要点
必须满足（缺一不可）
成分：主要成分为碳酸氢钠（NaHCO₃），纯度符合食品级标准，无有害杂质
工艺：经提纯、精制制成，可通过天然矿物提取或化学合成（食品级），符合安全标准
形态：呈白色结晶性粉末，无结块、杂质，易溶于水，无明显异味
标准：符合GB 1886.2-2015《食品安全国家标准 食品添加剂 碳酸氢钠》，属于食品级原料/添加剂
一句话速记
主要成分为碳酸氢钠、食品级纯度、白色粉末易溶于水，三者同时满足才是食用小苏打；缺任一即不属于。","1. 核心原料：以天然碳酸氢钠矿物或食品级化学原料为基础，经提纯、精制制成（依据GB 1886.2-2015相关标准）。
2. 标准分类：食品级碳酸氢钠（食用小苏打），按纯度可分为普通食用级、高纯度食用级（纯度≥99.0%）。
3. 工艺特征：经原料提纯、过滤、干燥、粉碎、筛分精制制成，确保纯度与安全性，无有害杂质残留。
4. 典型产品：食用小苏打粉末、食用小苏打颗粒（易溶解款）、烘焙专用食用小苏打、餐饮专用食用小苏打。
5. 配料允许：仅含食品级碳酸氢钠，可添加少量食品级抗结剂（如二氧化硅），无其他非食品级成分添加。","1. 非食品级碳酸氢钠：工业级小苏打（用于化工、清洁），纯度低、含有害杂质，不符合食品标准。
2. 成分不符：食用碱（碳酸钠，Na₂CO₃）、泡打粉（复合膨松剂，含小苏打+酸性成分），成分与食用小苏打不同。
3. 复合添加剂：以小苏打为次要成分，添加大量香精、色素、其他添加剂的复合膨松剂，非纯食用小苏打。
4. 其他食品添加剂：食用盐、淀粉、发酵粉等，成分与碳酸氢钠无关，功能用途不同。
5. 工业化学品：碳酸氢钠工业原料、实验室用碳酸氢钠，未达到食品级纯度，不可用于食品加工。",金龙鱼,,,,袋装,,,,,,,
,,,,,,,,,福临门,,,,罐装,,,,,,,
,,,,,,,,,鲁花,,,,,,,,,,,
,,,,,,,,,多力,,,,,,,,,,,
,,,,,,,,,长寿花,,,,,,,,,,,
,,,,,,,,,,,,,,,,,,,,
,,,,,,,,,,,,,,,,,,,,
,,,,,,,,,,,,,,,,,,,,
,,,,,,,,,,,,,,,,,,,,
,,,,,,,,,,,,,,,,,,,,
,,,,,,,,,,,,,,,,,,,,
,,,,,,,,,,,,,,,,,,,,
,,,,,,,,,,,,,,,,,,,,
,,,,,,,,,,,,,,,,,,,,
,,,,,,,,,,,,,,,,,,,,
,,,,,,,,,,,,,,,,,,,,
,,,,,,,,,,,,,,,,,,,,
,,,,,,,,,,,,,,,,,,,,
,,,,,,,,,,,,,,,,,,,,
,,,,,,,,,,,,,,,,,,,,
,,,,,,,,,,,,,,,,,,,,
,,,,,,,,,,,,,,,,,,,,
233.0,食品,调味品,调味助剂,其他调味助剂,,"定义
其他调味助剂：指在食品加工、烹饪、调味过程中，不直接作为主味调料，主要用于改善口感、调节质地、稳定状态、辅助发酵、去腥增香、改善色泽的食品添加剂或功能性辅助用料；
排除淀粉、食用小苏打后，其余具有辅助加工、辅助调味、辅助成型作用的物料统称。","1. 膨松、酸碱调节类
食用碱（碳酸钠、纯碱）
食用枧水
2. 增稠、稳定、凝胶类
明胶、吉利丁
琼脂、卡拉胶
黄原胶、瓜尔胶等食用胶体
果胶
食用冰皮粉、冰粉粉等复配增稠稳定剂
3. 去腥、嫩化、保水类
嫩肉粉（木瓜蛋白酶等蛋白酶制剂）
食粉（部分地区与小苏打区分的复合嫩化剂）
姜汁、柠檬汁（调味去腥助剂）
4. 上色、护色、改善外观类
红曲粉、红曲米
食用色素（天然 / 合成，合规食品级）
焦糖色
食用竹炭粉
5. 增香、风味增强类
乙基麦芽酚
香兰素
各类食用香精、香料
6. 抗结、防潮、乳化类
食用乳化剂（单硬脂酸甘油酯等）
抗结剂（用于食盐、粉料防结块）
泡打粉中的抗结成分
7. 其他常见加工助剂
食用石灰（部分传统食品凝固用）
食用明矾（传统膨松、凝固用）
葡萄糖酸内酯（豆腐凝固剂）","1. 明确排除项
淀粉（各类玉米淀粉、土豆淀粉、木薯淀粉、生粉等）
食用小苏打（碳酸氢钠）
2. 主味调味品
盐、糖、酱油、醋、味精、鸡精、鸡粉
各类酱料、油、酱菜、腐乳等
3. 主要食材原料
面粉、米粉、糯米粉等主食粉类
肉类、蔬菜、蛋、奶、水产等主料
4. 非食品用化学品
工业碱、工业明矾、非食用添加剂等",金龙鱼,,,咸鲜,铝箔袋,,,,,,,
,,,,,,,,,福临门,,,酱香,塑料瓶,,,,,,,
,,,,,,,,,鲁花,,,海鲜,桶装,,,,,,,
,,,,,,,,,多力,,,烟熏,软包装,,,,,,,
,,,,,,,,,长寿花,,,香辣,玻璃瓶,,,,,,,
,,,,,,,,,,,,蒜香,铁罐,,,,,,,
,,,,,,,,,,,,葱香,其他,,,,,,,
,,,,,,,,,,,,五香,,,,,,,,
,,,,,,,,,,,,咖喱,,,,,,,,
,,,,,,,,,,,,番茄,,,,,,,,
,,,,,,,,,,,,其他,,,,,,,,
,,,,,,,,,,,,,,,,,,,,
,,,,,,,,,,,,,,,,,,,,
,,,,,,,,,,,,,,,,,,,,
,,,,,,,,,,,,,,,,,,,,
,,,,,,,,,,,,,,,,,,,,
,,,,,,,,,,,,,,,,,,,,
,,,,,,,,,,,,,,,,,,,,
,,,,,,,,,,,,,,,,,,,,
,,,,,,,,,,,,,,,,,,,,
,,,,,,,,,,,,,,,,,,,,
,,,,,,,,,,,,,,,,,,,,
234.0,食品,方便速食,方便食品,方便面,S,"定义：一种通过沸水冲泡或短时间煮制即可食用的面条类主食，其核心在于面条经过蒸煮、油炸或非油炸干燥工艺处理，使其能够长期保存并快速复水。产品通常配有独立的调味料包，如粉包、酱包、脱水蔬菜包等，消费者可根据口味自行添加。常见形态为块状面饼配调料包的组合包装。

核心定义：以小麦粉为主料，经成型、糊化、脱水干燥制成面饼，配 / 不配调料包的预包装即食 / 速食面条 

快速核查要点
看形态：必须是干燥面饼 / 粉饼 / 面皮，非湿面、非液态
看工艺：必须经过预糊化 + 脱水（油炸 / 热风等）
看包装：预包装，含 / 不含调料包
看标准：执行 GB 17400 或 GB/T 40772","1. 按干燥工艺（国标分类）
油炸方便面（主流）：油炸脱水，含泡面、干吃面、煮面 
非油炸方便面：热风 / 微波 / 真空干燥，如 “非油炸泡面”“蒸面” 
2. 按食用方式
冲泡型（泡面）：热水泡 3–5 分钟即食
干拌型（拌面）：热水泡 3–5 分钟倒除水再拌
干吃型（干脆面）：直接食用，酥脆口感
煮食型：需水煮，口感更接近鲜面
3. 按形态 / 规格
袋装（面饼 + 调料包）
杯装 / 碗装（自带容器）
桶装（大份 / 餐饮装）
多合一 / 礼盒装","1. 原料 / 工艺不符
保鲜湿面 / 鲜湿面：未脱水、需冷藏 / 冷冻，非 “干燥面饼”
意大利面 / 通心粉 / 意面：西式硬质小麦粉，无预糊化 + 脱水工艺 
挂面 / 干切面：仅干燥、无预糊化，需长时间煮，非 “方便速食”
2. 非面条形态
方便米线
方便米饭 / 自热米饭
方便粥 / 方便汤
方便馄饨 / 水饺 / 汤圆
即食粉丝 / 即食薯粉（仅粉丝、无面饼结构）
3. 其他速食 / 调味类
自热火锅 / 自热小火锅（含底料、食材，非单纯面饼）
速食酱料 / 拌面酱（无面饼主体）
即食燕麦 / 即食谷物
4. 国标明确排除
保鲜湿面型方便面（GB/T 40772-2021 明确不适用）",康师傅,油炸方便面,,红烧牛肉,袋装,,,,,,,
,,,,,,,,,统一,非油炸方便面,,香辣牛肉,杯装,,,,,,,
,,,,,,,,,今麦郎,,,老坛酸菜,碗装,,,,,,,
,,,,,,,,,白象,,,泡椒牛肉,桶装,,,,,,,
,,,,,,,,,五谷道场,,,香菇炖鸡,量贩多连包,,,,,,,
,,,,,,,,,,,,番茄牛腩,礼盒装,,,,,,,
,,,,,,,,,,,,藤椒牛肉,组合装,,,,,,,
,,,,,,,,,,,,日式豚骨,,,,,,,,
,,,,,,,,,,,,韩式辣白菜,,,,,,,,
,,,,,,,,,,,,大骨汤,,,,,,,,
,,,,,,,,,,,,番茄,,,,,,,,
,,,,,,,,,,,,葱香排骨,,,,,,,,
,,,,,,,,,,,,鲜虾鱼板,,,,,,,,
,,,,,,,,,,,,海鲜,,,,,,,,
,,,,,,,,,,,,葱油,,,,,,,,
,,,,,,,,,,,,火鸡面,,,,,,,,
,,,,,,,,,,,,炸酱,,,,,,,,
,,,,,,,,,,,,麻辣牛肉,,,,,,,,
,,,,,,,,,,,,酸菜牛肉,,,,,,,,
,,,,,,,,,,,,其他,,,,,,,,
,,,,,,,,,,,,,,,,,,,,
,,,,,,,,,,,,,,,,,,,,
235.0,食品,方便速食,方便食品,方便米饭,B,"定义
以大米、糯米等富含淀粉的谷物为主要原料，经清洗、蒸煮、干燥等工艺制成，可快速复热食用的便捷型主食，核心特点是方便快捷、食用简单，广泛应用于家庭、餐饮及食品加工领域，常见包装为塑料袋、纸盒，储存需防潮。
快速区分要点
核心条件
原料：以大米、糯米等谷物为核心原料，无人工合成成分，符合食品原料标准；
工艺：经清洗、蒸煮、干燥等物理工艺制成，无发酵、无化学合成步骤；
形态：呈粉末 / 颗粒状，复热后可恢复米饭口感，符合食品级标准；
用途：主要作为主食，可直接复热食用，适配餐饮、居家及户外场景。
一句话速记
以天然谷物为原料，经物理加工制成，可快速复热食用，是便捷型主食。","1.核心原料：以大米、糯米、燕麦等谷物为原料，经物理加工制成，符合食品原料标准；
2.分类及典型产品：
纯米饭型：无额外添加，保留大米本味，适配清淡需求；
杂粮混合型：添加少量杂粮、蔬菜碎，丰富口感；
便捷速食型：真空包装，开水冲泡 / 微波加热即可食用，适配快节奏生活。","1.非谷物原料的速食产品（如肉类、豆制品为主的便捷食品）；
2.发酵类主食（如发酵米饭、酱拌米饭），与方便米饭工艺、用途不同；
3.人工合成的速食粉、调味酱（无天然谷物成分，仅靠香精调味）；
4.未经过干燥、精制的生米、熟米（未加工成便捷食用形态）。",康师傅,,,红烧牛肉,碗装,,,,,,,
,,,,,,,,,统一,,,鱼香肉丝,袋装,,,,,,,
,,,,,,,,,今麦郎,,,咖喱鸡,盒装,,,,,,,
,,,,,,,,,白象,,,梅菜扣肉,杯装,,,,,,,
,,,,,,,,,五谷道场,,,香菇滑鸡,,,,,,,,
,,,,,,,,,,,,宫保鸡丁,,,,,,,,
,,,,,,,,,,,,黑椒牛柳,,,,,,,,
,,,,,,,,,,,,麻婆豆腐,,,,,,,,
,,,,,,,,,,,,台式卤肉,,,,,,,,
,,,,,,,,,,,,泡椒牛肉,,,,,,,,
,,,,,,,,,,,,酱香排骨,,,,,,,,
,,,,,,,,,,,,香辣牛腩,,,,,,,,
,,,,,,,,,,,,其他,,,,,,,,
,,,,,,,,,,,,,,,,,,,,
,,,,,,,,,,,,,,,,,,,,
,,,,,,,,,,,,,,,,,,,,
,,,,,,,,,,,,,,,,,,,,
,,,,,,,,,,,,,,,,,,,,
,,,,,,,,,,,,,,,,,,,,
,,,,,,,,,,,,,,,,,,,,
,,,,,,,,,,,,,,,,,,,,
,,,,,,,,,,,,,,,,,,,,
236.0,食品,方便速食,方便食品,方便米线,B,"定义
以大米为核心原料，经淘洗、蒸煮、成型、干燥等工艺制成，呈条状 / 丝状的便捷型主食，兼具大米本味与韧性，可通过热水冲泡快速食用，适配快节奏饮食场景，常见于居家、户外及餐饮便捷食用，包装多为密封袋，便于携带和储存。
快速区分要点
必须满足（缺一不可）
原料：以大米为核心原料，无人工合成米成分，符合食品级标准；
工艺：经物理加工（清洗、蒸煮、干燥），无发酵步骤，核心是 “快速复热可食用”；
形态：呈条状 / 丝状，无结块，复热后口感软糯有韧性，无明显杂质；
标准：符合食品级安全标准，无违规添加剂。
一句话速记
大米为核心原料、经物理加工成条状，可快速复热食用，即为合格方便米线。","1.核心原料：以大米为主要原料，经清洗、蒸煮、成型、干燥工艺制成，无额外复杂添加；
2.分类：
原味方便米线：无额外调味，突出大米本身风味，适配清淡需求；
风味方便米线：添加少量香辛料（如葱、姜），无过多复杂配料；
杂粮方便米线：添加少量小米、燕麦等杂粮，不改变大米核心原料属性；
非米线状的：河粉，米粉
3.典型产品：原味方便米线、香辣味方便米线、杂粮混合方便米线","1.非大米原料：以面粉、杂粮（非大米）为主要原料的速食面、杂粮面，无大米核心成分；
2.非即食型：未经过干燥、成型工艺，需复杂蒸煮才能食用的大米制品；
3.配制型仿制品：添加大量香精、色素，无自然大米风味，无明显米线纹理；
4.其他品类：纯杂粮制品、冷冻生鲜米面制品（非米线形态）。",康师傅,,,酸辣,桶装,,,,,,,
,,,,,,,,,统一,,,麻辣,袋装,,,,,,,
,,,,,,,,,今麦郎,,,原味,碗装,,,,,,,
,,,,,,,,,白象,,,番茄,盒装,,,,,,,
,,,,,,,,,五谷道场,,,菌菇,杯装,,,,,,,
,,,,,,,,,,,,牛肉,塑料膜塑封,,,,,,,
,,,,,,,,,,,,鸡汤,,,,,,,,
,,,,,,,,,,,,酸菜,,,,,,,,
,,,,,,,,,,,,泡椒,,,,,,,,
,,,,,,,,,,,,香辣,,,,,,,,
,,,,,,,,,,,,三鲜,,,,,,,,
,,,,,,,,,,,,骨汤,,,,,,,,
,,,,,,,,,,,,海鲜,,,,,,,,
,,,,,,,,,,,,藤椒,,,,,,,,
,,,,,,,,,,,,其他,,,,,,,,
,,,,,,,,,,,,,,,,,,,,
,,,,,,,,,,,,,,,,,,,,
,,,,,,,,,,,,,,,,,,,,
,,,,,,,,,,,,,,,,,,,,
,,,,,,,,,,,,,,,,,,,,
,,,,,,,,,,,,,,,,,,,,
,,,,,,,,,,,,,,,,,,,,
237.0,食品,方便速食,方便食品,速食粥,A,"定义：一种通过热水冲泡或短时间加热即可食用的即食粥品，其核心在于粥的主要原料（如米、杂粮）经过熟化、脱水或冻干处理，使其能快速吸水还原成粥状。产品通常为杯装或袋装，内含粥料基和独立的调味料包，口味以咸粥或甜粥为主。

核心定义：以大米 / 杂粮 / 薯类为主料，经熟制 + 干燥 / 罐装 / 速冻，预包装，可冲泡 / 加热即食的粥类方便食品 

快速核查要点
主体：必须是熟化粥体（非纯粉、非生米）
工艺：经干燥 / 罐装 / 速冻，可常温 / 冷冻保存
食用：冲泡 / 加热 / 开盖即食，无需长时间熬煮
包装：预包装（罐、杯、碗、袋、桶）","1. 按工艺 / 形态（国标 / 行业主流）
罐装即食粥（八宝粥罐头）：常温保存、开盖即食（如银鹭八宝粥、娃哈哈桂圆莲子粥）
冻干 / 热风干燥冲泡粥：开水冲泡 3–5 分钟即食（如冻干皮蛋瘦肉粥、冻干海鲜粥）
速冻方便粥：冷冻保存、加热即食
其他预包装速食粥：如碗装加热粥、杯装冲泡粥
2. 按原料 / 口味（均属速食粥）
纯米粥（白粥、小米粥、黑米粥）
杂粮粥（八宝粥、燕麦粥、红豆粥、绿豆粥）
肉 / 蛋 / 海鲜粥（皮蛋瘦肉、香菇鸡肉、海鲜粥）
养生 / 甜粥（桂圆莲子、银耳百合、南瓜粥）
3. 国标明确包含
国家统计局：1403030202 方便粥（归入干制方便食品）国家统计局
生产许可：其他方便食品 — 主食类：方便粥浙江省市场监督管理局(浙江省知识产权局)","1. 形态 / 工艺不符
现熬鲜粥 / 堂食粥：非预包装、非工业化速食
粥粉 / 粥伴侣 / 冲调粉：仅粉末、无熟化粥体（如纯燕麦粉、杂粮粉） 
粥罐头以外的罐头：如肉罐头、水果罐头、蔬菜罐头
自热粥以外的自热食品：自热米饭、自热火锅、自热面
2. 非粥类主食
方便米饭、自热米饭、拌饭
方便面、方便米粉、方便粉丝
速冻水饺 / 馄饨 / 汤圆、速冻包子
3. 冲调类非粥
麦片、燕麦片、即食谷物圈
芝麻糊、藕粉、莲子羹、豆奶粉、核桃粉 
豆浆粉、奶茶粉、咖啡、速溶汤
4. 其他
粥类酱料 / 调味包（无粥体）
散装杂粮米（需自行熬煮，非速食）",康师傅,冻干速食粥,,皮蛋瘦肉,杯装,,,,,,,
,,,,,,,,,统一,即食罐装粥,,香菇滑鸡,碗装,,,,,,,
,,,,,,,,,今麦郎,冲调粉粥,,海鲜味,罐装,,,,,,,
,,,,,,,,,白象,即食袋装粥,,牛肉,袋装,,,,,,,
,,,,,,,,,五谷道场,,,玉米味,桶装,,,,,,,
,,,,,,,,,,,,蔬菜,礼盒装,,,,,,,
,,,,,,,,,,,,紫薯,组合装,,,,,,,
,,,,,,,,,,,,红豆,,,,,,,,
,,,,,,,,,,,,八宝,,,,,,,,
,,,,,,,,,,,,甜粥,,,,,,,,
,,,,,,,,,,,,其他,,,,,,,,
,,,,,,,,,,,,,,,,,,,,
,,,,,,,,,,,,,,,,,,,,
,,,,,,,,,,,,,,,,,,,,
,,,,,,,,,,,,,,,,,,,,
,,,,,,,,,,,,,,,,,,,,
,,,,,,,,,,,,,,,,,,,,
,,,,,,,,,,,,,,,,,,,,
,,,,,,,,,,,,,,,,,,,,
,,,,,,,,,,,,,,,,,,,,
,,,,,,,,,,,,,,,,,,,,
,,,,,,,,,,,,,,,,,,,,
238.0,食品,方便速食,方便食品,速食汤羹,B,"定义
以蔬菜、肉类、菌菇、谷物等为主要原料，经清洗、加工、干燥（或冷冻）、调配等工艺制成，可通过热水冲泡、微波加热快速食用的便捷型汤羹类食品，口感鲜香，兼具营养与便捷性，适配快节奏生活、户外出行、加班加餐等场景，包装多为独立密封袋或盒装，拆开即可快速冲调/加热食用。

快速区分要点
必须满足（缺一不可）
原料：以蔬菜、肉类、菌菇、谷物等为主要原料，可添加少量调味辅料，无有害非食用成分；
工艺：经清洗、加工、干燥（或冷冻）、调配工艺，无额外发酵步骤，核心是“可快速复热/冲调”；
 形态：干燥型为粉末状/颗粒状/脱水块状，冷冻型为半流质状，复热/冲调后呈汤羹形态，无明显结块、杂质；
标准：符合GB 19295-2011《食品安全国家标准 预包装食品标签通则》，无违规添加剂，无酸败、异味。
一句话速记
果蔬/肉菌为基、经加工干燥/冷冻，热水/微波可快速冲调食用，即速食汤羹；缺任一即不属于。","1. 按工艺分类：干燥型速食汤羹（常温储存，热水冲调即可食用）、冷冻型速食汤羹（低温储存，微波/加热复热）；
2. 按口味分类：原味速食汤羹（无过多调味，突出原料本身鲜香）、风味速食汤羹（添加少量盐、香辛料，如酸辣味、菌香味、海鲜味）；
3. 按配料分类：蔬菜类（如紫菜蛋花汤、菠菜汤）、肉类（如鸡汤、排骨汤）、菌菇类（如香菇汤、金针菇汤）、谷物类（如小米粥汤、杂粮羹）；
4. 典型产品：紫菜蛋花速食汤、香菇鸡茸速食汤、酸辣速食汤、冷冻骨汤羹、杂粮速食羹。","1. 非速食型汤羹：仅经简单加工、未干燥/冷冻处理，需长时间熬煮才能食用的汤羹制品；
2. 品类差异：方便粥、杂粮粥（呈粥状，质地浓稠，非汤羹形态）、速食面调料包（仅为调味辅料，无法单独作为汤羹食用）；
3. 罐头类：以汤羹为原料但经高温高压灭菌的罐头（无快速冲调/复热特性，需开盖加热后食用）；
4. 调味酱类：以酱料为主要成分，冲调后无汤羹形态，仅作为调味使用（如浓汤宝调味块，非完整速食汤羹）；
5. 仿制品：以香精、色素、增稠剂为主，原料含量极低，无自然鲜香，冲调后无正常汤羹质地。",康师傅,,,鸡肉,袋装（粉包/酱包）,,,,,,,
,,,,,,,,,统一,,,牛肉,盒装,,,,,,,
,,,,,,,,,今麦郎,,,海鲜,桶装,,,,,,,
,,,,,,,,,白象,,,蔬菜,杯装,,,,,,,
,,,,,,,,,五谷道场,,,番茄,,,,,,,,
,,,,,,,,,,,,酸辣,,,,,,,,
,,,,,,,,,,,,菌菇,,,,,,,,
,,,,,,,,,,,,排骨,,,,,,,,
,,,,,,,,,,,,猪骨,,,,,,,,
,,,,,,,,,,,,其他,,,,,,,,
,,,,,,,,,,,,,,,,,,,,
,,,,,,,,,,,,,,,,,,,,
,,,,,,,,,,,,,,,,,,,,
,,,,,,,,,,,,,,,,,,,,
,,,,,,,,,,,,,,,,,,,,
,,,,,,,,,,,,,,,,,,,,
,,,,,,,,,,,,,,,,,,,,
,,,,,,,,,,,,,,,,,,,,
,,,,,,,,,,,,,,,,,,,,
,,,,,,,,,,,,,,,,,,,,
,,,,,,,,,,,,,,,,,,,,
,,,,,,,,,,,,,,,,,,,,
239.0,食品,方便速食,方便食品,螺蛳粉,B,"定义
以大米为主要原料，经浸泡、磨浆、成型、干燥等工艺制成米粉，搭配酸笋、腐竹、花生、辣椒油等特色辅料，可通过热水冲泡、煮制快速食用的便捷型速食，兼具米粉筋道与螺蛳粉独特鲜香（酸笋风味突出），适配快节奏生活、居家、户外等场景，包装多为密封袋装 / 盒装，拆开即可快速制作食用。
快速区分要点
必须满足（缺一不可）
原料：以大米为核心原料制作米粉，搭配酸笋、腐竹等特色辅料，无非谷物类主要原料，符合食品级标准；
工艺：米粉经浸泡、磨浆、成型、干燥工艺，辅料经脱水 / 加工处理，无额外发酵步骤，核心是 “可快速冲泡 / 煮制食用”；
形态：米粉呈条状 / 丝状，辅料为脱水块状 / 颗粒状，冲泡 / 煮制后米粉筋道，辅料口感完好，无明显结块、杂质；
标准：符合 GB 19295-2011《食品安全国家标准 预包装食品标签通则》，无违规添加剂，无酸败、异味，具螺蛳粉标志性风味。
一句话速记
大米制粉、搭配酸笋等特色辅料，可快速冲泡 / 煮制，具螺蛳粉标志性风味，即速食螺蛳粉；缺任一即不属于。","1.按工艺分类：干燥型速食螺蛳粉（常温储存，热水冲泡 / 煮制即可食用）、冷冻型速食螺蛳粉（低温储存，煮制后口感更接近现煮）；
2.按口味分类：原味速食螺蛳粉（突出酸笋本味）、香辣速食螺蛳粉（添加辣椒油，辣味突出）、微辣 / 五香速食螺蛳粉（适配清淡口味）；
3.按配料分类：经典款（含酸笋、腐竹、花生、辣椒油）、加料款（添加卤蛋、酸豆角等额外辅料）、低脂款（减少油脂，适配健康需求）；
4.典型产品：经典干燥速食螺蛳粉、香辣速食螺蛳粉、冷冻现煮风味螺蛳粉、加料款速食螺蛳粉。","1.非速食型：需长时间熬煮汤底、无法快速制作的传统螺蛳粉（无干燥 / 速食工艺，米粉需长时间浸泡煮制）；
2.原料不符：以面粉、杂粮为主要原料制作的速食面 / 粉（非大米制米粉，无螺蛳粉核心形态）；
3.辅料不符：无酸笋、腐竹等标志性辅料，仅靠香精调味的 “螺蛳粉风味粉”（无螺蛳粉独特风味）；
4.罐头类：以螺蛳粉为原料经高温高压灭菌的罐头（无快速制作特性，需开盖加热，口感偏离速食款）；
5.仿制品：以米粉为辅料，添加大量香精、色素，酸笋等核心辅料含量极低，无螺蛳粉标志性风味。",好欢螺,,,原味,袋装,,,,,,,
,,,,,,,,,螺霸王,,,麻辣味,桶装,,,,,,,
,,,,,,,,,柳江人家,,,酸辣味,盒装,,,,,,,
,,,,,,,,,李子柒,,,香辣味,,,,,,,,
,,,,,,,,,自嗨锅,,,藤椒味,,,,,,,,
,,,,,,,,,,,,其他,,,,,,,,
,,,,,,,,,,,,,,,,,,,,
,,,,,,,,,,,,,,,,,,,,
,,,,,,,,,,,,,,,,,,,,
,,,,,,,,,,,,,,,,,,,,
,,,,,,,,,,,,,,,,,,,,
,,,,,,,,,,,,,,,,,,,,
,,,,,,,,,,,,,,,,,,,,
,,,,,,,,,,,,,,,,,,,,
,,,,,,,,,,,,,,,,,,,,
,,,,,,,,,,,,,,,,,,,,
,,,,,,,,,,,,,,,,,,,,
,,,,,,,,,,,,,,,,,,,,
,,,,,,,,,,,,,,,,,,,,
,,,,,,,,,,,,,,,,,,,,
,,,,,,,,,,,,,,,,,,,,
,,,,,,,,,,,,,,,,,,,,
240.0,食品,方便速食,方便食品,酸辣粉,B,"定义
以红薯淀粉（或豌豆、木薯淀粉）为主要原料制成的粉条 / 粉丝为主体，搭配辣椒油、醋、花椒等调味，呈现酸、辣、麻、鲜、烫风味的速食 / 现煮粉类食品；常见为桶装冲泡型、袋装煮食型。
快速区分要点
1. 主料必须是：红薯淀粉 / 红薯粉条（细粉为主）
这是核心身份标识，不是米线、米粉、土豆粉、魔芋粉。
2. 风味必须同时具备：酸 + 辣 + 麻
缺一不可，只辣不酸、只酸不辣都不算标准酸辣粉。
3. 形态：细圆粉条，汤粉为主
不是宽粉、不是拌粉、不是干粉条原料。
4. 典型配料固定
花生、豆皮、榨菜、醋包、辣椒油、花椒粉 / 麻油。
5. 食用场景
多为桶装冲泡速食或袋装煮食，不属于鲜湿粉类小吃。
一句话判定口诀
红薯细粉、酸辣麻、汤粉、速食桶装 = 酸辣粉","1. 传统红薯酸辣粉
2. 网红桶装冲泡酸辣粉（方便速食类）
3. 袋装需煮制酸辣粉
4. 加料款酸辣粉（含花生、豆皮、榨菜、卤蛋、牛肉等）
5. 宽粉版酸辣粉、细粉版酸辣粉","1. 不含酸辣风味的普通红薯粉、粉丝、粉条
2. 米线、米粉、螺蛳粉、桂林米粉、南昌拌粉等其他地域粉类
3. 方便面、火鸡面、挂面等面类制品
4. 不含粉条主体的酸辣味汤羹、小吃
5. 非红薯 / 淀粉类粉条制成的酸辣口味粉（如土豆粉、魔芋粉单列品类时不计入）",好欢螺,,,酸辣味,桶装,,,,,,,
,,,,,,,,,螺霸王,,,加麻加辣,袋装,,,,,,,
,,,,,,,,,柳江人家,,,干拌,杯装,,,,,,,
,,,,,,,,,李子柒,,,其他,盒装,,,,,,,
,,,,,,,,,自嗨锅,,,,其他,,,,,,,
,,,,,,,,,,,,,,,,,,,,
,,,,,,,,,,,,,,,,,,,,
,,,,,,,,,,,,,,,,,,,,
,,,,,,,,,,,,,,,,,,,,
,,,,,,,,,,,,,,,,,,,,
,,,,,,,,,,,,,,,,,,,,
,,,,,,,,,,,,,,,,,,,,
,,,,,,,,,,,,,,,,,,,,
,,,,,,,,,,,,,,,,,,,,
,,,,,,,,,,,,,,,,,,,,
,,,,,,,,,,,,,,,,,,,,
,,,,,,,,,,,,,,,,,,,,
,,,,,,,,,,,,,,,,,,,,
,,,,,,,,,,,,,,,,,,,,
,,,,,,,,,,,,,,,,,,,,
,,,,,,,,,,,,,,,,,,,,
,,,,,,,,,,,,,,,,,,,,
241.0,食品,方便速食,方便食品,其他方便食品,,"定义
以粮食、肉类、蔬菜、食用菌、水产等为主要原料，经工业化加工、预熟或半熟处理，可快速复水、加热即食或简单烹饪即可食用，满足便捷就餐需求的预包装食品；
排除方便面、方便米饭、方便米线、速食粥、速食汤羹、螺蛳粉、酸辣粉后，其余方便食品统称为其他方便食品。

核心属性
食用便捷：开水冲泡、加热、开盖即食
形态多为主食型、套餐型、地方特色速食
可单独作为一餐主食，非单纯佐餐或零食","1. 各类即食拌面、拌粉、凉面（非方便面形态、非米线 / 酸辣粉类）
2. 即食粉丝、即食薯粉、苕粉、魔芋粉等速食粉类
3. 自热火锅、自热麻辣烫、自热麻辣香锅、自热烧烤等自热类套餐
4. 即食小火锅底料套餐、懒人火锅食材包
5. 速食意面、速食拌面酱套装、快熟意粉
6. 即食荞麦面、即食魔芋面、即食凉面、即食乌冬面
7. 速食馄饨、速食水饺、快熟云吞、即食抄手
8. 速食拉面、日式速食豚骨拉面、韩式速食拉面（非普通方便面）
9. 即食拌饭、自热拌饭、海苔碎拌饭、懒人拌饭包（不含单独方 便米饭）
10. 速食卤味套餐、即食荤素配餐、即食下饭菜套餐
11. 即食凉皮、即食擀面皮、速食米皮、即食面筋
12. 速食豆腐脑、即食豆花、速食胡辣汤
13. 即食寿司、即食饭团、速食手抓饼、快熟煎饼
14. 冻干 / 即食简餐、轻食餐、代餐主食类方便食品
15. 速食鸭血粉丝汤、速食羊汤、速食牛肉汤等地方特色速食（非速食汤羹单品）","1. 明确排除品类
方便面、方便米饭、方便米线、速食粥、速食汤羹、螺蛳粉、酸辣粉
2. 调味品、酱菜、佐餐小菜类
榨菜、泡菜、拌饭酱、下饭菜、咸菜等
3. 休闲零食类
薯片、饼干、糕点、糖果、坚果、肉干、豆干等
4.  生鲜、冷冻非即食类
未预熟的冷冻水饺、冷冻面条、冷冻米面制品
5. 冲调类饮品、代餐粉
豆浆粉、代餐奶昔、蛋白粉、麦片等
6. 罐头食品
午餐肉、水果罐头、水产罐头、八宝粥罐头等",康师傅,,,原味,袋装,,,,,,,
,,,,,,,,,统一,,,麻辣,盒装,,,,,,,
,,,,,,,,,今麦郎,,,酸辣,碗装,,,,,,,
,,,,,,,,,白象,,,海鲜,杯装,,,,,,,
,,,,,,,,,五谷道场,,,番茄,桶装,,,,,,,
,,,,,,,,,,,,咖喱,自热包,,,,,,,
,,,,,,,,,,,,牛肉,其他,,,,,,,
,,,,,,,,,,,,鸡肉,,,,,,,,
,,,,,,,,,,,,猪肉,,,,,,,,
,,,,,,,,,,,,蔬菜,,,,,,,,
,,,,,,,,,,,,豆沙,,,,,,,,
,,,,,,,,,,,,椰奶,,,,,,,,
,,,,,,,,,,,,芝麻,,,,,,,,
,,,,,,,,,,,,其他,,,,,,,,
,,,,,,,,,,,,,,,,,,,,
,,,,,,,,,,,,,,,,,,,,
,,,,,,,,,,,,,,,,,,,,
,,,,,,,,,,,,,,,,,,,,
,,,,,,,,,,,,,,,,,,,,
,,,,,,,,,,,,,,,,,,,,
,,,,,,,,,,,,,,,,,,,,
,,,,,,,,,,,,,,,,,,,,
242.0,食品,方便速食,预制菜,预制菜,B,"定义
以畜禽肉、水产品、蔬菜、谷物等为主要原料，经清洗、切配、烹饪（或半烹饪）、调味、包装、冷冻/冷藏等工艺制成，可通过微波加热、蒸煮、复炒等简单操作快速食用的便捷型菜肴，兼具家常菜风味与便捷性，适配快节奏居家、办公、户外出行等场景，包装多为密封盒装/袋装，拆开即可快速复热食用，无需复杂处理食材。

快速区分要点
必须满足（缺一不可）
原料：以畜禽肉、水产品、蔬菜、谷物等为主要原料，可添加适量调味辅料，无非食用级原料，符合食品级标准；
工艺：经清洗、切配、烹饪（或半烹饪）、调味、包装、冷冻/冷藏工艺，核心是“可简单复热即食”，无需额外复杂加工；
形态：呈熟制/半熟制块状、条状或混合状，冷冻款质地紧实，冷藏款口感鲜嫩，复热后无明显结块、变质，保留菜肴原有形态与风味；

一句话速记
荤素/谷物为基、经切配烹饪调味，可简单复热即食，具家常菜风味，即预制菜；缺任一即不属于。","1. 按工艺分类：冷冻预制菜（低温冷冻储存，复热后口感接近现做）、冷藏预制菜（低温冷藏储存，保质期较短，口感新鲜）、常温预制菜（经高温灭菌，常温储存，便捷性更强）；
2. 按口味分类：原味预制菜（突出食材本身风味，调味清淡）、香辣味预制菜（添加辣椒、花椒等香辛料）、酱香味预制菜（以酱料调味，风味浓郁）、清淡味预制菜（少盐少辣，适配清淡需求）；
3. 按配料分类：畜禽肉类（如宫保鸡丁、红烧肉）、水产类（如清蒸鱼、麻辣虾）、蔬菜类（如清炒时蔬、凉拌菜）、荤素搭配类（如鱼香肉丝、番茄炒蛋）、主食搭配类（如盖浇饭、拌面浇头）；
4. 典型产品：宫保鸡丁预制菜、番茄炒蛋预制菜、清蒸鲈鱼预制菜、红烧肉预制菜、凉拌黄瓜预制菜、盖浇饭预制菜。","1. 非即食型菜肴：仅经简单切配、未烹饪/调味，需复杂炒制、熬煮才能食用的半成品食材（如切好的生鲜蔬菜、未调味的生肉）；
2. 原料不符：以调味酱、香精、色素为主，食材含量极低，无实际菜肴形态的仿制品（如仅靠酱料调味的“风味包”，无法单独作为菜肴食用）；
3. 品类差异：方便速食（如速食粉面、方便米饭，以主食为主，非菜肴属性）、罐头类菜肴（经高温高压灭菌，无冷冻/冷藏工艺，口感与预制菜差异明显，需开盖加热后进一步加工）；
4. 生鲜食材：未经过任何切配、烹饪、调味工艺的生鲜畜禽肉、水产品、蔬菜（无预制菜的加工属性，需全程自行处理）；
5. 零食类产品：以休闲食用为主，无家常菜风味，无需复热即可直接食用的零食（如卤味零食、即食豆干，非正餐菜肴属性）。",海底捞,,,家常味,真空袋装,,,,,,,
,,,,,,,,,眉州东坡,,,麻辣味,盒装,,,,,,,
,,,,,,,,,西贝,,,酸辣味,碗装,,,,,,,
,,,,,,,,,外婆家,,,糖醋味,,,,,,,,
,,,,,,,,,广州酒家,,,咸鲜味,,,,,,,,
,,,,,,,,,,,,酱香味,,,,,,,,
,,,,,,,,,,,,烧烤味,,,,,,,,
,,,,,,,,,,,,海鲜味,,,,,,,,
,,,,,,,,,,,,清淡味,,,,,,,,
,,,,,,,,,,,,其他,,,,,,,,
,,,,,,,,,,,,,,,,,,,,
,,,,,,,,,,,,,,,,,,,,
,,,,,,,,,,,,,,,,,,,,
,,,,,,,,,,,,,,,,,,,,
,,,,,,,,,,,,,,,,,,,,
,,,,,,,,,,,,,,,,,,,,
,,,,,,,,,,,,,,,,,,,,
,,,,,,,,,,,,,,,,,,,,
,,,,,,,,,,,,,,,,,,,,
,,,,,,,,,,,,,,,,,,,,
,,,,,,,,,,,,,,,,,,,,
,,,,,,,,,,,,,,,,,,,,
243.0,食品,方便速食,自热食品,自热火锅,C,"定义：以畜禽肉、水产品、蔬菜、豆制品、粉条等为主要食材，搭配火锅底料、自热包（发热包），经切配、脱水/预加工、调味、分装配制、密封包装等工艺制成，无需额外火源，通过自热包与水反应产生热量加热，即可快速食用的便捷型火锅类速食，兼具火锅麻辣鲜香风味与便捷性，适配户外出行、居家、办公、应急等场景，包装多为分层密封盒装，拆开配料、加入清水即可自热食用，无需复杂操作。
快速区分要点
必须满足（缺一不可）
1. 原料：以畜禽肉、蔬菜、豆制品、粉条等为主要食材，搭配合规火锅底料和自热包，无非食用级原料，符合食品级标准；
2. 工艺：经食材切配、脱水/预加工、调味、分装配制、密封包装工艺，核心是“自带自热包，无需额外火源即可加热食用”；
3. 形态：食材为脱水块状、条状或预加工熟制状，自热包为颗粒状/块状，火锅底料为膏状/液态，加热后食材复水变软、底料融化，无明显结块、变质，保留火锅原有风味；
4. 标准：符合GB 19295-2011《食品安全国家标准 预包装食品标签通则》及相关速食食品标准，无违规添加剂，无酸败、异味，自热包符合安全发热标准。
一句话速记
荤素/豆制品为基、搭配火锅底料与自热包，无需火源可自热即食，具火锅风味，即自热火锅；缺任一即不属于。","1. 按工艺分类：脱水型自热火锅（食材经脱水处理，常温储存，自热后复水食用）、半熟型自热火锅（部分食材预烹饪，自热后口感更接近现煮）；
2. 按口味分类：经典麻辣味（川渝风味，辣味浓郁）、番茄味（酸甜鲜香，适配清淡口味）、菌汤味（鲜香不辣，突出菌菇本味）、藤椒味（麻香突出，风味独特）；
3. 按配料分类：素版自热火锅（仅含蔬菜、豆制品、粉条等素食材）、荤版自热火锅（添加牛肉、羊肉、毛肚、虾等荤食材）、荤素搭配版自热火锅（兼顾素食材与荤食材）；
4. 典型产品：经典麻辣自热火锅、番茄牛腩自热火锅、菌汤素自热火锅、藤椒毛肚自热火锅、便携迷你自热火锅。","1. 非自热型火锅：需明火、电磁炉加热，无自热包，无法自主发热的传统火锅、火锅食材半成品（如散装火锅食材、未搭配自热包的火锅底料）；
2. 原料不符：以单一酱料、香精为主，食材含量极低，无实际火锅食材形态的仿制品（如仅含火锅底料，无配套食材和自热包）；
3. 品类差异：普通速食火锅底料（仅为调味辅料，无配套食材和自热包，无法单独自热食用）、预制菜火锅（需微波/蒸煮加热，无自热包，不具备自主发热功能）；
4. 生鲜火锅食材：未经过脱水、预加工、包装，无自热包配套，需明火烹饪的生鲜火锅食材（无自热速食属性）；
5. 仿冒自热产品：无合规自热包，仅靠简单加热方式（如微波），或自热包不符合安全标准，无法实现自主发热的“伪自热火锅”。",海底捞,,,麻辣牛油,分体式双层盒装,,,,,,,
,,,,,,,,,自嗨锅,,,番茄,桶装,,,,,,,
,,,,,,,,,小龙坎,,,菌汤,碗装,,,,,,,
,,,,,,,,,蜀大侠,,,清油麻辣,袋装,,,,,,,
,,,,,,,,,呷哺呷哺,,,酸菜,其他,,,,,,,
,,,,,,,,,,,,藤椒,,,,,,,,
,,,,,,,,,,,,海鲜,,,,,,,,
,,,,,,,,,,,,三鲜,,,,,,,,
,,,,,,,,,,,,酸辣,,,,,,,,
,,,,,,,,,,,,骨汤,,,,,,,,
,,,,,,,,,,,,香辣,,,,,,,,
,,,,,,,,,,,,咖喱,,,,,,,,
,,,,,,,,,,,,其他,,,,,,,,
,,,,,,,,,,,,,,,,,,,,
,,,,,,,,,,,,,,,,,,,,
,,,,,,,,,,,,,,,,,,,,
,,,,,,,,,,,,,,,,,,,,
,,,,,,,,,,,,,,,,,,,,
,,,,,,,,,,,,,,,,,,,,
,,,,,,,,,,,,,,,,,,,,
,,,,,,,,,,,,,,,,,,,,
,,,,,,,,,,,,,,,,,,,,
244.0,食品,方便速食,自热食品,自热米饭,C,"定义：以大米为主要原料，搭配畜禽肉、蔬菜、豆制品等辅料及调味包、自热包（发热包），经淘洗、蒸煮、干燥/预加工、调味、分装配制、密封包装等工艺制成，无需额外火源，通过自热包与水反应产生热量加热，即可快速食用的便捷型米饭类速食，兼具米饭软糯口感与菜肴风味，适配户外出行、居家、办公、应急等场景，包装多为分层密封盒装，拆开配料、加入清水即可自热食用，无需复杂操作。
快速区分要点
1. 原料：以大米为核心原料，搭配畜禽肉、蔬菜等辅料及合规调味包、自热包，无非食用级原料，符合食品级标准；
2. 工艺：经大米淘洗、蒸煮、干燥/预加工，辅料切配、预加工，再经调味、分装配制、密封包装工艺，核心是“自带自热包，无需额外火源即可加热食用”；
3. 形态：米饭为颗粒状/块状（干燥型或半熟型），辅料为脱水状或预熟状，自热包为颗粒状/块状，调味包为膏状/粉状，加热后米饭复软、辅料入味。
4. 标准：符合GB 19295-2011《食品安全国家标准预包装食品标签通则》及相关速食食品标准，无违规添加剂，无酸败、异味，自热包符合安全发热标准。
一句话速记
大米为基、搭配菜肴辅料与自热包，无需火源可自热即食，具米饭与菜肴风味，即自热米饭；缺任一即不属于。","1. 按工艺分类：干燥型自热米饭（米饭经干燥处理，常温储存，自热后复软食用）、半熟型自热米饭（米饭预蒸煮至半熟，自热后口感更接近现煮）；
2. 按口味分类：经典酱香类（如红烧牛肉味、宫保鸡丁味）、清淡类（如番茄鸡蛋味、菌菇味）、香辣类（如香辣牛肉味、麻辣鸡丁味）；
3. 按配料分类：素版自热米饭（仅含大米、蔬菜、豆制品等素辅料）、荤版自热米饭（添加牛肉、鸡肉、猪肉等荤辅料）、荤素搭配版自热米饭（兼顾素辅料与荤辅料）；
4. 典型产品：红烧牛肉自热米饭、番茄鸡蛋自热米饭、香辣鸡丁自热米饭、菌菇素自热米饭、便携迷你自热米饭。","1. 非自热型米饭：需明火、微波炉加热，无自热包，无法自主发热的方便米饭、预制菜盖浇饭（如普通干燥方便米饭、冷藏盖浇饭）；
2. 原料不符：以单一米粉、香精为主，大米含量极低，无实际米饭形态的仿制品（如仅含调味包，无配套大米和自热包）；
3. 品类差异：普通方便米饭（无自热包，需热水冲泡/微波加热）、预制菜盖浇饭（需微波/蒸煮加热，无自热包，不具备自主发热功能）；
4. 生鲜米制品：未经过蒸煮、干燥/预加工、包装，无自热包配套，需明火蒸煮的生米、半成品熟米（无自热速食属性）；
5. 仿冒自热产品：无合规自热包，仅靠简单加热方式（如微波），或自热包不符合安全标准，无法实现自主发热的“伪自热米饭”。",海底捞,,,红烧牛肉,一次性餐盒,,,,,,,
,,,,,,,,,自嗨锅,,,鱼香肉丝,双层分隔盒,,,,,,,
,,,,,,,,,康师傅,,,咖喱鸡肉,环保纸碗,,,,,,,
,,,,,,,,,统一,,,梅菜扣肉,铝箔盒,,,,,,,
,,,,,,,,,今麦郎,,,宫保鸡丁,塑料盒装,,,,,,,
,,,,,,,,,,,,香菇滑鸡,,,,,,,,
,,,,,,,,,,,,番茄牛腩,,,,,,,,
,,,,,,,,,,,,麻辣牛肉,,,,,,,,
,,,,,,,,,,,,黑椒牛柳,,,,,,,,
,,,,,,,,,,,,回锅肉,,,,,,,,
,,,,,,,,,,,,其他,,,,,,,,
,,,,,,,,,,,,,,,,,,,,
,,,,,,,,,,,,,,,,,,,,
,,,,,,,,,,,,,,,,,,,,
,,,,,,,,,,,,,,,,,,,,
,,,,,,,,,,,,,,,,,,,,
,,,,,,,,,,,,,,,,,,,,
,,,,,,,,,,,,,,,,,,,,
,,,,,,,,,,,,,,,,,,,,
,,,,,,,,,,,,,,,,,,,,
,,,,,,,,,,,,,,,,,,,,
,,,,,,,,,,,,,,,,,,,,
245.0,食品,方便速食,自热食品,其他自热食品,,"定义
以谷物、肉类、禽类、水产、蔬菜、汤羹等为主要原料，经预加工制成自带发热包、无需明火和电源，加入冷水即可自动加热食用的预包装方便食品；
在排除自热火锅、自热米饭、自热面、自热粉、自热粥后，其余具备自热功能的即食 / 速食类产品，统称为其他自热食品。

核心属性
自带发热包，遇水自热，无需额外厨具
开盒 / 开袋加水后短时间内可食用
属于即食型正餐 / 代餐类食品，非零食、非调味品","1. 自热小火锅类以外的自热麻辣烫、自热麻辣香锅、自热冒菜、自热烧烤
2. 自热汤类：自热排骨汤、自热鸡汤、自热牛肉汤、自热羊汤、自热菌菇汤、自热老鸭汤等
3. 自热特色小吃：自热凉皮、自热米皮、自热擀面皮、自热豆腐脑、自热胡辣汤
4. 自热菜肴套餐：自热盖浇菜、自热家常菜套餐、自热卤味套餐、自热荤素便当（不含单纯米饭）
5. 自热特色主食：自热炒饭、自热炒面、自热拌饭、自热石锅拌饭、自热煲仔饭
6. 自热地方风味：自热鸭血粉丝汤、自热拉面、自热馄饨、自热水饺、自热烧卖
7. 自热半成品 / 组合餐：自热关东煮、自热串串、自热涮烫小套餐
8. 自热甜品 / 滋补类：自热银耳羹、自热黑米粥以外的杂粮羹、自热糖水
9. 自热面：自热牛肉面、自热杂酱面、自热荞麦面、便携迷你自热面。
10. 自热粉：香辣自热红薯粉、清汤自热豌豆粉、杂粮混合自热粉、便携迷你自热粉。
11. 自热粥：红枣桂圆自热粥、皮蛋瘦肉自热粥、小米蔬菜自热粥、杂粮养生自热粥、便携迷你自热粥。","1. 明确排除品类
自热火锅、自热米饭、自热面、自热粉、自热粥
2. 无自热功能的普通速食食品
冲泡型米饭、即食凉菜、罐头等
3. 仅为食材、非完整自热食品
自热包单独配件、火锅食材散装包、未搭配发热包的半成品菜
4. 休闲零食、调味品、饮料
饼干、肉干、糖果、酱料、罐头、饮用水、冲调饮品等
5. 需明火 / 电磁炉 / 烤箱加热的冷冻、冷藏食品
普通冷冻便当、速冻面点、冷藏快餐等",海底捞,,,原味,盒装,,,,,,,
,,,,,,,,,自嗨锅,,,牛肉味,袋装,,,,,,,
,,,,,,,,,康师傅,,,鸡肉味,桶装,,,,,,,
,,,,,,,,,统一,,,海鲜味,碗装,,,,,,,
,,,,,,,,,今麦郎,,,蔬菜味,其他,,,,,,,
,,,,,,,,,,,,麻辣味,,,,,,,,
,,,,,,,,,,,,番茄味,,,,,,,,
,,,,,,,,,,,,咖喱味,,,,,,,,
,,,,,,,,,,,,酸菜味,,,,,,,,
,,,,,,,,,,,,泡菜味,,,,,,,,
,,,,,,,,,,,,烧烤味,,,,,,,,
,,,,,,,,,,,,卤香味,,,,,,,,
,,,,,,,,,,,,其他,,,,,,,,
,,,,,,,,,,,,,,,,,,,,
,,,,,,,,,,,,,,,,,,,,
,,,,,,,,,,,,,,,,,,,,
,,,,,,,,,,,,,,,,,,,,
,,,,,,,,,,,,,,,,,,,,
,,,,,,,,,,,,,,,,,,,,
,,,,,,,,,,,,,,,,,,,,
,,,,,,,,,,,,,,,,,,,,
,,,,,,,,,,,,,,,,,,,,
246.0,食品,方便速食,罐头食品,水果罐头,A,"定义：以新鲜水果为主要原料，经去皮、去核等预处理后，通过加糖水或果汁等液体介质密封于金属罐或玻璃瓶中，经高温杀菌制成的即食食品。产品通常将果肉浸泡于糖液或自身汁液中，能长期保存水果的风味与形态，常见规格为312g、425g马口铁罐或720g玻璃瓶装，市场主流品类包括黄桃、菠萝、荔枝、什锦水果等。

核心定义：以新鲜水果为主要原料，经预处理、装罐、密封、商业无菌杀菌，常温可长期保存的预包装食品。

快速核查要点
原料：必须是水果（非蔬菜、谷物、肉类）
工艺：经密封 + 商业无菌杀菌，常温保存
形态：预包装（罐、瓶、袋、杯），开盖即食 / 可直接食用
排除：非杀菌、非密封、非预包装、非水果原料","1. 按水果种类（全部属于）
仁果类：苹果、梨、山楂、海棠
核果类：桃、杏、李子、樱桃、杨梅
浆果类：草莓、蓝莓、桑葚、树莓
柑橘类：橘子、橙子、柚子、柠檬
热带 / 亚热带：菠萝、荔枝、龙眼、芒果、木瓜、香蕉
瓜果类：西瓜、哈密瓜、甜瓜
其他：葡萄、猕猴桃、黄桃、什锦水果
2. 按工艺 / 形态（国标分类）
糖水水果罐头（最主流，如黄桃罐头、橘子罐头）
糖浆水果罐头（高糖型）
果酱 / 果泥罐头（如苹果酱、草莓酱）
果冻 / 果膏罐头（含果肉果冻）
果汁 / 果浆罐头（纯果汁、浓缩果汁罐头）
清水 / 低盐水果罐头（低糖 / 无糖型）
3. 按包装容器（均属）
马口铁罐（最常见）
玻璃瓶
复合软包装袋（铝箔袋）
半刚性塑料杯 / 碗","1. 原料 / 工艺不符
新鲜水果、冷冻水果、冷藏水果（未杀菌、非商业无菌）
水果干、果脯、蜜饯、果丹皮（干燥 / 糖渍工艺，非罐头）
水果酱 / 果酱（非罐装）：瓶装果酱、袋装果酱（未密封杀菌）
水果饮料 / 果汁（非罐头）：瓶装果汁、纸盒果汁、碳酸饮料
水果发酵制品：果酒、果醋、水果酸奶
2. 非水果类罐头
蔬菜罐头（番茄、蘑菇、竹笋、青豆等）
肉类 / 禽类 / 水产罐头（午餐肉、豆豉鲮鱼等）
谷物罐头（八宝粥、红豆粥等）
食用菌罐头、坚果罐头
3. 其他易混淆品类
婴幼儿罐装辅食（国标明确排除）
水果沙拉、水果杯（冷藏即食，非杀菌罐头）
水果馅料、水果派馅（烘焙原料，非即食罐头）
散装腌制水果（无密封杀菌，非预包装）",梅林,糖水水果罐头,,柑橘类,马口铁罐（圆罐、方罐）,,,,,,,
,,,,,,,,,古龙,清水水果罐头,,仁果类,玻璃瓶装,,,,,,,
,,,,,,,,,真心,无糖 / 低糖水果罐头,,核果类,塑料杯装,,,,,,,
,,,,,,,,,林家铺子,果粒 / 果肉罐头,,浆果类,自立袋 / 软罐头袋,,,,,,,
,,,,,,,,,欢乐家,,,热带水果,桶装 / 餐饮大包装,,,,,,,
,,,,,,,,,,,,什锦水果味,礼盒装,,,,,,,
,,,,,,,,,,,,其他,组合装,,,,,,,
,,,,,,,,,,,,,,,,,,,,
,,,,,,,,,,,,,,,,,,,,
,,,,,,,,,,,,,,,,,,,,
,,,,,,,,,,,,,,,,,,,,
,,,,,,,,,,,,,,,,,,,,
,,,,,,,,,,,,,,,,,,,,
,,,,,,,,,,,,,,,,,,,,
,,,,,,,,,,,,,,,,,,,,
,,,,,,,,,,,,,,,,,,,,
,,,,,,,,,,,,,,,,,,,,
,,,,,,,,,,,,,,,,,,,,
,,,,,,,,,,,,,,,,,,,,
,,,,,,,,,,,,,,,,,,,,
,,,,,,,,,,,,,,,,,,,,
,,,,,,,,,,,,,,,,,,,,
247.0,食品,方便速食,罐头食品,肉罐头,B,"定义：以畜禽肉、水产品等为主要原料，经清洗、切配、调味、装罐、密封、高温高压灭菌等工艺制成，可直接食用或简单加热后食用的便捷型肉类食品，核心特点是保质期长、储存方便、食用便捷，无需复杂加工，广泛适配居家、户外、应急等场景，常见包装为金属罐、玻璃罐，密封性能良好，可常温储存，无需冷藏冷冻。
快速区分要点
1. 原料：以畜禽肉（猪肉、牛肉、鸡肉等）、水产品（鱼、虾、贝类等）为核心原料，可添加适量调味辅料，无非食用级原料，符合食品级标准；
2. 工艺：经原料清洗、切配、调味、装罐、密封、高温高压灭菌工艺，核心是“高温灭菌、密封储存，可直接食用”，无需额外复杂加工；
3. 形态：呈块状、片状或颗粒状，肉质紧实，汤汁清亮（或浓稠），无结块、无杂质、无变质，密封包装无破损，常温下可长期储存；
4. 标准：符合GB 2726-2016《食品安全国家标准 熟肉制品》及GB 7098-2015《食品安全国家标准 罐头食品》，无违规添加剂，无酸败、异味，符合罐头食品安全标准。
一句话速记
畜禽肉/水产品为基、经调味装罐、高温高压灭菌密封，可直接食用，即肉罐头；缺任一即不属于。","1. 按工艺分类：清蒸型肉罐头（无过多调味，突出食材本身风味，经清蒸后灭菌）、红烧型肉罐头（经红烧调味后装罐灭菌，风味浓郁）、油炸型肉罐头（食材经油炸后调味装罐，口感酥脆）；
2. 按口味分类：原味肉罐头（调味清淡，保留食材本味）、香辣味肉罐头（添加辣椒、花椒等香辛料）、酱香味肉罐头（以酱料调味，咸香浓郁）、清淡味肉罐头（少盐少辣，适配清淡需求）；
3. 按配料分类：纯肉类罐头（仅含单一肉类原料，无过多辅料）、荤素搭配类肉罐头（添加少量蔬菜、豆制品等辅料，不改变肉类核心属性）、水产类罐头（以鱼类、虾类等水产品为核心原料）；
4. 典型产品：红烧牛肉罐头、清蒸鱼罐头、午餐肉罐头、香辣鸡肉罐头、五香猪肉罐头、虾仁罐头。","1. 非罐头类肉制品：未经过装罐、密封、高温高压灭菌工艺，需冷藏储存、复杂加热才能食用的熟肉制品（如卤味、真空包装熟肉）；
2. 原料不符：以豆制品、蔬菜为主要原料，仅添加少量肉类的罐头（非肉罐头核心属性），或非食用级肉类制成的罐头制品；
3. 品类差异：自热肉类速食（自带自热包，无需高温灭菌密封，储存条件与肉罐头不同）、预制菜肉类（需微波/蒸煮复热，无罐头密封灭菌工艺）；
4. 生鲜/半成品肉类：未经过调味、装罐、灭菌工艺，需复杂烹饪才能食用的生肉、半熟肉（无罐头食品的储存和食用属性）；
5. 仿冒罐头产品：未经过高温高压灭菌，仅简单密封包装，保质期短，不符合罐头食品标准，或添加大量香精、色素的劣质肉制品。",梅林,,,红烧味,金属罐,,,,,,,
,,,,,,,,,古龙,,,五香味,软包装（铝箔袋）,,,,,,,
,,,,,,,,,真心,,,香辣味,玻璃罐,,,,,,,
,,,,,,,,,林家铺子,,,麻辣味,易拉罐,,,,,,,
,,,,,,,,,欢乐家,,,原味,其他,,,,,,,
,,,,,,,,,,,,咖喱味,,,,,,,,
,,,,,,,,,,,,黑椒味,,,,,,,,
,,,,,,,,,,,,其他,,,,,,,,
,,,,,,,,,,,,,,,,,,,,
,,,,,,,,,,,,,,,,,,,,
,,,,,,,,,,,,,,,,,,,,
,,,,,,,,,,,,,,,,,,,,
,,,,,,,,,,,,,,,,,,,,
,,,,,,,,,,,,,,,,,,,,
,,,,,,,,,,,,,,,,,,,,
,,,,,,,,,,,,,,,,,,,,
,,,,,,,,,,,,,,,,,,,,
,,,,,,,,,,,,,,,,,,,,
,,,,,,,,,,,,,,,,,,,,
,,,,,,,,,,,,,,,,,,,,
,,,,,,,,,,,,,,,,,,,,
,,,,,,,,,,,,,,,,,,,,
248.0,食品,方便速食,罐头食品,海鲜罐头,B,"定义​
以各类海鲜（鱼、虾、贝、蟹等）为核心原料，经清洗、处理、调味、装罐、密封、高温高压灭菌制成，可直接食用或简单加热食用的便捷型食品，核心优势是保质期长、储存方便、食用便捷，适配居家、户外、应急等场景，包装多为金属罐或玻璃罐，密封性能优良，可常温储存。​
快速区分要点​
原料：以海鲜（鱼、虾、贝、蟹等）为核心原料，无非海鲜类主料，可添加适量调味辅料，符合食品级标准；​
工艺：经清洗、处理、调味、装罐、密封、高温高压灭菌，核心是“密封灭菌、常温储存、直接食用”；​
形态：呈块状、片状或颗粒状，肉质紧实，汤汁清亮，无变质、无异味，密封包装无破损；​
标准：符合GB 7098-2015《食品安全国家标准 罐头食品》及GB 2733-2015《食品安全国家标准 鲜、冻动物性水产品》，无违规添加剂。​
一句话速记​
以海鲜为核心原料，经装罐、密封、高温灭菌，可直接食用、常温储存的罐头，即为海鲜罐头。","1. 按原料海鲜（全部属于）
- 鱼类罐头：金枪鱼罐头、带鱼罐头、黄花鱼罐头、鳕鱼罐头、三文鱼罐头
- 虾类罐头：对虾罐头、虾仁罐头、香辣虾罐头、白灼虾罐头
- 贝类罐头：蛤蜊罐头、扇贝罐头、牡蛎罐头、蛏子罐头
- 蟹类罐头：蟹肉罐头、蟹黄罐头、梭子蟹罐头
- 其他海鲜罐头：鱿鱼罐头、墨鱼罐头、章鱼罐头、海参罐头

2. 按工艺 / 口味
- 清蒸型：无过多调味，突出海鲜本味（清蒸带鱼、清蒸鳕鱼）
- 红烧型：经红烧调味，风味浓郁（红烧带鱼、红烧黄花鱼）
- 油炸型：海鲜经油炸后装罐（油炸小黄鱼、油炸带鱼）
- 调味型：香辣、酱香、酸甜味（香辣蛤蜊、酱香鱿鱼）
- 原味型：少调味，保留海鲜原生风味

3. 按包装 / 规格（均属）
- 单罐独立装（50g–200g）
- 多罐组合装（2–6罐/包）
- 大包装 / 餐饮装（500g以上）
- 礼盒装（混合多种海鲜罐头）","1. 工艺 / 储存不符（核心排除）
- 低温海鲜制品：需冷藏/冷冻（0–4℃或-18℃），非高温杀菌
- 生鲜海鲜：未熟制、未装罐灭菌，需烹饪后食用
- 卤味海鲜 / 酱卤海鲜：多为冷藏短保，非常温无菌
- 即食海鲜零食：非装罐高温灭菌，多为真空包装短保（如即食鱿鱼丝、真空虾干）

2. 品类边界不符
- 肉罐头 / 蔬菜罐头：以畜禽肉、蔬菜为核心，非海鲜原料
- 海鲜酱料：仅含少量海鲜成分，无完整海鲜形态（如虾酱、鱼露）
- 海鲜干货：干燥工艺，非装罐高温灭菌（如干贝、虾皮、鱼干）
- 鱼糜肠 / 海鲜肠：灌肠形态，非罐头装，工艺不符
- 海鲜预制菜：需微波/加热复热，无装罐灭菌工艺

3. 其他易混淆品类
- 速冻海鲜：需-18℃冷冻储存，非罐头制品
- 冷藏即食海鲜：短保质期，依赖冷链，非常温罐头
- 宠物海鲜罐头：非人类食用级，不符合人类食品标准
- 散装海鲜制品：无独立密封装罐、无高温灭菌，非标准罐头",梅林,,,原味/清水,马口铁罐,,,,,,,
,,,,,,,,,古龙,,,盐水,玻璃罐,,,,,,,
,,,,,,,,,真心,,,酸甜,软包装（铝箔袋）,,,,,,,
,,,,,,,,,林家铺子,,,糖醋,易拉罐,,,,,,,
,,,,,,,,,欢乐家,,,香辣,,,,,,,,
,,,,,,,,,,,,其他,,,,,,,,
,,,,,,,,,,,,,,,,,,,,
,,,,,,,,,,,,,,,,,,,,
,,,,,,,,,,,,,,,,,,,,
,,,,,,,,,,,,,,,,,,,,
,,,,,,,,,,,,,,,,,,,,
,,,,,,,,,,,,,,,,,,,,
,,,,,,,,,,,,,,,,,,,,
,,,,,,,,,,,,,,,,,,,,
,,,,,,,,,,,,,,,,,,,,
,,,,,,,,,,,,,,,,,,,,
,,,,,,,,,,,,,,,,,,,,
,,,,,,,,,,,,,,,,,,,,
,,,,,,,,,,,,,,,,,,,,
,,,,,,,,,,,,,,,,,,,,
,,,,,,,,,,,,,,,,,,,,
,,,,,,,,,,,,,,,,,,,,
249.0,食品,方便速食,罐头食品,汤类罐头,B,"定义
以肉类、菌菇、蔬菜、骨汤等为主要原料，经熬煮、调味、装罐、密封、高温高压灭菌制成，可直接饮用或简单加热食用的液态罐头食品，保质期长、常温储存、食用便捷，适用于居家、户外、应急等场景。
快速区分要点
原料：以汤料食材为主，含汤汁与固形物，符合食品安全标准；
工艺：经熬制、装罐、密封、高温灭菌，可常温长期存放；
形态：呈液态 / 半液态，无变质、无异味、无分层异常；
标准：符合 GB 7098 罐头食品相关标准。
一句话速记
以食材熬煮成汤，经罐装灭菌、常温储存、可直接饮用的罐头，即为汤类罐头。","1. 按原料蔬菜（全部属于）
- 茄果类罐头：番茄罐头、茄子罐头、彩椒罐头、圣女果罐头
- 菌菇类罐头：蘑菇罐头、香菇罐头、金针菇罐头、杏鲍菇罐头
- 根茎类罐头：豌豆罐头、玉米罐头、胡萝卜罐头、萝卜罐头
- 叶菜类罐头：菠菜罐头、生菜罐头、油麦菜罐头、娃娃菜罐头
- 其他蔬菜罐头：芦笋罐头、黄瓜罐头、竹笋罐头、西兰花罐头

2. 按工艺 / 口味
- 清蒸型：无过多调味，突出蔬菜本味（清蒸芦笋、清蒸蘑菇）
- 腌制型：经腌制调味，风味醇厚（腌制萝卜、腌制黄瓜）
- 水煮型：清水煮制后装罐，清淡爽口（水煮豌豆、水煮玉米）
- 调味型：香辣、酸甜、酱香味（香辣萝卜、酸甜番茄）
- 原味型：少调味，保留蔬菜原生风味（原味蘑菇、原味芦笋）

3. 按包装 / 规格（均属）
- 单罐独立装（50g–200g）
- 多罐组合装（2–6罐/包）
- 大包装 / 餐饮装（500g以上）
- 礼盒装（混合多种蔬菜罐头）。","1. 工艺 / 储存不符（核心排除）
低温蔬菜制品：需冷藏/冷冻（0–4℃或-18℃），非高温杀菌
生鲜蔬菜：未熟制、未装罐灭菌，需烹饪后食用
卤味蔬菜 / 酱卤蔬菜：多为冷藏短保，非常温无菌
即食蔬菜零食：非装罐高温灭菌，多为真空包装短保（如即食脆萝卜、真空脱水蔬菜）

2. 品类边界不符
肉罐头 / 海鲜罐头：以畜禽肉、海鲜为核心，非蔬菜原料
蔬菜酱料：仅含少量蔬菜成分，无完整蔬菜形态（如番茄酱、蒜蓉酱）
脱水蔬菜 / 蔬菜干货：干燥工艺，非装罐高温灭菌（如脱水菠菜、干香菇）
植物蛋白肠 / 素肠：灌肠形态，非罐头装，工艺不符
蔬菜预制菜：需微波/加热复热，无装罐灭菌工艺

3. 其他易混淆品类
速冻蔬菜：需-18℃冷冻储存，非罐头制品
冷藏即食蔬菜：短保质期，依赖冷链，非常温罐头
宠物蔬菜罐头：非人类食用级，不符合人类食品标准
散装蔬菜制品：无独立密封装罐、无高温灭菌，非标准罐头",梅林,,,奶油蘑菇,马口铁罐,,,,,,,
,,,,,,,,,古龙,,,罗宋,利乐砖,,,,,,,
,,,,,,,,,真心,,,鸡汤,塑料杯,,,,,,,
,,,,,,,,,林家铺子,,,番茄汤,其他,,,,,,,
,,,,,,,,,欢乐家,,,牛肉汤,,,,,,,,
,,,,,,,,,,,,玉米浓汤,,,,,,,,
,,,,,,,,,,,,南瓜汤,,,,,,,,
,,,,,,,,,,,,海鲜汤,,,,,,,,
,,,,,,,,,,,,蔬菜汤,,,,,,,,
,,,,,,,,,,,,排骨汤,,,,,,,,
,,,,,,,,,,,,冬阴功,,,,,,,,
,,,,,,,,,,,,酸辣汤,,,,,,,,
,,,,,,,,,,,,清汤,,,,,,,,
,,,,,,,,,,,,其他,,,,,,,,
,,,,,,,,,,,,,,,,,,,,
,,,,,,,,,,,,,,,,,,,,
,,,,,,,,,,,,,,,,,,,,
,,,,,,,,,,,,,,,,,,,,
,,,,,,,,,,,,,,,,,,,,
,,,,,,,,,,,,,,,,,,,,
,,,,,,,,,,,,,,,,,,,,
,,,,,,,,,,,,,,,,,,,,
250.0,食品,方便速食,罐头食品,其他罐头食品,,"定义
以金属罐、玻璃罐、软罐头等为包装形式，经密封、商业灭菌处理，可在常温下长期保存的预包装食品；在排除水果、肉类、海鲜、蔬菜、汤类罐头后，其余以粮食、豆制品、食用菌、调味酱、特色混合食材等为主要原料的罐头类产品，统称为其他罐头食品。

核心属性
密封灭菌、常温长期保存
包装形式为罐、瓶、软罐头
不属于单纯水果、肉、海鲜、蔬菜、汤羹类","1. 谷物及主食类罐头
糯米饭罐头、拌饭罐头等
2. 豆制品罐头
素鸡罐头、油豆腐罐头、调味腐竹罐头等
3. 蔬菜罐头
茄果类罐头：番茄罐头、茄子罐头、彩椒罐头、圣女果罐头
菌菇类罐头：蘑菇罐头、香菇罐头、金针菇罐头、杏鲍菇罐头
根茎类罐头：豌豆罐头、玉米罐头、胡萝卜罐头、萝卜罐头
叶菜类罐头：菠菜罐头、生菜罐头、油麦菜罐头、娃娃菜罐头
其他蔬菜罐头：芦笋罐头、黄瓜罐头、竹笋罐头、西兰花罐头
4. 特色混合 / 地方风味罐头
鱼香肉丝罐头、回锅肉罐头等复合调味菜肴罐头（不属于单纯肉 / 菜罐头）、笋干菜罐头、梅菜扣肉罐头等复合荤素罐头
5. 其他类
食用油脂罐头、调味糖浆罐头、果酱罐头、果冻罐头、龟苓膏罐头、罐头装即食甜品等","1. 明确排除品类
水果罐头、肉罐头、海鲜罐头、汤类罐头
2. 非罐头类预包装食品
普通袋装酱菜、瓶装酱料、真空包装卤味、软包装速食、自热食品、冷冻食品
3. 饮料类罐头
碳酸饮料罐、果汁饮料罐、咖啡饮料罐、茶饮料罐等
4. 宠物罐头、工业原料罐头
非人类食用的罐头产品",梅林,,,原味,马口铁罐,,,,,,,
,,,,,,,,,古龙,,,甜味,铝箔碗,,,,,,,
,,,,,,,,,真心,,,咸味,软罐头,,,,,,,
,,,,,,,,,林家铺子,,,辣味,玻璃罐,,,,,,,
,,,,,,,,,欢乐家,,,咖喱味,塑料杯,,,,,,,
,,,,,,,,,,,,番茄味,其他,,,,,,,
,,,,,,,,,,,,酸甜味,,,,,,,,
,,,,,,,,,,,,其他,,,,,,,,
,,,,,,,,,,,,,,,,,,,,
,,,,,,,,,,,,,,,,,,,,
,,,,,,,,,,,,,,,,,,,,
,,,,,,,,,,,,,,,,,,,,
,,,,,,,,,,,,,,,,,,,,
,,,,,,,,,,,,,,,,,,,,
,,,,,,,,,,,,,,,,,,,,
,,,,,,,,,,,,,,,,,,,,
,,,,,,,,,,,,,,,,,,,,
,,,,,,,,,,,,,,,,,,,,
,,,,,,,,,,,,,,,,,,,,
,,,,,,,,,,,,,,,,,,,,
,,,,,,,,,,,,,,,,,,,,
,,,,,,,,,,,,,,,,,,,,
251.0,食品,方便速食,速食肠,常温火腿肠,S,"定义：以畜禽肉为主要原料，经绞碎、乳化、调味、灌入肠衣、高温杀菌制成的可在常温下长期保存的即食肉制品。产品通常呈圆柱形（直径约15–35mm），拥有独立密封包装，质地紧实、口感咸香，开袋即食或用于配餐。常见鸡肉、猪肉等原料，包装形式包括单支真空袋、多支联排或罐装。

核心定义：以鲜 / 冻畜肉、禽肉、鱼肉为主要原料，经腌制、斩拌、灌肠、高温商业无菌杀菌，可常温长期保存的熟制肉灌肠制品。

快速核查要点
工艺：必须经高温商业无菌杀菌，常温可存≥6 个月
形态：肠衣灌肠（塑料 / 复合膜肠衣），非罐装 / 块状
原料：以畜 / 禽 / 鱼肉为主，非植物蛋白
排除：冷藏 / 冷冻、生制、非肠衣、非动物肉","1. 按原料肉（全部属于）
猪肉肠（王中王、优级、普通级）
鸡肉肠（纯鸡肉、玉米鸡肉）
牛肉肠 / 牛肉风味肠
鱼肉肠（鳕鱼肠、三文鱼肠）
鸭肉肠、羊肉肠
混合肉肠（猪 + 鸡、猪 + 牛等）
2. 按国标等级（GB/T 20712-2022）
无淀粉火腿肠（淀粉≤1%）
特级火腿肠（淀粉≤6%）
优级火腿肠（淀粉≤8%）
普通级火腿肠（淀粉≤10%）
3. 按工艺 / 形态
乳化型（细腻肉糜，无明显肉粒）
颗粒型（含可见肉粒 / 肉丁）
肉粒多 / 大块肉肠
儿童肠（小规格、低盐 / 减盐）
即食早餐肠、烧烤肠（常温款）
4. 按包装 / 规格（均属）
单支装（30g–75g）
多支组合装（2–10 支 / 包）
大包装 / 餐饮装
礼盒装","1. 工艺 / 储存不符（核心排除）
低温香肠 / 腊肠：需冷藏 / 冷冻（0–4℃或 - 18℃），非高温杀菌盐源县人民政府
生鲜肠 / 生制肠：未熟制、需加热后食用
卤味肠 / 酱卤肉肠：多为冷藏短保，非常温无菌
烤肠 / 台烤肠：多为生制或冷藏熟制，非常温保存
2. 品类边界不符
午餐肉 / 肉罐头：罐装、非肠衣灌肠形态
肉干 / 肉脯 / 肉松：干燥工艺，非灌肠
火腿 / 培根 / 腊肉：腌腊 / 发酵工艺，非高温杀菌灌肠
素肠 / 植物蛋白肠：非动物肉原料
鱼豆腐 / 鱼丸：非灌肠形态
3. 其他易混淆品类
速冻肠类：需冷冻储存
冷藏即食肠：短保、需冷链
宠物火腿肠：非人类食用
散装称重肠：无独立密封杀菌包装",双汇,普通火腿肠,,鸡肉味,单支塑料肠衣,,,,,,,
,,,,,,,,,雨润,肉肠 / 肉粒肠,,香辣味,多支袋装 / 五连包,,,,,,,
,,,,,,,,,金锣,纯肉肠 / 无淀粉肠,,玉米味,真空袋装,,,,,,,
,,,,,,,,,美好,,,黑胡椒味,桶装,,,,,,,
,,,,,,,,,得利斯,,,麻辣味,礼盒装,,,,,,,
,,,,,,,,,,,,蒜蓉,组合装,,,,,,,
,,,,,,,,,,,,牛肉,,,,,,,,
,,,,,,,,,,,,孜然,,,,,,,,
,,,,,,,,,,,,蘑菇味,,,,,,,,
,,,,,,,,,,,,其他,,,,,,,,
,,,,,,,,,,,,,,,,,,,,
,,,,,,,,,,,,,,,,,,,,
,,,,,,,,,,,,,,,,,,,,
,,,,,,,,,,,,,,,,,,,,
,,,,,,,,,,,,,,,,,,,,
,,,,,,,,,,,,,,,,,,,,
,,,,,,,,,,,,,,,,,,,,
,,,,,,,,,,,,,,,,,,,,
,,,,,,,,,,,,,,,,,,,,
,,,,,,,,,,,,,,,,,,,,
,,,,,,,,,,,,,,,,,,,,
,,,,,,,,,,,,,,,,,,,,
252.0,食品,方便速食,速食肠,午餐肉,B,"定义
以畜禽肉（猪肉、鸡肉等）为主要原料，经绞制、腌制、调味、装罐、密封、高温高压灭菌制成的肉制品罐头，可直接食用或煎烤后食用，常温储存、保质期长，食用便捷，适配居家、户外、火锅、快餐等场景。
快速区分要点
原料：以猪肉 / 鸡肉等肉类为核心，可搭配淀粉、蛋白等辅料，符合食品级标准；
工艺：经绞制、腌制、装罐、密封、高温灭菌，可常温长期保存；
形态：质地紧实均匀，呈块状 / 片状，无异味、无变质、无渗水发酸；
标准：符合 GB 7098、GB 2726 等罐头及肉制品安全标准。
一句话速记
以畜禽肉为原料，经罐装灭菌、常温储存、可直接 / 简单加热食用的肉制品，即为午餐肉。","1. 按原料 / 工艺
猪肉午餐肉（纯猪肉原料，乳化工艺，罐装）
混合肉午餐肉（猪肉 + 鸡肉 / 牛肉，乳化成型，罐装）
低脂午餐肉（瘦肉含量高，脂肪含量低）
2. 按口味
原味午餐肉（无过多调味，突出肉香）
香辣味午餐肉（适配火锅、拌面）
黑胡椒味午餐肉（经典调味，口感弹嫩）
3. 按包装 / 规格
单罐独立装（200g-500g，适配家庭 / 个人食用）
餐饮装（1kg 以上，适配餐厅、食堂）
礼盒装（混合多种口味午餐肉，用于送礼）","1.非罐装产品：散装午餐肉、现切肉糜（未装罐、未杀菌）
2.素肉 / 植物蛋白肠：无动物肉成分，原料为植物蛋白
3.生肉 / 生鲜肉糜：未经过高温灭菌、未装罐
4.其他罐头：水果罐头、海鲜罐头、蔬菜罐头（非肉类午餐肉）
5.低温冷藏型午餐肉：未经过高温灭菌，需全程冷藏，非常温可存
6.宠物专用午餐肉：非人类食用，标准不符",双汇,,,原味,马口铁方罐,,,,,,,
,,,,,,,,,雨润,,,香辣味,马口铁圆罐,,,,,,,
,,,,,,,,,金锣,,,黑胡椒味,铝盒,,,,,,,
,,,,,,,,,美好,,,蒜香味,真空袋装,,,,,,,
,,,,,,,,,得利斯,,,玉米味,其他,,,,,,,
,,,,,,,,,,,,烟熏味,,,,,,,,
,,,,,,,,,,,,烧烤味,,,,,,,,
,,,,,,,,,,,,其他,,,,,,,,
,,,,,,,,,,,,,,,,,,,,
,,,,,,,,,,,,,,,,,,,,
,,,,,,,,,,,,,,,,,,,,
,,,,,,,,,,,,,,,,,,,,
,,,,,,,,,,,,,,,,,,,,
,,,,,,,,,,,,,,,,,,,,
,,,,,,,,,,,,,,,,,,,,
,,,,,,,,,,,,,,,,,,,,
,,,,,,,,,,,,,,,,,,,,
,,,,,,,,,,,,,,,,,,,,
,,,,,,,,,,,,,,,,,,,,
,,,,,,,,,,,,,,,,,,,,
,,,,,,,,,,,,,,,,,,,,
,,,,,,,,,,,,,,,,,,,,
253.0,食品,方便速食,速食肠,鱼糜肠,C,"定义
以鱼糜为主要原料，搭配淀粉、调味料、蛋白等辅料，经斩拌、乳化、灌肠、熟制、杀菌、包装制成的肠类水产制品，可直接食用或煮、炸、涮后食用，口感弹滑，常温或冷藏储存，适用于零食、火锅、快餐等场景。
快速区分要点
原料：以鱼糜为核心，辅以淀粉、调味等，符合食品级安全标准；
工艺：经斩拌、灌肠、熟制、杀菌成型，非生鲜、非简单腌制；
形态：长条肠状，质地弹韧，无发酸变质、无异味；
标准：符合 GB 2726 熟肉制品及水产制品相关标准。
一句话速记
以鱼糜为主要原料，经灌肠熟制杀菌，口感弹滑的肠类制品，即为鱼糜肠。","1. 按原料鱼糜（全部属于）
- 纯鱼糜肠：鳕鱼鱼糜肠、三文鱼鱼糜肠、龙利鱼鱼糜肠、秋刀鱼鱼糜肠
- 混合鱼糜肠：鳕鱼+三文鱼鱼糜肠、龙利鱼+鳕鱼鱼糜肠
- 添加辅料鱼糜肠：玉米鱼糜肠、芝士鱼糜肠、脆骨鱼糜肠、蔬菜鱼糜肠
- 风味鱼糜肠：蟹味鱼糜肠、虾味鱼糜肠、贝味鱼糜肠
- 专用鱼糜肠：儿童鱼糜肠、火锅专用鱼糜肠

2. 按工艺 / 口味
- 乳化型：鱼糜细腻无颗粒，口感弹滑（经典纯鱼糜肠、儿童鱼糜肠）
- 颗粒型：含少量鱼粒，口感丰富（鱼粒鱼糜肠、海鲜混合鱼糜肠）
- 原味型：少调味，突出鱼肉本味（纯鳕鱼鱼糜肠、原味龙利鱼肠）
- 调味型：香辣、玉米、芝士、烧烤味（香辣鱼糜肠、芝士鱼糜肠）
- 即食型：开袋即食，无需额外加热（常温款鱼糜肠、儿童即食鱼肠）

3. 按包装 / 规格（均属）
- 单支独立装（20g–50g，适配儿童、零食）
- 多支组合装（5–10支/包，适配家庭、日常储备）
- 大包装 / 餐饮装（1000g以上，适配火锅店、食堂）
- 礼盒装（混合多种口味鱼糜肠，用于送礼、儿童专属）","1. 工艺 / 储存不符（核心排除）
- 低温鱼糜制品：需冷藏/冷冻（0–4℃或-18℃），非高温杀菌即食型
- 生鲜鱼糜：未灌肠、未熟制杀菌，需进一步加工烹饪
- 卤味鱼肠 / 酱卤鱼糜制品：多为冷藏短保，非常温无菌即食
- 鱼糜零食：非灌肠形态，非高温杀菌（如鱼糜条、鱼糜块、鱼豆腐）

2. 品类边界不符
- 火腿肠 / 肉肠：以畜禽肉为核心，非鱼糜原料（如猪肉肠、牛肉肠）
- 植物蛋白肠 / 素肠：无鱼糜成分，原料为大豆蛋白、豌豆蛋白
- 海鲜罐头：罐装高温灭菌，非灌肠形态（如鱼罐头、虾罐头）
- 鱼丸 / 鱼豆腐：非灌肠长条状，为球状、块状，工艺不符
- 鱼糜预制菜：需微波/加热复热，无灌肠、高温杀菌即食工艺",双汇,,,原味,真空塑料肠衣单支装,,,,,,,
,,,,,,,,,雨润,,,海鲜味,真空塑料肠衣联排装,,,,,,,
,,,,,,,,,金锣,,,香辣味,铝箔袋充氮保鲜装,,,,,,,
,,,,,,,,,美好,,,烧烤味,,,,,,,,
,,,,,,,,,得利斯,,,玉米味,,,,,,,,
,,,,,,,,,,,,芝士味,,,,,,,,
,,,,,,,,,,,,蒜香味,,,,,,,,
,,,,,,,,,,,,其他,,,,,,,,
,,,,,,,,,,,,,,,,,,,,
,,,,,,,,,,,,,,,,,,,,
,,,,,,,,,,,,,,,,,,,,
,,,,,,,,,,,,,,,,,,,,
,,,,,,,,,,,,,,,,,,,,
,,,,,,,,,,,,,,,,,,,,
,,,,,,,,,,,,,,,,,,,,
,,,,,,,,,,,,,,,,,,,,
,,,,,,,,,,,,,,,,,,,,
,,,,,,,,,,,,,,,,,,,,
,,,,,,,,,,,,,,,,,,,,
,,,,,,,,,,,,,,,,,,,,
,,,,,,,,,,,,,,,,,,,,
,,,,,,,,,,,,,,,,,,,,
254.0,食品,方便速食,速食肠,植物蛋白肠,C,"定义
以大豆蛋白、豌豆蛋白等植物蛋白为主要原料，搭配淀粉、调味料、油脂等辅料，经乳化、灌肠、熟制、杀菌、包装制成的素肠类制品，口感弹韧，可直接食用或烹饪食用，适合素食、代餐、零食等场景。
快速区分要点
原料：以植物蛋白为核心，不含畜禽肉、鱼糜等动物性肉类原料；
工艺：经乳化、灌肠、熟制、杀菌成型，可常温或冷藏保存；
形态：长条肠状，质地紧实弹韧，无变质、无异味；
标准：符合 GB 2712、GB 2760 等豆制品及食品安全标准。
一句话速记
以植物蛋白为主要原料，经灌肠熟制杀菌制成的素肠，即为植物蛋白肠。","1. 按原料植物蛋白（全部属于）
大豆蛋白肠：纯大豆蛋白制成，无其他杂料，口感细腻，适配日常零食、早餐
豌豆蛋白肠：以豌豆蛋白为核心，搭配少量淀粉调味，口感清爽
混合植物蛋白肠：大豆蛋白 + 豌豆蛋白混合，兼顾口感与营养
特色植物蛋白肠：添加魔芋、菌菇等，主打低脂、轻食属性
2. 按工艺 / 口味
乳化型：植物蛋白经乳化处理，质地紧实，无松散感（如纯大豆蛋白肠）
调味型：原味、香辣味、玉米味、烧烤味植物蛋白肠
即食型：开袋即食，无需额外加热；烹饪型：可煎、可涮、可凉拌
3. 按包装规格
单支独立装（20g-50g / 支，适配单人食用）
组合装（5-10 支 / 包，适配家庭、餐饮场景）
礼盒装（混合多种口味，适配送礼、批量采购）。","1.含动物肉成分的肠类（猪肉肠、牛肉肠、鱼肉肠等，含动物蛋白均排除）
2.非肠类植物蛋白制品（植物蛋白块、植物蛋白粉等，无灌肠形态）
3.低温 / 速冻植物蛋白制品（无高温杀菌工艺，需冷藏，不符合常温储存）
4.宠物用植物蛋白肠（非人类食用级，不符合食品安全标准）
5.仅含少量植物蛋白的肠类（核心原料非植物蛋白，辅料添加不算）",双汇,,,黑胡椒味,真空塑料肠衣单支,,,,,,,
,,,,,,,,,雨润,,,烧烤味,联排真空塑料肠衣,,,,,,,
,,,,,,,,,金锣,,,五香味,铝箔袋装,,,,,,,
,,,,,,,,,美好,,,麻辣味,其他,,,,,,,
,,,,,,,,,得利斯,,,蘑菇味,,,,,,,,
,,,,,,,,,,,,孜然味,,,,,,,,
,,,,,,,,,,,,蒜香味,,,,,,,,
,,,,,,,,,,,,其他,,,,,,,,
,,,,,,,,,,,,,,,,,,,,
,,,,,,,,,,,,,,,,,,,,
,,,,,,,,,,,,,,,,,,,,
,,,,,,,,,,,,,,,,,,,,
,,,,,,,,,,,,,,,,,,,,
,,,,,,,,,,,,,,,,,,,,
,,,,,,,,,,,,,,,,,,,,
,,,,,,,,,,,,,,,,,,,,
,,,,,,,,,,,,,,,,,,,,
,,,,,,,,,,,,,,,,,,,,
,,,,,,,,,,,,,,,,,,,,
,,,,,,,,,,,,,,,,,,,,
,,,,,,,,,,,,,,,,,,,,
,,,,,,,,,,,,,,,,,,,,
255.0,食品,方便速食,速食肠,其他速食肠,,"定义
以畜禽肉、内脏、血制品、水产等为主要原料，经绞碎、调味、乳化或斩拌后灌入肠衣，经熟制或半熟制加工，可快速即食、加热即食或简单烹煮食用的肠类制品；
在排除常温火腿肠、午餐肉、鱼糜肠、植物蛋白肠后，其余速食食用型肠类统一称为其他速食肠。","1. 特色肉肠：松花蛋肠、皮蛋肠、鸡肝肠、猪肝肠、猪血肠、鸭血肠
2. 地方风味速食肠：糯米肠、血糯米肠、杂粮肠、藕肠、笋肠
3. 其他混合型肠：含肉 + 蔬菜 / 菌菇的复合肠、芝士肠、玉米肠（非普通火腿肠）","1. 明确排除品类
常温火腿肠、午餐肉、鱼糜肠、植物蛋白肠
2. 非肠类肉制品
肉干、肉脯、肉松、卤味肉块、肉丸、肉卷、肉罐头
3. 完全生鲜非速食肠
生灌肠、生鲜腊肠、未熟制农家肠（需彻底煮熟不可直接速食）
4. 其他类别食品
豆制品、蛋制品、罐头、方便食品、休闲零食",双汇,,,麻辣,真空袋装,,,,,,,
,,,,,,,,,雨润,,,蒜蓉,铝箔袋装,,,,,,,
,,,,,,,,,金锣,,,牛肉,罐装,,,,,,,
,,,,,,,,,美好,,,鸡肉,,,,,,,,
,,,,,,,,,得利斯,,,蘑菇,,,,,,,,
,,,,,,,,,,,,香辣,,,,,,,,
,,,,,,,,,,,,孜然,,,,,,,,
,,,,,,,,,,,,蜜辣,,,,,,,,
,,,,,,,,,,,,其他,,,,,,,,
,,,,,,,,,,,,,,,,,,,,
,,,,,,,,,,,,,,,,,,,,
,,,,,,,,,,,,,,,,,,,,
,,,,,,,,,,,,,,,,,,,,
,,,,,,,,,,,,,,,,,,,,
,,,,,,,,,,,,,,,,,,,,
,,,,,,,,,,,,,,,,,,,,
,,,,,,,,,,,,,,,,,,,,
,,,,,,,,,,,,,,,,,,,,
,,,,,,,,,,,,,,,,,,,,
,,,,,,,,,,,,,,,,,,,,
,,,,,,,,,,,,,,,,,,,,
,,,,,,,,,,,,,,,,,,,,
256.0,食品,米面杂粮,米,米,A,"定义：作为主食食用的谷物籽粒，是稻谷经脱壳、碾磨等加工处理后得到的产品，主要提供碳水化合物，并含蛋白质及少量维生素和矿物质。其形态通常为白色或淡黄色的细小颗粒，含水量一般控制在14%以下。根据品种可分为籼米、粳米、糯米等，按加工精度又分为糙米、胚芽米和精白米。产品以散装或预包装形式销售，是日常饮食中米饭、粥等餐食的主要原料。

快速核查要点
1. 属于【米】
大米：籼米、粳米、糯米
糙米、胚芽米、留胚米
黑糯米、白糯米、长粒米、圆粒米
免淘洗米、抛光米、普通大米
2. 不属于【米】
小米、黄米、黑米（非糯米）、红米
薏米、藜麦米、荞麦米、燕麦米
玉米糁、西米、葛根米、魔芋米
米粉、米线、河粉、米糕、米饼等米制品
3. 快速判断一句话
只认：稻谷脱壳出来的米。
其他带 “米” 字的杂粮 / 加工品，一律不算。","1. 籼米、粳米、糯米（三大主类）
2. 糙米、留胚米（胚芽米）、蒸谷米、发芽糙米
3. 普通白米、抛光米、免淘米","1. 有色米：黑米、紫米、红米、绿米等
2. 其他谷物米：小米、黄米、高粱米、薏米、藜麦米、荞麦米、燕麦米
3. 非谷物 “米”：西米、椰米粒、玉米糁、葛根米、魔芋米
4. 米制品：米粉、米线、米糕、米饼、米浆、米面包",金龙鱼,粳米,,原味,袋装,,,,,,,
,,,,,,,,,福临门,籼米,,软糯,真空包装,,,,,,,
,,,,,,,,,五丰,糯米,,黏糯,编织袋,,,,,,,
,,,,,,,,,北大荒,糙米 / 胚芽米,,清香,罐装 / 盒装,,,,,,,
,,,,,,,,,葵花阳光,混合米 / 杂粮米,,其他,桶装 / 瓶装,,,,,,,
,,,,,,,,,,,,,礼盒装,,,,,,,
,,,,,,,,,,,,,,,,,,,,
,,,,,,,,,,,,,,,,,,,,
,,,,,,,,,,,,,,,,,,,,
,,,,,,,,,,,,,,,,,,,,
,,,,,,,,,,,,,,,,,,,,
,,,,,,,,,,,,,,,,,,,,
,,,,,,,,,,,,,,,,,,,,
,,,,,,,,,,,,,,,,,,,,
,,,,,,,,,,,,,,,,,,,,
,,,,,,,,,,,,,,,,,,,,
,,,,,,,,,,,,,,,,,,,,
,,,,,,,,,,,,,,,,,,,,
,,,,,,,,,,,,,,,,,,,,
,,,,,,,,,,,,,,,,,,,,
,,,,,,,,,,,,,,,,,,,,
,,,,,,,,,,,,,,,,,,,,
257.0,食品,米面杂粮,面粉,面粉,A,"定义：由小麦或其他谷物、豆类种子经清理、研磨、筛分后得到的粉状制品，主要成分为淀粉与蛋白质（含面筋），用于制作面包、馒头、面条、糕点等面制食品。产品按蛋白质含量分为高筋、中筋、低筋三类，颗粒细度通常通过80目以上筛网，水分含量≤14%。市场常见规格为1 kg、2.5 kg、5 kg、25 kg等塑料编织袋或纸袋包装，可直接用于家庭烘焙、餐饮加工或食品工业配料。

快速判断一句话
只认：小麦磨出来的粉 = 面粉
其他谷物 / 豆类 / 薯类磨的粉，都不算面粉。","1. 小麦粉（通用小麦粉、专用小麦粉）
2. 高筋面粉、中筋面粉、低筋面粉
3. 全麦粉、黑麦粉（小麦类）
4. 饺子粉、馒头粉、面包粉、蛋糕粉、油条粉
5. 自发粉、富强粉、特精粉、标准粉
烘焙用小麦粉、糕点用小麦粉","1. 玉米粉、玉米淀粉
2. 糯米粉、粘米粉
3. 红薯粉、土豆粉、木薯淀粉
4. 绿豆粉、黄豆粉、荞麦粉、莜面粉
5. 各种淀粉（生粉、澄面、勾芡粉）
6. 面粉制品：面条、挂面、方便面、馒头、包子、饼、面包、糕点",金龙鱼,高筋面粉,,原味,真空袋装,,,,,,,
,,,,,,,,,福临门,中筋面粉,,全麦风味,普通袋装,,,,,,,
,,,,,,,,,五得利,低筋面粉,,黑麦风味,盒装,,,,,,,
,,,,,,,,,金沙河,专用粉,,无添加,礼盒装,,,,,,,
,,,,,,,,,香雪,,,有机,,,,,,,,
,,,,,,,,,,,,富硒,,,,,,,,
,,,,,,,,,,,,其他,,,,,,,,
,,,,,,,,,,,,,,,,,,,,
,,,,,,,,,,,,,,,,,,,,
,,,,,,,,,,,,,,,,,,,,
,,,,,,,,,,,,,,,,,,,,
,,,,,,,,,,,,,,,,,,,,
,,,,,,,,,,,,,,,,,,,,
,,,,,,,,,,,,,,,,,,,,
,,,,,,,,,,,,,,,,,,,,
,,,,,,,,,,,,,,,,,,,,
,,,,,,,,,,,,,,,,,,,,
,,,,,,,,,,,,,,,,,,,,
,,,,,,,,,,,,,,,,,,,,
,,,,,,,,,,,,,,,,,,,,
,,,,,,,,,,,,,,,,,,,,
,,,,,,,,,,,,,,,,,,,,
258.0,食品,米面杂粮,糯米粉,糯米粉,B,"定义
以糯米为主要原料，经浸泡、磨浆、脱水、干燥、粉碎等工艺制成的粉状粮食制品，主要用于制作汤圆、年糕、麻薯、糍粑等软糯类食品，粉质细腻，吸水性强，口感黏糯，常温干燥储存。
快速区分要点
原料：以糯米为核心原料，无其他谷物为主料，符合粮食安全标准；
工艺：经浸泡、磨浆、脱水、干燥、粉碎制成，无发酵、熟制工序；
形态：白色或乳白色粉末，细腻均匀，无结块、无杂质、无霉变异味；
标准：符合粮食加工品相关安全标准，无违规添加。
一句话速记
以糯米为原料加工制成的细腻粉状食材，即为糯米粉。","1. 按原料/纯度（全部属于）​
纯糯米粉：100%糯米研磨制成，无其他谷物添加，质地细腻洁白​
混合糯米粉：糯米为主，搭配少量大米/小米/玉米粉混合研磨（不改变糯米核心属性）​
精制糯米粉：经精细研磨、筛选去杂，粉质更细腻，无结块杂质​
专用糯米粉：汤圆专用糯米粉、麻薯专用糯米粉、年糕专用糯米粉​
2. 按工艺 / 形态​
干磨糯米粉：糯米直接干燥研磨，常温储存，不易结块，适配各类糕点​
水磨糯米粉：糯米经浸泡后研磨、脱水干燥，口感更软糯，吸水性更强（主打汤圆、年糕）​
细磨糯米粉：研磨细腻，无粗颗粒，适配甜品、小糕点​
粗磨糯米粉：研磨稍粗，有细微颗粒感，适配年糕、糍粑等块状制品​
3. 按包装 / 规格（均属）​
单袋独立装（100g–500g，适配家庭、个人少量使用）​
多袋组合装（2–5袋/包，适配家庭长期储备、小型烘焙）​
大包装 / 餐饮装（1kg以上，适配餐厅、食堂、烘焙店批量使用）​
礼盒装（搭配其他粉类/食材，用于送礼、节日采购）","1. 工艺 / 储存不符（核心排除）
- 熟制糯米制品：经蒸煮、成型的成品（如汤圆、年糕、麻薯），非粉末原料
- 生鲜糯米：未研磨的糯米颗粒，无粉末形态，需进一步加工
- 湿糯米糊/面团：未干燥成型，为糊状/面团状，非常温储存的粉末
- 膨化糯米制品：经膨化工艺制成（如糯米脆、糯米球），非粉末形态

2. 品类边界不符
- 非糯米类粉：大米粉、小米粉、面粉、玉米粉，原料非糯米，口感用途不同
- 淀粉类制品：玉米淀粉、土豆淀粉、绿豆淀粉，纯淀粉无糯米本味
- 糯米加工成品：糯米糕、糯米卷、糯米糍，已成型，非原料粉类
- 杂粮混合粉：以杂粮为主，糯米仅为辅料（糯米含量低于50%）
- 糯米蛋白粉：以糯米蛋白为核心，非完整糯米研磨，用途为补充蛋白

3. 其他易混淆品类
- 宠物用糯米粉：非人类食用级，不符合人类食品安全标准
- 工业用糯米粉：用于工业加工（如粘合剂），非食用级，含有害添加
- 散装未研磨糯米：未经过研磨，为糯米颗粒，非粉末状
-调味糯米粉：添加大量香精、色素，核心属性为调味粉，非纯糯米粉",金龙鱼,,,原味糯米粉,,,,,,,,
,,,,,,,,,新良,,,南瓜味糯米粉,,,,,,,,
,,,,,,,,,展艺,,,紫薯味糯米粉,,,,,,,,
,,,,,,,,,百钻（Bakerdream）,,,菠菜味糯米粉,,,,,,,,
,,,,,,,,,舒可曼（SUGARMAN）,,,艾草味糯米粉,,,,,,,,
,,,,,,,,,雪枣,,,红糖味糯米粉,,,,,,,,
,,,,,,,,,白鲨牌,,,抹茶味糯米粉,,,,,,,,
,,,,,,,,,三象牌（泰国）,,,可可味糯米粉,,,,,,,,
,,,,,,,,,水妈妈（泰国）,,,草莓味糯米粉,,,,,,,,
,,,,,,,,,,,,玉米味糯米粉,,,,,,,,
,,,,,,,,,,,,黑芝麻味糯米粉,,,,,,,,
,,,,,,,,,,,,红枣味糯米粉,,,,,,,,
,,,,,,,,,,,,其他,,,,,,,,
,,,,,,,,,,,,,,,,,,,,
,,,,,,,,,,,,,,,,,,,,
,,,,,,,,,,,,,,,,,,,,
,,,,,,,,,,,,,,,,,,,,
,,,,,,,,,,,,,,,,,,,,
,,,,,,,,,,,,,,,,,,,,
,,,,,,,,,,,,,,,,,,,,
,,,,,,,,,,,,,,,,,,,,
,,,,,,,,,,,,,,,,,,,,
259.0,食品,米面杂粮,中式粉面,米制粉类,B,"定义
以大米、糯米、籼米等各类稻米为单一或主要原料，经浸泡、磨浆、干燥、粉碎等工艺制成的粉状粮食制品，粉质细腻，多用于制作糕点、肠粉、年糕、汤圆、米糕等食品，常温干燥密封储存。
快速区分要点
原料：以稻米（大米 / 糯米 / 籼米等）为核心，无其他粮食为主料；
工艺：经粉碎或水磨干燥制成，为生粉类，非熟制粉；
形态：白色或乳白色粉末，细腻无结块、无霉变、无异味；
标准：符合粮食及粮食加工品安全标准。
一句话速记
以各类稻米为原料加工制成的粉状食材，即为米制粉类。","1. 按原料稻米（全部属于）
- 糯米粉：以糯米为原料，分干磨、水磨，适配汤圆、年糕（含纯糯米粉、混合糯米粉）
- 粘米粉（大米粉）：以普通大米为原料，质地细腻，适配肠粉、米糕、发糕
- 籼米粉：以籼米为原料，粉质偏粗，适配河粉、米粉皮、米饼
- 粳米粉：以粳米为原料，口感软糯，适配米糕、糯米糍、中式糕点
- 专用米制粉：肠粉专用粉、汤圆专用粉、麻薯专用粉、年糕专用粉

2. 按工艺 / 形态
- 干磨米制粉：各类稻米直接干燥研磨，常温储存，不易结块，适配各类糕点
- 水磨米制粉：稻米经浸泡后研磨、脱水干燥，口感更细腻软糯，吸水性强
- 细磨米制粉：研磨精细，无粗颗粒，适配甜品、小糕点、肠粉
- 粗磨米制粉：研磨稍粗，有细微颗粒感，适配年糕、糍粑、米饼

3. 按包装 / 规格（均属）
- 单袋独立装（100g–500g，适配家庭、个人少量使用）
- 多袋组合装（2–5袋/包，适配家庭长期储备、小型烘焙、家用）
- 大包装 / 餐饮装（1kg以上，适配餐厅、食堂、烘焙店、肠粉店批量使用）

- 礼盒装（搭配多种米制粉/米制品，用于送礼、节日采购）","1. 工艺 / 储存不符（核心排除）
- 熟制米制品：经蒸煮、成型的成品（如汤圆、年糕、米线、河粉），非粉末原料
- 生鲜稻米：未研磨的大米、糯米、籼米颗粒，无粉末形态，需进一步加工
- 湿米糊/米面团：未干燥成型，为糊状/面团状，非常温储存的粉末
- 膨化米制品：经膨化工艺制成（如米脆、米球），非粉末形态，工艺不符

2. 品类边界不符
- 非稻米类粉：小麦粉、玉米粉、荞麦粉、燕麦粉，原料非稻米，口感用途不同
- 淀粉类制品：玉米淀粉、土豆淀粉、绿豆淀粉，纯淀粉无稻米本味，用途不同
- 米制成型制品：米线、河粉、米粉条、米糕，已成型，非原料粉类
- 杂粮混合粉：以杂粮为主，稻米仅为辅料（稻米含量低于50%），非米制粉类核心
- 稻米蛋白粉：以稻米蛋白为核心，非完整稻米研磨，用途为补充蛋白，非食用粉

3. 其他易混淆品类
- 宠物用米制粉：非人类食用级，不符合人类食品安全标准
- 工业用米制粉：用于工业加工（如粘合剂、饲料添加），非食用级，含有害添加
- 散装未研磨稻米：未经过研磨，为稻米颗粒，非粉末状，非米制粉类
- 调味米制粉：添加大量香精、色素、调味剂，核心属性为调味粉，非纯米制粉",金龙鱼,,,麦香,真空袋装,,,,,,,
,,,,,,,,,福临门,,,咸香,散装,,,,,,,
,,,,,,,,,五丰,,,麦香,盒装,,,,,,,
,,,,,,,,,北大荒,,,碱香,礼盒装,,,,,,,
,,,,,,,,,葵花阳光,,,酸辣,冷藏鲜湿装,,,,,,,
,,,,,,,,,,,,香辣,其他,,,,,,,
,,,,,,,,,,,,麻辣,,,,,,,,
,,,,,,,,,,,,酱香,,,,,,,,
,,,,,,,,,,,,其他,,,,,,,,
,,,,,,,,,,,,,,,,,,,,
,,,,,,,,,,,,,,,,,,,,
,,,,,,,,,,,,,,,,,,,,
,,,,,,,,,,,,,,,,,,,,
,,,,,,,,,,,,,,,,,,,,
,,,,,,,,,,,,,,,,,,,,
,,,,,,,,,,,,,,,,,,,,
,,,,,,,,,,,,,,,,,,,,
,,,,,,,,,,,,,,,,,,,,
,,,,,,,,,,,,,,,,,,,,
,,,,,,,,,,,,,,,,,,,,
,,,,,,,,,,,,,,,,,,,,
,,,,,,,,,,,,,,,,,,,,
260.0,食品,米面杂粮,中式粉面,小麦面类（干制）,S,"定义：以小麦粉、水、盐（或碱水）为主要原料，经和面、压延、切条、干燥脱水制成的含水量≤14%的固态面条，呈直条或卷曲状，色泽淡黄，常温下可长期保存，食用前需放入沸水中煮至软熟。常见包装为塑封挂面、纸筒装拉面或捆扎筒面，市场品类包括鸡蛋挂面、碱水面、刀削面干制品等。

快速核查一句话
只有：小麦粉做的、干的、生的、非油炸面条，才算小麦面类（干制）。","1. 干挂面
2. 干面条
3. 干宽面、干细面、干圆面
4. 干龙须面、鸡蛋面（干制）
5. 干刀削面（干制）
6. 干烩面、干拉面
7. 干荞麦面（小麦 + 荞麦，主体小麦）
8. 干手擀面、干碱水面
9. 干蝴蝶面、干贝壳面等干制造型面","1. 方便面、干脆面（油炸 / 热风干燥，属速食面，不归干制小麦面）
2. 湿面、鲜面、半干面
3. 米粉、河粉、米线、粉丝
4. 红薯粉、土豆粉、木薯粉、绿豆粉
5. 挂面 / 面条的调料包
6. 面粉、饺子皮、馄饨皮、面片（属于原料 / 生鲜）
7. 面包、饼干、糕点（属于烘焙）",陈克明,挂面,,原味,袋装,,,,,,,
,,,,,,,,,金沙河,龙须面 / 细面,,鸡蛋香,束状捆装,,,,,,,
,,,,,,,,,香雪,宽面 / 刀削面（干制）,,碱香,罐装 / 盒装,,,,,,,
,,,,,,,,,五得利,手擀面 / 碱水面（干制）,,清淡杂粮香,独立小包装,,,,,,,
,,,,,,,,,今麦郎,杂粮干面,,其他,量贩大包 / 整箱,,,,,,,
,,,,,,,,,,,,,礼盒装,,,,,,,
,,,,,,,,,,,,,组合装,,,,,,,
,,,,,,,,,,,,,,,,,,,,
,,,,,,,,,,,,,,,,,,,,
,,,,,,,,,,,,,,,,,,,,
,,,,,,,,,,,,,,,,,,,,
,,,,,,,,,,,,,,,,,,,,
,,,,,,,,,,,,,,,,,,,,
,,,,,,,,,,,,,,,,,,,,
,,,,,,,,,,,,,,,,,,,,
,,,,,,,,,,,,,,,,,,,,
,,,,,,,,,,,,,,,,,,,,
,,,,,,,,,,,,,,,,,,,,
,,,,,,,,,,,,,,,,,,,,
,,,,,,,,,,,,,,,,,,,,
,,,,,,,,,,,,,,,,,,,,
,,,,,,,,,,,,,,,,,,,,
261.0,食品,米面杂粮,中式粉面,小麦面类（非干制）,C,"定义
以小麦粉为主要原料，经和面、压延、切条制成，未经干燥脱水的新鲜面制品，含水量较高，需冷藏或常温短期保存，口感柔软筋道，多为现做现煮或短保售卖。
快速区分要点
原料：以小麦粉为核心，不含其他谷物为主料；
工艺：未经烘干、晒干等干制工序，保持湿润状态；
形态：湿软条状 / 片状，有韧性，不酥脆、不干脆；
储存：需冷藏或短期常温存放，不可长期常温存放。
一句话速记
小麦粉制成、未经干制、保持湿润状态的鲜面条，即为小麦面类（非干制）。","1. 按形态
- 鲜切面：小麦粉制成，未经干制，湿软状态，可直接煮食（如宽鲜面、细鲜面）
- 手擀面：手工擀制，湿软有韧性，无干制工艺，现做现煮
- 生鲜碱水面：小麦粉加碱制成，湿态常温短期存放（非干制），可直接煮食
- 半干鲜面：小麦粉制成，微干燥（非完全干制），常温短期存放，煮制即食

2. 按口味
- 原味鲜面、蒜香鲜面、香辣鲜面、碱香鲜面

3. 典型产品
- 生鲜宽面、手工细切面、碱水鲜面、半干鲜面","1. 干制面类（核心排除）
- 干制挂面、干制拉面、干制意面，经干燥脱水工艺，非湿态鲜面
- 方便面饼、干拌面，干制成型，需冲泡/煮制，非鲜湿态

2. 非小麦面类
- 米粉、米线、河粉（米制）、淀粉粉条（非小麦原料）
- 杂粮面、荞麦面、玉米面（非小麦为主要原料）

3. 面制品成品/半成品
- 速冻饺子皮、馄饨皮（需冷冻储存，非鲜湿态即食面）
- 面疙瘩、面团（未成型为面条，需进一步加工）

4. 其他易混淆品类
- 小麦粉（原料，未成型为面条，非面制品）
- 挂面、干制面类罐头（经干制工艺，不符合非干制要求）",金龙鱼,,,咸香,食品级塑料袋装,,,,,,,
,,,,,,,,,福临门,,,麦香,塑料盒装,,,,,,,
,,,,,,,,,五丰,,,碱香,袋装,,,,,,,
,,,,,,,,,陈克明,,,酸辣,,,,,,,,
,,,,,,,,,金沙河,,,香辣,,,,,,,,
,,,,,,,,,,,,麻辣,,,,,,,,
,,,,,,,,,,,,酱香,,,,,,,,
,,,,,,,,,,,,其他,,,,,,,,
,,,,,,,,,,,,,,,,,,,,
,,,,,,,,,,,,,,,,,,,,
,,,,,,,,,,,,,,,,,,,,
,,,,,,,,,,,,,,,,,,,,
,,,,,,,,,,,,,,,,,,,,
,,,,,,,,,,,,,,,,,,,,
,,,,,,,,,,,,,,,,,,,,
,,,,,,,,,,,,,,,,,,,,
,,,,,,,,,,,,,,,,,,,,
,,,,,,,,,,,,,,,,,,,,
,,,,,,,,,,,,,,,,,,,,
,,,,,,,,,,,,,,,,,,,,
,,,,,,,,,,,,,,,,,,,,
,,,,,,,,,,,,,,,,,,,,
262.0,食品,米面杂粮,中式粉面,淀粉制粉条类,C,"定义
以红薯、马铃薯、绿豆、豌豆等淀粉为主要原料，经调浆、漏丝、蒸煮、冷却、定型制成的条状制品，口感爽滑筋道，可干制或半干保存，多用于火锅、炖菜、凉拌等。
快速区分要点
原料：以各类淀粉为核心，不含小麦粉、米粉为主料；
工艺：经漏丝成型、熟化定型，呈条状；
形态：细条 / 扁条状，质地透亮或半透亮，韧性强；
标准：符合淀粉及淀粉制品安全标准。
一句话速记
以淀粉为原料加工制成的条状食品，即为淀粉制粉条类。","1. 按原料分类（全部属于）
红薯淀粉粉条：以红薯淀粉为原料，口感软糯有韧性，适配炖菜、火锅，是最常见品类
土豆淀粉粉条：以土豆淀粉为原料，耐煮不易断，适合长时间炖煮、凉拌
绿豆淀粉粉条：以绿豆淀粉为原料，质地细腻，适配凉拌、甜品搭配
混合淀粉粉条：以两种及以上淀粉（如红薯 + 土豆淀粉）为原料，兼顾口感与韧性
2. 按工艺 / 形态分类
干制淀粉粉条：经干燥处理，常温储存，耐煮耐泡，适配批量餐饮、家庭使用
半干制淀粉粉条：轻度干燥，口感更软糯，适合即时烹饪、短期存放
专用淀粉粉条：火锅专用宽粉、凉拌专用细粉、餐饮批量用粗粉
3. 按包装 / 规格（均属）
单袋独立装（200g-500g）：适配家庭、小批量使用
餐饮装（1kg 以上）：适配餐厅、食堂等批量使用
组合装：多口味 / 多规格粉条组合，满足不同烹饪需求","1.小麦挂面、鲜面、方便面等小麦面制品；
2.米粉、米线、河粉等米制品；
3.年糕、糍粑、芋圆等非条状淀粉制品；
4.纯淀粉原料（生粉、淀粉），非成型粉条。",金龙鱼,,,牛肉味,塑料袋,,,,,,,
,,,,,,,,,福临门,,,鸡肉味,真空密封袋,,,,,,,
,,,,,,,,,五丰,,,海鲜味,,,,,,,,
,,,,,,,,,陈克明,,,蔬菜味,,,,,,,,
,,,,,,,,,金沙河,,,香辣味,,,,,,,,
,,,,,,,,,,,,酸辣味,,,,,,,,
,,,,,,,,,,,,麻辣味,,,,,,,,
,,,,,,,,,,,,酸菜味,,,,,,,,
,,,,,,,,,,,,其他,,,,,,,,
,,,,,,,,,,,,,,,,,,,,
,,,,,,,,,,,,,,,,,,,,
,,,,,,,,,,,,,,,,,,,,
,,,,,,,,,,,,,,,,,,,,
,,,,,,,,,,,,,,,,,,,,
,,,,,,,,,,,,,,,,,,,,
,,,,,,,,,,,,,,,,,,,,
,,,,,,,,,,,,,,,,,,,,
,,,,,,,,,,,,,,,,,,,,
,,,,,,,,,,,,,,,,,,,,
,,,,,,,,,,,,,,,,,,,,
,,,,,,,,,,,,,,,,,,,,
,,,,,,,,,,,,,,,,,,,,
263.0,食品,米面杂粮,中式粉面,其他中式粉面,,"定义
除米制、小麦制、淀粉制及前述三类复合产品以外的中式传统粉面制品，原料可含荞麦、玉米、燕麦、魔芋或混合杂粮，形态涵盖干制、半干制或即食湿制，需经煮、泡或微波加热后食用。包装形式包括真空袋、碗装、杯装或速冻盒装，典型产品如荞麦冷面、玉米饸饹、魔芋丝、即食拌面等，用于简餐、代餐或地方特色风味场景。

核心定义
以杂粮、豆类、薯类、果蔬、菌菇等为主要原料，经加工制成的条状、丝状、片状中式主食类制品，用于煮、拌、炒、烫等食用；
在排除米制粉类、小麦面类（干制）、小麦面类（非干制）、淀粉制粉条类后，其余中式粉面统称为其他中式粉面。",,"1. 明确排除品类
米制粉类、小麦面类（干制）、小麦面类（非干制）、淀粉制粉条类
2. 非主食类粉制品
淀粉、生粉、芡粉、豆粉、豆浆粉、藕粉、芝麻糊、代餐粉等冲调粉
3. 粉丝粉条类（纯淀粉）
红薯粉条、土豆粉条、粉丝、宽粉、川粉等
4. 方便速食类成品
方便面、方便米线、螺蛳粉、酸辣粉、自热粉面等调味速食产品
5. 非中式粉面
意大利面、日式乌冬、韩式冷面等西式 / 日式粉面制品",金龙鱼,,,香辣味,真空袋,,,,,,,
,,,,,,,,,福临门,,,麻辣味,碗装,,,,,,,
,,,,,,,,,五丰,,,酸辣味,杯装,,,,,,,
,,,,,,,,,陈克明,,,酸菜味,速冻盒装,,,,,,,
,,,,,,,,,金沙河,,,牛肉味,其他,,,,,,,
,,,,,,,,,,,,鸡肉味,,,,,,,,
,,,,,,,,,,,,葱香味,,,,,,,,
,,,,,,,,,,,,麻酱味,,,,,,,,
,,,,,,,,,,,,菌菇味,,,,,,,,
,,,,,,,,,,,,海鲜味,,,,,,,,
,,,,,,,,,,,,番茄味,,,,,,,,
,,,,,,,,,,,,卤香味,,,,,,,,
,,,,,,,,,,,,其他,,,,,,,,
,,,,,,,,,,,,,,,,,,,,
,,,,,,,,,,,,,,,,,,,,
,,,,,,,,,,,,,,,,,,,,
,,,,,,,,,,,,,,,,,,,,
,,,,,,,,,,,,,,,,,,,,
,,,,,,,,,,,,,,,,,,,,
,,,,,,,,,,,,,,,,,,,,
,,,,,,,,,,,,,,,,,,,,
,,,,,,,,,,,,,,,,,,,,
264.0,食品,米面杂粮,西式粉面,意面,B,"定义
以硬质小麦粉（杜兰小麦粉）为主要原料，经和面、挤压成型、干燥制成的硬质面条，口感筋道耐煮，多为干制长条形或造型面，需水煮后搭配酱料食用。
快速区分要点
原料：以硬质小麦粉为核心，非普通软质小麦粉；
工艺：挤压成型、高温干燥，质地偏硬；
形态：直条、螺旋、贝壳、通心等造型，干制紧实；
储存：常温长期存放，无需冷藏。
一句话速记
以硬质小麦粉制成、干制硬质的西式造型面条，即为意面。","1. 按原料分类（全部属于）
纯小麦粉意面：以纯小麦粉 / 硬质小麦粉为原料，口感筋道，适配煎、煮、凉拌，是最常见的意面类型；
杂粮意面：添加燕麦、荞麦等杂粮成分，兼顾营养与口感，适配健康饮食需求；
专用意面：儿童专用意面（细条、易咀嚼）、餐饮装意面（大包装，适配批量食用）。
2. 按工艺 / 形态分类
干制意面：经干燥处理，耐煮、易储存，可长期存放，适配家庭及餐饮场景；
半干制意面：口感更软糯，无需长时间浸泡，适合快速烹饪；
调味意面：添加天然香料、蔬菜碎等，直接可烹饪，节省时间。
3. 按包装 / 规格分类
独立小包装：适配家庭日常食用，单份独立包装，方便储存；
大包装：适配餐饮、食堂等批量使用，可长期储备；
组合包装：搭配多种口味意面，满足不同食用需求。","1. 工艺不符类
未经过干燥处理的湿面：无干燥工艺，无法常温储存，不属于标准意面；
纯淀粉制作的条状制品：无小麦 / 硬质小麦成分，仅为淀粉成型，与意面核心属性不符；
手工现做面：未经过干燥、压延工艺，属于现做现吃，不具备意面的储存特性。
2. 品类不符类
普通面条：原料为普通小麦粉，无硬质小麦成分，口感与意面差异大；
速食面 / 泡面：属于方便食品，添加防腐剂，无意面的筋道口感，工艺不同；
宠物专用意面：非人类食用级，添加成分不符合人类食用标准。",金龙鱼,,...,原味,袋装,,,,,,,
,,,,,,,,,福临门,,,番茄味,盒装,,,,,,,
,,,,,,,,,五丰,,,菠菜味,,,,,,,,
,,,,,,,,,陈克明,,,墨鱼汁味,,,,,,,,
,,,,,,,,,金沙河,,,全麦味,,,,,,,,
,,,,,,,,,,,,其他,,,,,,,,
,,,,,,,,,,,,,,,,,,,,
,,,,,,,,,,,,,,,,,,,,
,,,,,,,,,,,,,,,,,,,,
,,,,,,,,,,,,,,,,,,,,
,,,,,,,,,,,,,,,,,,,,
,,,,,,,,,,,,,,,,,,,,
,,,,,,,,,,,,,,,,,,,,
,,,,,,,,,,,,,,,,,,,,
,,,,,,,,,,,,,,,,,,,,
,,,,,,,,,,,,,,,,,,,,
,,,,,,,,,,,,,,,,,,,,
,,,,,,,,,,,,,,,,,,,,
,,,,,,,,,,,,,,,,,,,,
,,,,,,,,,,,,,,,,,,,,
,,,,,,,,,,,,,,,,,,,,
,,,,,,,,,,,,,,,,,,,,
265.0,食品,米面杂粮,西式粉面,其他西式粉面,,"定义
除干意面与填馅意面外，以小麦、荞麦、玉米、大米或其他谷物粉为主料，经挤压、压延或烘焙制成的西式面条、面片及颗粒制品，形态包括通心粉、螺旋粉、蝴蝶粉、宽面片、米粒面等，可为干燥、冷藏或即食形式。产品密封包装，常温或冷藏保存，食用方法以煮制、焗烤或微波加热为主，常见规格为250 g–1 kg袋装或盒装。

核心定义
以小麦粉等谷物为主要原料，按欧美饮食体系工艺生产的条状、丝状、块状主食类粉面制品，区别于中式粉面与意大利面，用于煮制、焗烤、沙拉、汤面等西式吃法，统称为其他西式粉面。","1. 日式西式融合粉面
乌冬面、荞麦面（日式标准款）、日式拉面生干制品、日式素面、冷麦面
2. 韩式西式粉面
韩式冷面、韩式温面、韩式红薯粉面、韩式杂菜粉丝
3. 其他欧洲特色粉面
通心粉以外的各类意式面形（管面、贝壳面、螺旋面、蝴蝶面、笔尖面等）
德国鸡蛋面、西班牙细面、法式细面、欧洲宽面、蛋面
4. 西式鸡蛋面 & 速食面胚
西式干制鸡蛋面、欧式细挂面、用于西餐的各类非意面造型面
5. 西式快熟 / 即食粉面
杯装西式汤面、西式拌面胚、西餐用细粉、粉丝类西式主食","1. 明确排除项
意面（意大利直面、传统意式长面条）
2. 中式粉面类
挂面、拉面、米粉、米线、河粉、粉丝、粉条、凉皮、杂粮面等
3. 非粉面主食
面包、披萨饼胚、米饭、土豆、意式饺、意式馄饨、焗饭原料
4. 调味酱料、配料
意面酱、奶油酱、芝士粉、香料、橄榄油等
5. 方便食品类
方便面、螺蛳粉、酸辣粉、自热粉面等速食成品",金龙鱼,,,原味,袋装,,,,,,,
,,,,,,,,,福临门,,,番茄味,盒装,,,,,,,
,,,,,,,,,五得利,,,奶油味,,,,,,,,
,,,,,,,,,金沙河,,,芝士味,,,,,,,,
,,,,,,,,,香雪,,,香草味,,,,,,,,
,,,,,,,,,,,,海鲜味,,,,,,,,
,,,,,,,,,,,,蘑菇味,,,,,,,,
,,,,,,,,,,,,菠菜味,,,,,,,,
,,,,,,,,,,,,南瓜味,,,,,,,,
,,,,,,,,,,,,黑椒味,,,,,,,,
,,,,,,,,,,,,辣味,,,,,,,,
,,,,,,,,,,,,蒜香味,,,,,,,,
,,,,,,,,,,,,其他,,,,,,,,
,,,,,,,,,,,,,,,,,,,,
,,,,,,,,,,,,,,,,,,,,
,,,,,,,,,,,,,,,,,,,,
,,,,,,,,,,,,,,,,,,,,
,,,,,,,,,,,,,,,,,,,,
,,,,,,,,,,,,,,,,,,,,
,,,,,,,,,,,,,,,,,,,,
,,,,,,,,,,,,,,,,,,,,
,,,,,,,,,,,,,,,,,,,,
266.0,食品,米面杂粮,烘焙原料,烘焙粉,C,"以小麦粉 / 谷物粉 / 淀粉为基底，或由膨松、发酵、复配功能成分组成，经配料、混合、包装制成，专用于蛋糕、面包、饼干、馒头等烘焙 / 面制品的粉末状原料，统称烘焙粉。

核心判定条件（缺一不可）
用途属性：专为烘焙、面点制作设计，非普通调味粉 / 原料粉
形态：干燥粉末状
功能：具备成型、膨松、发酵、简化制作作用
标签：标注烘焙粉 / 预拌粉 / 泡打粉 / 酵母粉，明确用途

一句话速记
烘焙用、粉末状、标烘焙 / 预拌 / 泡打 / 酵母粉，满足即为烘焙粉；
非烘焙用、单一原料（面粉 / 淀粉 / 糖）、非粉末，不属于。","烘焙预拌粉：蛋糕预拌粉、面包预拌粉、饼干预拌粉、麻薯预拌粉
泡打粉：无铝泡打粉、含铝泡打粉、快速泡打粉
酵母粉：高活性干酵母、耐高糖酵母、鲜酵母（粉末型）","普通小麦粉（GB 1355）：无配方预混，非专用烘焙粉
单一添加剂：纯小苏打、纯淀粉、纯糖粉（无烘焙复合功能）
调味粉 / 汤粉 / 奶茶粉：非烘焙面点用途
非粉末：膏状、液体发酵 / 膨松产品",金龙鱼,,全麦,原味,袋装,,,,,,,
,,,,,,,,,福临门,,低筋,牛奶味,罐装,,,,,,,
,,,,,,,,,五得利,,高筋,巧克力味,盒装,,,,,,,
,,,,,,,,,金沙河,,无麸质,抹茶味,,,,,,,,
,,,,,,,,,香雪,,预发酵,香草味,,,,,,,,
,,,,,,,,,,,其他,芝士味,,,,,,,,
,,,,,,,,,,,,草莓味,,,,,,,,
,,,,,,,,,,,,柠檬味,,,,,,,,
,,,,,,,,,,,,其他,,,,,,,,
,,,,,,,,,,,,,,,,,,,,
,,,,,,,,,,,,,,,,,,,,
,,,,,,,,,,,,,,,,,,,,
,,,,,,,,,,,,,,,,,,,,
,,,,,,,,,,,,,,,,,,,,
,,,,,,,,,,,,,,,,,,,,
,,,,,,,,,,,,,,,,,,,,
,,,,,,,,,,,,,,,,,,,,
,,,,,,,,,,,,,,,,,,,,
,,,,,,,,,,,,,,,,,,,,
,,,,,,,,,,,,,,,,,,,,
,,,,,,,,,,,,,,,,,,,,
,,,,,,,,,,,,,,,,,,,,
267.0,食品,米面杂粮,烘焙原料,烘焙馅料,C,"定义
以糖、油脂、乳制品、果蔬制品、坚果籽类、肉禽制品、谷物豆类、食用香精香料、食品添加剂等一种或多种为原料，经调配、炒制、熬煮、乳化、腌制或熟制等工艺加工制成，用于烘焙食品内部包裹、表面装饰、夹层或夹馅的半固态、固态或膏状物料，统称为烘焙馅料。通常以真空袋、马口铁罐或塑料桶包装，净含量从100 g到5 kg不等，开袋即可使用或稍作打发后挤注成型，部分馅料需加热处理后使用。
核心判定条件 
用途：专供面包、蛋糕、糕点、月饼、酥点、饼干等烘焙食品使用
形态：呈膏状、酱状、粒状、块状、泥状或半固态，非单纯粉料 / 液体
功能：起填充、夹心、包覆、装饰、增味、改善口感作用
工艺：经调配、熟制或乳化等加工，非单一原料直接使用
标签：明确标注烘焙馅料 / 夹馅 / 夹心酱 / 装饰馅等，标注适用烘焙品类
一句话速记
烘焙专用、用于夹馅 / 包覆 / 装饰、经加工制成膏 / 泥 / 半固态，同时满足即为烘焙馅料。","果馅类：草莓馅、蓝莓馅、菠萝馅、苹果馅、蔓越莓馅、冬瓜蓉、凤梨馅
果仁杂粮类：核桃馅、花生馅、芝麻馅、五仁馅、红豆沙、绿豆沙、紫薯馅、南瓜馅
乳脂蛋奶类：奶油馅、卡仕达馅、奶酪馅、蛋黄馅、炼乳馅
肉禽咸馅类：肉松馅、火腿馅、牛肉馅、鸡肉馅、咸蛋黄馅
巧克力及风味类：巧克力馅、抹茶馅、椰蓉馅、莲蓉馅、板栗馅","普通佐餐酱料：豆瓣酱、沙拉酱、果酱（餐桌用）、辣酱，非烘焙专用
单一原料：单纯葡萄干、核桃仁、椰蓉、糖、黄油，未加工成馅
烘焙表面装饰粉：糖粉、椰蓉粉、可可粉，无填充夹馅功能
饮料 / 甜品用酱：奶茶珍珠酱、冰淇淋酱，未按烘焙馅料工艺与标准生产",安琪,,,原味,真空袋装,,,,,,,
,,,,,,,,,展艺,,,草莓味,马口铁罐装,,,,,,,
,,,,,,,,,太古,,,巧克力味,塑料桶装,,,,,,,
,,,,,,,,,好时,,,牛奶味,自立袋装,,,,,,,
,,,,,,,,,可可百利,,,香草味,软管装,,,,,,,
,,,,,,,,,,,,抹茶味,其他,,,,,,,
,,,,,,,,,,,,红豆味,,,,,,,,
,,,,,,,,,,,,芒果味,,,,,,,,
,,,,,,,,,,,,蓝莓味,,,,,,,,
,,,,,,,,,,,,柠檬味,,,,,,,,
,,,,,,,,,,,,榴莲味,,,,,,,,
,,,,,,,,,,,,咖啡味,,,,,,,,
,,,,,,,,,,,,芝士味,,,,,,,,
,,,,,,,,,,,,焦糖味,,,,,,,,
,,,,,,,,,,,,其他,,,,,,,,
,,,,,,,,,,,,,,,,,,,,
,,,,,,,,,,,,,,,,,,,,
,,,,,,,,,,,,,,,,,,,,
,,,,,,,,,,,,,,,,,,,,
,,,,,,,,,,,,,,,,,,,,
,,,,,,,,,,,,,,,,,,,,
,,,,,,,,,,,,,,,,,,,,
268.0,食品,米面杂粮,烘焙原料,其他烘焙原料,,"定义
除烘焙粉与烘焙馅料外，用于烘焙配方中起增香、增色、增稠、稳定或装饰作用的辅助性原料集合；涵盖吉利丁片、香草荚、食用色素、糖粉、坚果碎、巧克力豆、转化糖浆、镜面果胶等，形态有片状、颗粒、粉末、液体或块状，包装规格从几十克的小袋到工业级大桶均有供应，需按配方精确称量后与其他原料配合使用。

核心属性
用于烘焙加工过程，非直接食用成品
多为基础结构原料、风味原料、功能助剂
不属于专用烘焙粉类和预制成型馅料",,,安琪,,,原味,袋装,,,,,,,
,,,,,,,,,展艺,,,巧克力味,瓶装,,,,,,,
,,,,,,,,,太古,,,香草味,盒装,,,,,,,
,,,,,,,,,好时,,,抹茶味,罐装,,,,,,,
,,,,,,,,,可可百利,,,草莓味,桶装,,,,,,,
,,,,,,,,,,,,柠檬味,,,,,,,,
,,,,,,,,,,,,焦糖味,,,,,,,,
,,,,,,,,,,,,椰香味,,,,,,,,
,,,,,,,,,,,,榛子味,,,,,,,,
,,,,,,,,,,,,杏仁味,,,,,,,,
,,,,,,,,,,,,其他,,,,,,,,
,,,,,,,,,,,,,,,,,,,,
,,,,,,,,,,,,,,,,,,,,
,,,,,,,,,,,,,,,,,,,,
,,,,,,,,,,,,,,,,,,,,
,,,,,,,,,,,,,,,,,,,,
,,,,,,,,,,,,,,,,,,,,
,,,,,,,,,,,,,,,,,,,,
,,,,,,,,,,,,,,,,,,,,
,,,,,,,,,,,,,,,,,,,,
,,,,,,,,,,,,,,,,,,,,
,,,,,,,,,,,,,,,,,,,,
269.0,食品,米面杂粮,杂粮,杂粮,B,"定义
指除稻谷、小麦以外的粮食作物原料，主要包括谷类、杂豆类、薯类及其他特色杂粮，经清理、去杂、干燥等简单物理处理，保持完整颗粒形态，用于烘焙、主食、冲调及食品加工的天然粮食原料。

核心判定条件 
原料属性：属于粮食范畴，非稻谷、小麦主粮
形态：保持完整颗粒 / 块状，未粉碎、未研磨成粉
工艺：仅经清理、筛选、干燥等初级物理处理，无深度加工
用途：可直接用于烘焙配料、煮粥、煮饭或进一步加工

一句话速记
非稻麦主粮、完整颗粒状、仅初级清理、天然杂粮原料，同时满足即为杂粮。","谷类杂粮：燕麦、黑米、红米、紫米、薏米、藜麦、荞麦、大麦、黑麦、小米、玉米、高粱
杂豆类：红豆、绿豆、鹰嘴豆、芸豆、扁豆、黑豆、蚕豆、豌豆
薯芋类：红薯、紫薯、山药、芋头（干制块状）
其他籽类：亚麻籽、奇亚籽、葵花籽、南瓜籽","稻谷、小麦及其制品（大米、面粉）
已研磨粉碎的粉末状产品
坚果、干果、中药材及非粮食物料",金龙鱼,小米,,原味,袋装,,,,,,,
,,,,,,,,,福临门,黑米,,无调味,真空袋装,,,,,,,
,,,,,,,,,五丰,糙米,,淡香,编织袋装,,,,,,,
,,,,,,,,,北大荒,燕麦米,,谷香,罐装,,,,,,,
,,,,,,,,,葵花阳光,荞麦,,豆香,盒装,,,,,,,
,,,,,,,,,,藜麦,,,礼盒装,,,,,,,
,,,,,,,,,,薏米,,,组合装,,,,,,,
,,,,,,,,,,红豆,,,散装,,,,,,,
,,,,,,,,,,绿豆,,,,,,,,,,
,,,,,,,,,,黑豆,,,,,,,,,,
,,,,,,,,,,鹰嘴豆,,,,,,,,,,
,,,,,,,,,,芸豆,,,,,,,,,,
,,,,,,,,,,扁豆,,,,,,,,,,
,,,,,,,,,,蚕豆,,,,,,,,,,
,,,,,,,,,,高粱米,,,,,,,,,,
,,,,,,,,,,大麦,,,,,,,,,,
,,,,,,,,,,玉米糁,,,,,,,,,,
,,,,,,,,,,芡实,,,,,,,,,,
,,,,,,,,,,山药 ,,,,,,,,,,
,,,,,,,,,,,,,,,,,,,,
,,,,,,,,,,,,,,,,,,,,
,,,,,,,,,,,,,,,,,,,,
270.0,食品,米面杂粮,杂粮,杂粮粉,C,"定义
以一种或多种完整杂粮为原料，经清理、干燥、粉碎、研磨、过筛等工艺制成的粉末状产品，可用于烘焙、面食添加及食品加工，不添加或少量添加辅料、食品添加剂。通常以袋装或盒装形式销售，便于储存和使用。

核心判定条件 
原料来源：以一种或多种杂粮为唯一或主要原料
形态：呈均匀粉末状，无完整颗粒
工艺：经粉碎研磨加工，非天然颗粒形态
成分：无大量非粮辅料添加，主体为杂粮粉碎物

杂粮为原料、经粉碎研磨、呈粉末状、无大量外源添加，同时满足即为杂粮粉。

注意
即冲即饮的熟制杂粮粉不归属于此类目，划入冲调谷物类目","单一杂粮粉：燕麦粉、黑米粉、荞麦粉、藜麦粉、小米粉、玉米粉、黄豆粉、绿豆粉
复合杂粮粉：多种杂粮混合研磨粉、五谷杂粮粉","熟制杂粮粉（冲调粉）：烘焙 / 炒制后研磨的熟杂粮冲调粉
小麦粉、大米粉等主粮粉末
糯米粉
淀粉、糖粉、蛋白粉等非杂粮粉末
大量添加糖、奶、油脂的复合冲调粉",金龙鱼,,,原味,袋装,,,,,,,
,,,,,,,,,福临门,,,黑芝麻味,盒装,,,,,,,
,,,,,,,,,五丰,,,红枣味,罐装,,,,,,,
,,,,,,,,,北大荒,,,核桃味,编织塑料袋,,,,,,,
,,,,,,,,,葵花阳光,,,红豆味,桶装,,,,,,,
,,,,,,,,,,,,绿豆味,,,,,,,,
,,,,,,,,,,,,山药味,,,,,,,,
,,,,,,,,,,,,薏米味,,,,,,,,
,,,,,,,,,,,,玉米味,,,,,,,,
,,,,,,,,,,,,紫薯味,,,,,,,,
,,,,,,,,,,,,燕麦味,,,,,,,,
,,,,,,,,,,,,其他,,,,,,,,
,,,,,,,,,,,,,,,,,,,,
,,,,,,,,,,,,,,,,,,,,
,,,,,,,,,,,,,,,,,,,,
,,,,,,,,,,,,,,,,,,,,
,,,,,,,,,,,,,,,,,,,,
,,,,,,,,,,,,,,,,,,,,
,,,,,,,,,,,,,,,,,,,,
,,,,,,,,,,,,,,,,,,,,
,,,,,,,,,,,,,,,,,,,,
,,,,,,,,,,,,,,,,,,,,
271.0,食品,米面杂粮,干货,干货,B,"定义
以植物性食材、菌菇、海产等为原料，经自然晾晒、烘干、脱水等工艺去除水分制成，便于长期储存、食用前需泡发或简单烹煮的非即食干制食品，属于粮油调味 / 副食类快消品。","干菌菇
干木耳
干银耳
干黄花菜
干海带
干紫菜
腐竹
豆筋
干笋干
干菜
干香菇
茶树菇
杏鲍菇干
裙带菜干","米面杂粮
豆类杂粮
即食零食
肉干肉脯
蜜饯果干
坚果炒货
方便面
脱水蔬菜包
干制中药材
冷冻干货",方家铺子,菌菇干货,,原味,袋装,,,,,,,
,,,,,,,,,绿帝,海产干货,,淡盐味,袋装 + 内置密封,,,,,,,
,,,,,,,,,大山合,蔬菜干货,,无调味,罐装,,,,,,,
,,,,,,,,,北大荒绿野,豆制品干货,,,礼盒装,,,,,,,
,,,,,,,,,川珍,,,,散装,,,,,,,
,,,,,,,,,禾煜,,,,真空袋装,,,,,,,
,,,,,,,,,富昌,,,,,,,,,,,
,,,,,,,,,塞翁福,,,,,,,,,,,
,,,,,,,,,盛耳,,,,,,,,,,,
,,,,,,,,,金唐,,,,,,,,,,,
,,,,,,,,,维多宝,,,,,,,,,,,
,,,,,,,,,獐子岛,,,,,,,,,,,
,,,,,,,,,,,,,,,,,,,,
,,,,,,,,,,,,,,,,,,,,
,,,,,,,,,,,,,,,,,,,,
,,,,,,,,,,,,,,,,,,,,
,,,,,,,,,,,,,,,,,,,,
,,,,,,,,,,,,,,,,,,,,
,,,,,,,,,,,,,,,,,,,,
,,,,,,,,,,,,,,,,,,,,
,,,,,,,,,,,,,,,,,,,,
,,,,,,,,,,,,,,,,,,,,
272.0,食品,肉类水产,蛋,蛋,B,"定义
指禽类（鸡、鸭、鹅、鹌鹑等）所产的天然卵，分为鲜蛋（未加工的天然禽蛋）和再制蛋（经腌制、糟制等工艺加工，保留禽蛋天然核心形态、不可直接食用的蛋制品），是食品分类中蛋品类的核心品类，富含优质蛋白质、脂肪、维生素及矿物质等营养成分。通常以枚为单位散装或盒/托包装，常温约30天、冷藏约45天保质期。需经烹饪加热后安全食用。

核心判定标准 
来源：来源于鸡、鸭、鹅、鹌鹑等家禽所产的天然禽蛋，非人工合成、工业仿制制品；
形态：保留禽蛋天然核心形态，无打散、液化等形态改变；
加工：分为鲜蛋（无加工）和再制蛋（腌制、糟制等工艺加工）；
食用属性：再制蛋不可直接食用，鲜蛋为基础食用原料。

禽蛋天然产出、保留天然核心形态、分为鲜蛋与不可直接食用的再制蛋，三者同时满足才是蛋品类；缺任一即不属于。","鲜蛋类：鸡蛋、鸭蛋、鹅蛋、鹌鹑蛋、鸽子蛋等天然鲜禽蛋；
再制蛋类：咸蛋、咸鸭蛋、咸鹅蛋、糟蛋、皮蛋（松花蛋）等（保留禽蛋天然核心形态、不可直接食用）。","熟制蛋类：卤鸡蛋、卤鹌鹑蛋、茶叶蛋、熟制卤蛋等经加热熟制可直接食用的蛋制品；
蛋液制品：巴氏杀菌蛋液、冷冻蛋液、蛋粉等经打散、液化、干燥等工艺改变天然形态的制品；
工业用蛋：用于化工、饲料、医药等非食品加工用途的禽蛋及制品；
人工仿制蛋：以植物蛋白、胶体等为原料合成的人造蛋、植物蛋替代品；
非禽蛋：爬行动物蛋、鱼类卵等非禽类所产的卵类产品。",德青源,,,,盒装,,,,,,,
,,,,,,,,,圣迪乐村,,,,托盘装,,,,,,,
,,,,,,,,,黄天鹅,,,,散装,,,,,,,
,,,,,,,,,正大温氏,,,,,,,,,,,
,,,,,,,,,温氏,,,,,,,,,,,
,,,,,,,,,,,,,,,,,,,,
,,,,,,,,,,,,,,,,,,,,
,,,,,,,,,,,,,,,,,,,,
,,,,,,,,,,,,,,,,,,,,
,,,,,,,,,,,,,,,,,,,,
,,,,,,,,,,,,,,,,,,,,
,,,,,,,,,,,,,,,,,,,,
,,,,,,,,,,,,,,,,,,,,
,,,,,,,,,,,,,,,,,,,,
,,,,,,,,,,,,,,,,,,,,
,,,,,,,,,,,,,,,,,,,,
,,,,,,,,,,,,,,,,,,,,
,,,,,,,,,,,,,,,,,,,,
,,,,,,,,,,,,,,,,,,,,
,,,,,,,,,,,,,,,,,,,,
,,,,,,,,,,,,,,,,,,,,
,,,,,,,,,,,,,,,,,,,,
273.0,食品,肉类水产,熟食肉制品,熟食肉制品,B,"定义：以畜禽肉或其可食副产品为主要原料，经清洗、分割、调味后，通过卤煮、熏烤、酱卤、油炸等一种或多种工艺熟制加工而成，可直接食用或简单复热即可食用的肉类制品。产品通常已完成杀菌处理，具有明确风味、较长保质期及开袋即食的便利性，形态包括整块、切片、重组制品等，常见于真空、气调或散装销售，广泛应用于佐餐、即食菜肴。

核心判定标准 
原料要求：以畜禽肉或其可食副产品为主要原料；
工艺要求：经清洗、分割、调味，且采用卤煮、熏烤、酱卤、油炸等一种或多种熟制加工工艺；
食用属性：成品可直接食用，或仅需简单复热即可食用；
产品特征：完成杀菌处理，具备特定风味、较长保质期，形态包含整块、切片、重组制品等。

一句话速记
畜禽肉 / 可食副产品为主要原料、经熟制加工、可直接 / 简单复热食用，三者同时满足才是熟食肉制品；缺任一即不属于。","酱卤类：酱牛肉、酱猪肉、卤猪蹄、卤鸡爪、卤鸡翅等；
熏烤类：熏鸡、熏鸭、熏肉、烤肠（熟制款）、烤五花肉等；
油炸类：炸鸡腿、炸鸡翅、熟制肉丸、油炸肉排等；
重组制品类：重组肉排、重组肉粒等熟制肉类制品；
其他熟制类：五香肉、红烧肉块、即食卤肉等","生鲜畜禽肉及副产品：生猪肉、生牛肉、生鸡肝等未经熟制加工的原料；
生制肉制品：生香肠、生培根、生腌肉等仅调味腌制、未经过熟制加工的制品；
非肉类原料制品：以植物蛋白、豆制品为主要原料的仿肉制品；
含肉复合食品：以肉类为次要原料的预制菜、罐头食品、菜肴配料等，非单纯的熟食肉制品品类。",双汇,,,原味,真空包装,,,,,,,
,,,,,,,,,雨润,,,五香味,盒装,,,,,,,
,,,,,,,,,金锣,,,麻辣味,袋装,,,,,,,
,,,,,,,,,美好,,,烧烤味,其他,,,,,,,
,,,,,,,,,得利斯,,,酱香味,,,,,,,,
,,,,,,,,,,,,黑椒味,,,,,,,,
,,,,,,,,,,,,蒜香味,,,,,,,,
,,,,,,,,,,,,香辣味,,,,,,,,
,,,,,,,,,,,,蜜汁味,,,,,,,,
,,,,,,,,,,,,咖喱味,,,,,,,,
,,,,,,,,,,,,孜然味,,,,,,,,
,,,,,,,,,,,,泡椒味,,,,,,,,
,,,,,,,,,,,,其他,,,,,,,,
,,,,,,,,,,,,,,,,,,,,
,,,,,,,,,,,,,,,,,,,,
,,,,,,,,,,,,,,,,,,,,
,,,,,,,,,,,,,,,,,,,,
,,,,,,,,,,,,,,,,,,,,
,,,,,,,,,,,,,,,,,,,,
,,,,,,,,,,,,,,,,,,,,
,,,,,,,,,,,,,,,,,,,,
,,,,,,,,,,,,,,,,,,,,
274.0,食品,肉类水产,腊肠腊肉腊鱼,腊肠腊肉腊鱼,B,"定义：
腊肠：以畜禽肉为主要原料，经切碎或绞碎，加入食盐、糖、酒、香辛料等辅料腌制后，灌入肠衣，经晾晒、风干或烘烤等工艺制成的生制腌腊肉制品。
腊肉：以畜禽肉为原料，加入食盐、糖、酒、香辛料等腌制，再经晾晒、风干或烘烤等工艺制成的块状生制腌腊肉制品。
腊鱼：以鲜（冻）鱼为原料，经食盐、糖、酒、香辛料等腌制，再通过晾晒、风干、烘烤或烟熏等工艺制成的水产腌腊制品。

快速判断一句话：
腊肠是绞肉灌肠后风干的腊味；腊肉是整块肉腌制风干的腊味；腊鱼是用鱼腌制、晒干 / 烘干的耐存干货。","腊肠：
1. 广式腊肠、川味腊肠、湘味腊肠、甜味腊肠、麻辣腊肠等
2. 真空包装腊肠、散装腊肠
腊肉：
1. 广式腊肉、川味腊肉、烟熏腊肉、五花腊肉、后腿腊肉
2. 真空包装腊肉、散装腊肉
腊鱼（包括咸鱼）：
1. 腊鲫鱼、腊草鱼、腊鲤鱼、腊青鱼、腊海鱼等
2. 烟熏腊鱼、风干腊鱼、农家腊鱼
3. 真空包装腊鱼、散装腊鱼
其他腊制品：
1. 包括腊鸭、腊鸡等。","1. 火腿肠、烤肠、热狗肠（熟制灌肠制品）
2. 新鲜香肠、生灌肠（非腌腊风干类）、香肠
3. 培根
4. 新鲜鱼、冷冻鱼
5. 即食鱼干、烤鱼片、鱼零食（熟制即食水产零食）
6. 虾皮、虾米、海带、紫菜等其他水产干货
7. 罐头鱼、鱼罐头",皇上皇,腊肠,,广式味,散装,,,,,,,
,,,,,,,,,秋之风,腊肉,,烟熏味,真空包装,,,,,,,
,,,,,,,,,沧洲栈,腊鱼,,麻辣味,袋装,,,,,,,
,,,,,,,,,唐人神,腊鸭,,咸香味,组合装,,,,,,,
,,,,,,,,,松桂坊,腊鸡,,五香味,礼盒装,,,,,,,
,,,,,,,,,荣业,,,其他,,,,,,,,
,,,,,,,,,立丰,,,,,,,,,,,
,,,,,,,,,老城南,,,,,,,,,,,
,,,,,,,,,赵孝春,,,,,,,,,,,
,,,,,,,,,黔五福,,,,,,,,,,,
,,,,,,,,,金字,,,,,,,,,,,
,,,,,,,,,味肴腊品,,,,,,,,,,,
,,,,,,,,,湘腊全,,,,,,,,,,,
,,,,,,,,,南安板鸭,,,,,,,,,,,
,,,,,,,,,,,,,,,,,,,,
,,,,,,,,,,,,,,,,,,,,
,,,,,,,,,,,,,,,,,,,,
,,,,,,,,,,,,,,,,,,,,
,,,,,,,,,,,,,,,,,,,,
,,,,,,,,,,,,,,,,,,,,
,,,,,,,,,,,,,,,,,,,,
,,,,,,,,,,,,,,,,,,,,
275.0,食品,酒,中国白酒,中国白酒,S,"定义：以高粱、大米、玉米、小麦等粮谷为主要原料，采用大曲、小曲或麸曲为糖化发酵剂，经固态或液态发酵、蒸馏、陈酿、勾兑而成的蒸馏酒。酒体无色或微黄透明，酒精度通常≥35%vol，具有以酯类为主的复合香气。依据香型可分为酱香、浓香、清香等类别，是中国传统烈性酒的代表。

快速核查一句话
1. 以粮谷为主要原料、经发酵蒸馏制成的中国蒸馏酒 = 白酒。
2. 其他酒、洋酒、配制酒、料酒都不算。","1. 固态法白酒、液态法白酒、固液法白酒
2. 按香型：
浓香、酱香、清香、米香、凤香、兼香、芝麻香、馥郁香等
3. 按度数：高度白酒、低度白酒
4. 常见品类：
茅台、五粮液、泸州老窖、洋河、汾酒、剑南春、古井贡、郎酒、水井坊、舍得、二锅头、老白干等所有纯粮 / 白酒类产品
5. 白酒礼盒、白酒小酒版（100ml 及以下小瓶）","1. 黄酒、花雕、料酒、米酒
2. 啤酒
3. 葡萄酒、果酒、起泡酒
4. 洋酒：威士忌、白兰地、伏特加、朗姆酒、金酒、龙舌兰
5. 配制酒 / 露酒：劲酒、椰岛鹿龟酒、竹叶青（露酒型）等
6. 保健酒、养生酒
7. 酒精饮料、预调酒、RTD
8. 无酒精饮料",茅台,高度酒（≥50°）,,酱香,玻璃瓶,,,,,,,
,,,,,,,,,五粮液,中度酒（40°～49°）,,浓香,瓷瓶,,,,,,,
,,,,,,,,,泸州老窖,低度酒（＜40°）,,清香,纸盒装,,,,,,,
,,,,,,,,,洋河,,,凤香,礼盒装,,,,,,,
,,,,,,,,,剑南春,,,米香,单瓶装,,,,,,,
,,,,,,,,,,,,兼香,双支装,,,,,,,
,,,,,,,,,,,,药香,整箱装,,,,,,,
,,,,,,,,,,,,芝麻香,坛装,,,,,,,
,,,,,,,,,,,,其他,桶装,,,,,,,
,,,,,,,,,,,,,礼盒装,,,,,,,
,,,,,,,,,,,,,组合装,,,,,,,
,,,,,,,,,,,,,,,,,,,,
,,,,,,,,,,,,,,,,,,,,
,,,,,,,,,,,,,,,,,,,,
,,,,,,,,,,,,,,,,,,,,
,,,,,,,,,,,,,,,,,,,,
,,,,,,,,,,,,,,,,,,,,
,,,,,,,,,,,,,,,,,,,,
,,,,,,,,,,,,,,,,,,,,
,,,,,,,,,,,,,,,,,,,,
,,,,,,,,,,,,,,,,,,,,
,,,,,,,,,,,,,,,,,,,,
276.0,食品,酒,啤酒,啤酒,S,"定义：以大麦芽、水为主要原料，添加啤酒花，经酵母发酵酿制而成的含酒精气泡饮品，酒精度通常在2%vol–10%vol之间。产品具有独特的麦芽香气和啤酒花带来的苦味，色泽从淡黄到深棕不等，按工艺可分为拉格、艾尔等类型。常见于玻璃瓶、易拉罐或金属桶包装，冷藏后饮用风味更佳，是餐饮、聚会及零售渠道常见的低～中度酒精饮料。

快速判断一句话
1. 麦芽 + 啤酒花 + 发酵 = 啤酒。
2. 其他酒类、饮料、调味酒都不算。","1. 以麦芽、水、啤酒花、酵母为主要原料发酵的含酒精啤酒
2. 黄啤、淡啤、黑啤、白啤、小麦啤
3. 果味啤酒、无醇啤酒（0.5% vol 左右）
4. 罐装、瓶装、桶装啤酒
5. 精酿啤酒、工业啤酒
6. 进口啤酒、国产啤酒
7. 易拉罐、玻璃瓶、PET 瓶啤酒","1. 白酒、黄酒、红酒、洋酒
2. 预调酒、RTD、鸡尾酒、气泡酒
3. 米酒、甜酒、酒酿
4. 碳酸饮料、汽水、苏打水
5. 果汁、茶饮、咖啡
6. 料酒、调味酒",青岛,黄啤,,清爽,玻璃瓶,,,,,,,
,,,,,,,,,雪花,黑啤,,淡爽,易拉罐,,,,,,,
,,,,,,,,,燕京,白啤,,醇厚,桶装,,,,,,,
,,,,,,,,,百威,淡啤 / 无醇啤酒,,麦香,小罐装 / 小瓶装,,,,,,,
,,,,,,,,,哈尔滨,精酿啤酒,,果香,礼盒装,,,,,,,
,,,,,,,,,,,,微苦,组合装,,,,,,,
,,,,,,,,,,,,甘甜,,,,,,,,
,,,,,,,,,,,,顺滑,,,,,,,,
,,,,,,,,,,,,其他,,,,,,,,
,,,,,,,,,,,,,,,,,,,,
,,,,,,,,,,,,,,,,,,,,
,,,,,,,,,,,,,,,,,,,,
,,,,,,,,,,,,,,,,,,,,
,,,,,,,,,,,,,,,,,,,,
,,,,,,,,,,,,,,,,,,,,
,,,,,,,,,,,,,,,,,,,,
,,,,,,,,,,,,,,,,,,,,
,,,,,,,,,,,,,,,,,,,,
,,,,,,,,,,,,,,,,,,,,
,,,,,,,,,,,,,,,,,,,,
,,,,,,,,,,,,,,,,,,,,
,,,,,,,,,,,,,,,,,,,,
277.0,食品,酒,葡萄酒/红酒,葡萄酒/红酒,A,"定义：以新鲜葡萄或葡萄汁为原料，经全部或部分发酵酿制而成的酒精饮料，酒精度通常不低于8.5%，按颜色可分为红、白、桃红等类型，其风味、酒体及香气受葡萄品种、产区气候、酿造及陈酿工艺影响；产品多采用750 mL玻璃瓶封装，软木塞或螺旋盖密封，常温避光保存，适用于佐餐、社交或收藏。

快速判断一句话
1. 只有葡萄汁发酵酿造的酒，才算葡萄酒。
2. 葡萄味饮料、蒸馏酒、配制酒都不算。","1. 红葡萄酒、白葡萄酒、桃红葡萄酒
2. 干型、半干、半甜、甜型葡萄酒
3. 起泡酒、香槟、气泡葡萄酒
4. 静态葡萄酒（不起泡）
5. 进口葡萄酒、国产葡萄酒
6. 葡萄酿造的果酒（100% 葡萄汁发酵）
7. 加强型葡萄酒（波特、雪莉等）","1. 白酒、啤酒、黄酒、米酒、洋酒（威士忌、白兰地等）
2. 葡萄露酒、葡萄味预调酒、葡萄味鸡尾酒
3. 葡萄果汁、葡萄味饮料
4. 蓝莓酒、草莓酒、苹果酒等非葡萄果酒
5. 白兰地、XO（属于蒸馏酒，不是葡萄酒）
6. 料酒、调味酒",长城,干型（无糖感）,,红葡萄酒,玻璃瓶,,酱卤肉制品,,,,,
,,,,,,,,,张裕,半干,,白葡萄酒,,,熏烧烤肉制品,,,,,
,,,,,,,,,王朝,半甜,,桃红,玻璃瓶,,,,,,,
,,,,,,,,,奔富,甜型,,干型,小瓶装,,,,,,,
,,,,,,,,,拉菲,,,甜型,木盒 / 纸盒礼盒装,,,,,,,
,,,,,,,,,,,,其他,圆筒 / 皮盒,,,,,,,
,,,,,,,,,,,,,利乐包,,,,,,,
,,,,,,,,,,,,,易拉罐,,,,,,,
,,,,,,,,,,,,,组合装,,,,,,,
,,,,,,,,,,,,,,,,,,,,
,,,,,,,,,,,,,,,,,,,,
,,,,,,,,,,,,,,,,,,,,
,,,,,,,,,,,,,,,,,,,,
,,,,,,,,,,,,,,,,,,,,
,,,,,,,,,,,,,,,,,,,,
,,,,,,,,,,,,,,,,,,,,
,,,,,,,,,,,,,,,,,,,,
,,,,,,,,,,,,,,,,,,,,
,,,,,,,,,,,,,,,,,,,,
,,,,,,,,,,,,,,,,,,,,
,,,,,,,,,,,,,,,,,,,,
,,,,,,,,,,,,,,,,,,,,
278.0,食品,酒,黄酒/米酒,黄酒/米酒,A,"定义
黄酒：以稻米、黍米、玉米、小米等为主要原料，加酒曲、酒母经糖化、发酵、压榨、过滤、煎酒、贮存、勾兑而成的酿造酒，有独立国标 GB/T 13662，酒精度一般 14% vol～20% vol。
米酒：多指以糯米 / 大米加甜酒曲发酵制成的低度甜米酒，也常泛指各类米香型酿造酒；多数无黄酒国标，工艺更简单、酒精度更低（1% vol～10% vol 为主）。

一句话入库口径
1. 黄酒 / 米酒 = 以米类为原料直接发酵酿造的低度酿造酒，不含蒸馏白酒、浸泡配制酒及预调酒。
2. 黄酒酒精致度数高、色黄、国标 13662；
3. 米酒低度甜、浑浊、像酒酿。

快速区分要点
1. 工艺区别
黄酒：深度发酵 + 压榨 + 杀菌陈酿，工艺复杂
米酒：简单发酵，多不压榨、不陈酿
2. 酒精度
黄酒：14%～20% vol，中等度数
米酒：1%～10% vol，明显更低
3. 甜度与口感
黄酒：干 / 半干 / 半甜，醇厚，偏粮食香
米酒：普遍偏甜，像甜水酒，米香清淡
4. 颜色
黄酒：金黄、黄褐色
米酒：白色、乳白色、微黄色
5. 形态
黄酒：清澈液体
米酒：常有米渣、浑浊，像酒酿
6. 国标与标签
黄酒：执行 GB/T 13662
米酒：多执行其他发酵酒企标，无统一国标
7. 典型产品
黄酒：花雕、女儿红、古越龙山、石库门
米酒：孝感米酒、客家米酒、甜酒酿","1. 绍兴黄酒、花雕、加饭酒、女儿红、古越龙山等传统黄酒
2. 清爽型黄酒、半甜 / 甜型黄酒
3. 孝感米酒、客家米酒、甜酒酿、醪糟酒
4. 各类低度糯米酒、江米甜酒","1. 白酒（米香型白酒）：如桂林三花酒（蒸馏酒，不属于黄酒 / 米酒）
2. 露酒 / 配制酒：用黄酒 / 米酒做基酒浸泡药材、花果的调配酒
3. 预调酒、RTD、果味鸡尾酒
4. 啤酒、葡萄酒、果酒（发酵型）
5. 药酒、保健酒
6. 日本清酒、韩国米酒（部分渠道单列，不并入国产黄酒 / 米酒）",,,,原味,,,,,,,,
,,,,,,,,,,,,清爽型,,,,,,,,
,,,,,,,,,,,,浓醇型,,,,,,,,
,,,,,,,,,,,,焦香型,,,,,,,,
,,,,,,,,,,,,花香型,,,,,,,,
,,,,,,,,,,,,草本型,,,,,,,,
,,,,,,,,,,,,桂花味,,,,,,,,
,,,,,,,,,,,,玫瑰味,,,,,,,,
,,,,,,,,,,,,红枣枸杞味,,,,,,,,
,,,,,,,,,,,,姜汁味,,,,,,,,
,,,,,,,,,,,,果味,,,,,,,,
,,,,,,,,,,,,其他,,,,,,,,
,,,,,,,,,,,,,,,,,,,,
,,,,,,,,,,,,,,,,,,,,
,,,,,,,,,,,,,,,,,,,,
,,,,,,,,,,,,,,,,,,,,
,,,,,,,,,,,,,,,,,,,,
,,,,,,,,,,,,,,,,,,,,
,,,,,,,,,,,,,,,,,,,,
,,,,,,,,,,,,,,,,,,,,
,,,,,,,,,,,,,,,,,,,,
,,,,,,,,,,,,,,,,,,,,
279.0,食品,酒,露酒,露酒,A,"定义
以蒸馏酒、发酵酒或食用酒精为酒基，加入可食用的辅料或食品添加剂，经调配、加工制成的饮料酒，具有特定风格。（简单理解：基酒 + 食材 / 药材浸泡 / 调配而成的酒

快速区分要点
看工艺：浸泡 / 调配而成，不是直接发酵、不是直接蒸馏
看属性：属于配制酒 / 调制酒
看场景：主打养生、风味、滋补

一句话：用酒泡出来的，基本都是露酒。","1. 传统滋补类露酒：劲酒、椰岛鹿龟酒、竹叶青、人参酒、枸杞酒、鹿茸酒
2. 花果植物类露酒：玫瑰露酒、桂花酒、五加皮酒
3. 药食同源类养生露酒：以白酒 / 黄酒 / 米酒为基酒浸泡制成的各类配制型养生酒、风味酒","1. 不属于：发酵型果酒（青梅酒、杨梅酒等直接发酵的）
2. 不属于：预调酒 / RTD 鸡尾酒（RIO、强爽等）
3. 不属于：利口酒 / 力娇酒（野格、百利甜、君度等）
4. 不属于：药酒（国药准字，药品类）
5. 不属于：白酒、黄酒、米酒、啤酒、葡萄酒等基础酒",,,,清爽型,,,,,,,,
,,,,,,,,,,,,浓醇型,,,,,,,,
,,,,,,,,,,,,花香型,,,,,,,,
,,,,,,,,,,,,草本型,,,,,,,,
,,,,,,,,,,,,果香型,,,,,,,,
,,,,,,,,,,,,植物香型,,,,,,,,
,,,,,,,,,,,,坚果香型,,,,,,,,
,,,,,,,,,,,,奶香型,,,,,,,,
,,,,,,,,,,,,姜香型,,,,,,,,
,,,,,,,,,,,,枣香型,,,,,,,,
,,,,,,,,,,,,枸杞型,,,,,,,,
,,,,,,,,,,,,桂花型,,,,,,,,
,,,,,,,,,,,,玫瑰型,,,,,,,,
,,,,,,,,,,,,薄荷型,,,,,,,,
,,,,,,,,,,,,陈皮型,,,,,,,,
,,,,,,,,,,,,竹香型,,,,,,,,
,,,,,,,,,,,,药香型,,,,,,,,
,,,,,,,,,,,,复合花果型,,,,,,,,
,,,,,,,,,,,,复合草本型,,,,,,,,
,,,,,,,,,,,,其他,,,,,,,,
,,,,,,,,,,,,,,,,,,,,
,,,,,,,,,,,,,,,,,,,,
280.0,食品,酒,即饮预调酒,即饮预调酒,A,"定义：以蒸馏酒、酿造酒或食用酒精为基酒，预先与果汁、糖浆、碳酸水或其他风味物质混合调配而成的酒精饮料。产品已完成全部生产流程，密封于罐装、瓶装等一次性包装中，消费者无需二次调制即可直接开盖饮用，适合常温或冷藏后饮用。常见于便利店、商超及餐饮渠道，酒精度一般在3%至15%之间。

快速判断一句话
开罐 / 开瓶直接喝、低度、风味化、预调好的含酒精饮料 = 即饮预调酒。","1. 瓶装 / 罐装即开即饮鸡尾酒、预调酒
2. 果味预调酒、苏打酒、微醺系列
3. 含酒精低度即饮风味酒饮
4. 洋酒基底预调（伏特加 / 威士忌 / 朗姆等）
5. 罐装气泡鸡尾酒、硬苏打","1. 啤酒、白酒、葡萄酒、洋酒纯酒
2. 无酒精饮料、汽水、果汁、气泡水
3. 露酒、米酒、黄酒、果酒（非预调）
4. 浓缩调酒液、调酒包（需自行调配）
5. 咖啡、奶茶、功能饮料",锐澳（RIO）,威士忌预调酒,,混合水果味,易拉罐,,,,,,,
,,,,,,,,,百加得,伏特加预调酒,,柠檬味,玻璃瓶,,,,,,,
,,,,,,,,,江小白,朗姆预调酒,,白桃味,PET 塑料瓶,,,,,,,
,,,,,,,,,青岛,白兰地预调酒,,葡萄味,礼盒装,,,,,,,
,,,,,,,,,雪花,果酒 / 起泡酒基预调酒,,西柚味,组合装,,,,,,,
,,,,,,,,,,无醇 / 低醇预调酒,,芒果味,,,,,,,,
,,,,,,,,,,,,荔枝味,,,,,,,,
,,,,,,,,,,,,可乐味,,,,,,,,
,,,,,,,,,,,,乌龙茶/红茶味,,,,,,,,
,,,,,,,,,,,,乳酸菌味,,,,,,,,
,,,,,,,,,,,,薄荷味,,,,,,,,
,,,,,,,,,,,,其他,,,,,,,,
,,,,,,,,,,,,,,,,,,,,
,,,,,,,,,,,,,,,,,,,,
,,,,,,,,,,,,,,,,,,,,
,,,,,,,,,,,,,,,,,,,,
,,,,,,,,,,,,,,,,,,,,
,,,,,,,,,,,,,,,,,,,,
,,,,,,,,,,,,,,,,,,,,
,,,,,,,,,,,,,,,,,,,,
,,,,,,,,,,,,,,,,,,,,
,,,,,,,,,,,,,,,,,,,,
281.0,食品,酒,其他调制酒,其他调制酒,,"定义
以蒸馏酒、发酵酒、食用酒精为酒基，加入可食用原料、食品添加剂等，经调配、混合、加工制成的饮料酒；
不属于露酒、不属于即饮型预调酒，统一归为其他调制酒 / 其他配制酒。

快速区分要点
1. 是调配 / 浸泡出来的酒
2. 既不是露酒，也不是开瓶即饮的预调酒
3. 多为高度风味酒、利口酒、酒吧用调酒基酒","1. 利口酒 / 利娇酒（野格、百利甜、君度、咖啡利口酒等）
2. 调味烈酒、奶酒、可可酒、香草酒等风味配制酒
3. 各类非露酒标准的浸泡酒、调香酒","1.  不包括：露酒（劲酒、竹叶青、养生露酒等）
2.  不包括：即饮预调酒 / RTD（RIO、强爽、罐装鸡尾酒）
3.  不包括：发酵酒（啤酒、葡萄酒、黄酒、米酒、发酵果酒）
4.  不包括：蒸馏酒（白酒、威士忌、白兰地、伏特加等原酒）
5.  不包括：药酒（国药准字）、保健酒（蓝帽子）",,,,,,,,,,,,
,,,,,,,,,,,,,,,,,,,,
,,,,,,,,,,,,,,,,,,,,
,,,,,,,,,,,,,,,,,,,,
,,,,,,,,,,,,,,,,,,,,
,,,,,,,,,,,,,,,,,,,,
,,,,,,,,,,,,,,,,,,,,
,,,,,,,,,,,,,,,,,,,,
,,,,,,,,,,,,,,,,,,,,
,,,,,,,,,,,,,,,,,,,,
,,,,,,,,,,,,,,,,,,,,
,,,,,,,,,,,,,,,,,,,,
,,,,,,,,,,,,,,,,,,,,
,,,,,,,,,,,,,,,,,,,,
,,,,,,,,,,,,,,,,,,,,
,,,,,,,,,,,,,,,,,,,,
,,,,,,,,,,,,,,,,,,,,
,,,,,,,,,,,,,,,,,,,,
,,,,,,,,,,,,,,,,,,,,
,,,,,,,,,,,,,,,,,,,,
,,,,,,,,,,,,,,,,,,,,
,,,,,,,,,,,,,,,,,,,,
282.0,食品,酒,果酒,果酒,A,"定义
水果（单一或多种）为主要原料，经破碎、发酵、过滤、调配等工艺制成的酒精饮料，其风味主要来源于水果本身。酒精度通常介于5%vol至20%vol之间，产品呈澄清或微浊液体，色泽由所用水果决定，可含糖或干型。常见包装为玻璃瓶、易拉罐或PET瓶，密封后常温或冷藏销售，开瓶即饮，亦可作为调酒基酒。

原料要求：以新鲜水果、果汁（浆）为核心原料，是产品的主要呈味、呈香物质来源；
工艺要求：核心采用发酵工艺酿造，可辅以陈酿、调配等工艺，不添加食用酒精（允许使用食品添加剂）；
酒精度要求：成品酒精度不低于 7.0% vol；
品类属性：属于发酵酒范畴，区别于蒸馏酒、配制酒；
感官特征：具备原料水果的典型果香与发酵酒的风味特征，无明显外来异味。","按原料分类：苹果酒、杨梅酒、青梅酒、荔枝酒、桑葚酒、山楂酒、蓝莓酒等；
按工艺 / 特征分类：干型果酒、半干型果酒、半甜型果酒、甜型果酒、起泡果酒、发酵型果露酒；
常见品牌商品：张裕青梅酒、江小白果味发酵酒、RIO 微醺果酒（发酵款）、梅林杨梅酒、王朝葡萄酒（果酒范畴）。","配制果酒：以食用酒精、香精、色素调配制成的果味配制酒，非发酵酿造；
蒸馏果酒：白兰地等经蒸馏工艺制成的烈性蒸馏酒，不属于发酵型果酒；
果汁饮料 / 果味汽水：无酒精或酒精度低于 7.0% vol，无发酵工艺；
葡萄酒
谷物 / 薯类发酵酒：啤酒、白酒、伏特加等以非水果为原料的发酵 / 蒸馏酒类；
工业酒精制品：非饮料用途的酒精制品，无果酒风味与特征。",梅见,,,甜型,玻璃瓶,,,,,,,
,,,,,,,,,江小白,,,半甜型,易拉罐,,,,,,,
,,,,,,,,,rio,,,干型,PET瓶,,,,,,,
,,,,,,,,,百加得,,,半干型,其他,,,,,,,
,,,,,,,,,青岛,,,苹果味,,,,,,,,
,,,,,,,,,,,,其他,,,,,,,,
,,,,,,,,,,,,,,,,,,,,
,,,,,,,,,,,,,,,,,,,,
,,,,,,,,,,,,,,,,,,,,
,,,,,,,,,,,,,,,,,,,,
,,,,,,,,,,,,,,,,,,,,
,,,,,,,,,,,,,,,,,,,,
,,,,,,,,,,,,,,,,,,,,
,,,,,,,,,,,,,,,,,,,,
,,,,,,,,,,,,,,,,,,,,
,,,,,,,,,,,,,,,,,,,,
,,,,,,,,,,,,,,,,,,,,
,,,,,,,,,,,,,,,,,,,,
,,,,,,,,,,,,,,,,,,,,
,,,,,,,,,,,,,,,,,,,,
,,,,,,,,,,,,,,,,,,,,
,,,,,,,,,,,,,,,,,,,,
283.0,食品,酒,进口烈酒,进口烈酒,A,"定义
以粮谷、薯类、水果、糖蜜等为原料，经发酵、蒸馏制成，酒精度≥18% vol（通常 37.5%~60%），非中国境内生产的蒸馏酒，属于快消酒类中的进口蒸馏酒。

快速区分要点
核心：进口 + 蒸馏 + 高度数
用途：多为纯饮、调酒基酒
归类：独立于白酒之外的进口蒸馏烈酒","1. 威士忌（Whisky/Whiskey）
2. 白兰地（Brandy）
3. 伏特加（Vodka）
4. 金酒 / 杜松子酒（Gin）
5. 朗姆酒（Rum）
6. 龙舌兰 / 特基拉（Tequila）
7. 其他进口蒸馏酒（如日本烧酌、韩国烧酒等）","1. 国产白酒、国产蒸馏酒
2. 啤酒、葡萄酒、黄酒、米酒（发酵酒）
3. 露酒、预调酒、配制酒（调制酒）
4. 药酒、保健酒
5. 进口清酒、梅酒（多归发酵酒 / 配制酒，不列在烈酒）
6. 无醇 / 低醇饮料、含酒精饮料但未蒸馏的产品",,,,威士忌香型,,,,,,,,
,,,,,,,,,,,,白兰地香型,,,,,,,,
,,,,,,,,,,,,朗姆香型,,,,,,,,
,,,,,,,,,,,,金酒香型,,,,,,,,
,,,,,,,,,,,,伏特加香型,,,,,,,,
,,,,,,,,,,,,龙舌兰香型,,,,,,,,
,,,,,,,,,,,,花果香型,,,,,,,,
,,,,,,,,,,,,草本香型,,,,,,,,
,,,,,,,,,,,,烟熏香型,,,,,,,,
,,,,,,,,,,,,泥煤香型,,,,,,,,
,,,,,,,,,,,,焦糖香型,,,,,,,,
,,,,,,,,,,,,香草香型,,,,,,,,
,,,,,,,,,,,,可可香型,,,,,,,,
,,,,,,,,,,,,咖啡香型,,,,,,,,
,,,,,,,,,,,,香料香型,,,,,,,,
,,,,,,,,,,,,橡木香型,,,,,,,,
,,,,,,,,,,,,果干香型,,,,,,,,
,,,,,,,,,,,,柑橘香型,,,,,,,,
,,,,,,,,,,,,辛辣型,,,,,,,,
,,,,,,,,,,,,清爽型,,,,,,,,
,,,,,,,,,,,,醇厚型,,,,,,,,
,,,,,,,,,,,,其他,,,,,,,,
284.0,食品,乳制品,纯奶,常温纯牛奶,S,"定义：采用超高温瞬时灭菌技术处理，可在常温环境下长期保存的牛乳饮品，保质期通常为6-12个月。产品以利乐包、无菌砖等无菌包装形式灌装，成分仅为生牛乳，不添加任何调味剂或营养强化剂，是主流的长保质期乳制品。

快速核查一句话
1. 只有：常温、纯牛乳、无添加、非调制的，才算常温纯牛奶。
2. 加了风味 / 糖 / 添加剂 / 冷藏的，都不算。","1. 常温纯牛奶（生牛乳直接加工）
2. 全脂纯牛奶
3. 低脂纯牛奶
4. 脱脂纯牛奶
5. 高温灭菌奶（UHT）
6. 盒装 / 袋装常温纯奶","1. 酸奶、酸牛奶、风味发酵乳
2. 早餐奶、核桃奶、麦香奶、高钙奶（调制乳）
3. 含乳饮料、乳酸菌饮料、优酸乳
4. 鲜牛奶、巴氏奶（冷藏奶）
5. 奶粉、奶片、奶酪、奶油
6. 植物奶：豆奶、杏仁奶、椰奶等",伊利,全脂纯牛奶,,原味,利乐枕（袋装）,,,,,,,
,,,,,,,,,蒙牛,低脂纯牛奶,,奶香味,利乐砖（盒装）,,,,,,,
,,,,,,,,,光明,脱脂纯牛奶,,清淡型,梦幻盖 / 钻石包,,,,,,,
,,,,,,,,,三元,,,其他,瓶装,,,,,,,
,,,,,,,,,君乐宝,,,,整箱装,,,,,,,
,,,,,,,,,,,,,礼盒装,,,,,,,
,,,,,,,,,,,,,组合装,,,,,,,
,,,,,,,,,,,,,,,,,,,,
,,,,,,,,,,,,,,,,,,,,
,,,,,,,,,,,,,,,,,,,,
,,,,,,,,,,,,,,,,,,,,
,,,,,,,,,,,,,,,,,,,,
,,,,,,,,,,,,,,,,,,,,
,,,,,,,,,,,,,,,,,,,,
,,,,,,,,,,,,,,,,,,,,
,,,,,,,,,,,,,,,,,,,,
,,,,,,,,,,,,,,,,,,,,
,,,,,,,,,,,,,,,,,,,,
,,,,,,,,,,,,,,,,,,,,
,,,,,,,,,,,,,,,,,,,,
,,,,,,,,,,,,,,,,,,,,
,,,,,,,,,,,,,,,,,,,,
285.0,食品,乳制品,纯奶,低温纯牛奶,A,"定义：采用巴氏杀菌工艺处理，需在0-6℃冷链条件下储存和销售的牛乳饮品，保质期通常为7-15天。产品以屋顶盒、塑料瓶等包装形式销售，成分仅为生牛乳，旨在较大程度保留牛奶的天然风味与活性营养物质。

快速核查一句话
1. 必须冷藏、巴氏杀菌、只有生牛乳、无添加，才算低温纯牛奶。
2. 常温奶、酸奶、调制乳都不算。

UHT 是什么
UHT = Ultra High Temperature
超高温瞬时灭菌（135℃以上瞬间杀菌）","1. 低温巴氏杀菌纯牛奶
2. 低温鲜牛奶、纯鲜牛奶
3. 低温全脂 / 低脂 / 脱脂纯牛奶
4. 需冷藏、保质期短的生牛乳纯奶

关键词：冷藏、巴氏、鲜牛奶、纯牛乳、无添加","1. 常温纯牛奶（UHT、利乐包）
2. 低温酸奶、风味发酵乳
3. 早餐奶、麦香奶、核桃奶、高钙奶（调制乳）
4. 含乳饮料、乳酸菌饮料
5. 奶粉、奶酪、奶油
6. 植物奶：豆奶、椰奶、燕麦奶等",光明,全脂低温纯牛奶,,原味,玻璃瓶,,,,,,,
,,,,,,,,,三元君,低脂低温纯牛奶,,奶香味,PET 塑料瓶,,,,,,,
,,,,,,,,,君乐宝,脱脂低温纯牛奶,,清淡型,屋顶盒,,,,,,,
,,,,,,,,,辉山,,,其他,袋装,,,,,,,
,,,,,,,,,新希望,,,,礼盒装,,,,,,,
,,,,,,,,,,,,,组合装,,,,,,,
,,,,,,,,,,,,,,,,,,,,
,,,,,,,,,,,,,,,,,,,,
,,,,,,,,,,,,,,,,,,,,
,,,,,,,,,,,,,,,,,,,,
,,,,,,,,,,,,,,,,,,,,
,,,,,,,,,,,,,,,,,,,,
,,,,,,,,,,,,,,,,,,,,
,,,,,,,,,,,,,,,,,,,,
,,,,,,,,,,,,,,,,,,,,
,,,,,,,,,,,,,,,,,,,,
,,,,,,,,,,,,,,,,,,,,
,,,,,,,,,,,,,,,,,,,,
,,,,,,,,,,,,,,,,,,,,
,,,,,,,,,,,,,,,,,,,,
,,,,,,,,,,,,,,,,,,,,
,,,,,,,,,,,,,,,,,,,,
286.0,食品,乳制品,纯奶,纯羊奶,B,"定义
以生羊乳为唯一原料，经灭菌或杀菌工艺制成的乳制品，可根据工艺分为常温型或低温冷藏型。产品不添加任何调味物质，其核心特征与营养价值源于羊奶本身，是独立于牛奶的动物奶品类。",全脂纯羊奶、脱脂纯羊奶、常温纯羊奶、低温冷藏纯羊奶,"调制羊奶：添加维生素、矿物质、糖、稳定剂等辅料制成的调制乳；
羊奶含乳饮料：羊奶含量低，添加水、甜味剂、香精等制成的乳饮料；
混合乳制品：羊奶与牛奶、植物蛋白等混合制成的复合液态乳；
风味羊奶制品：添加果汁、咖啡、香精等制成的风味羊奶饮品；",佳贝艾特,,,原味,,,,,,,,
,,,,,,,,,合生元,,,无膻味,利乐砖,,,,,,,
,,,,,,,,,多美滋,,,清淡,利乐枕,,,,,,,
,,,,,,,,,雅士利,,,其他,玻璃瓶,,,,,,,
,,,,,,,,,完达山,,,,塑料瓶,,,,,,,
,,,,,,,,,,,,,屋顶盒,,,,,,,
,,,,,,,,,,,,,,,,,,,,
,,,,,,,,,,,,,,,,,,,,
,,,,,,,,,,,,,,,,,,,,
,,,,,,,,,,,,,,,,,,,,
,,,,,,,,,,,,,,,,,,,,
,,,,,,,,,,,,,,,,,,,,
,,,,,,,,,,,,,,,,,,,,
,,,,,,,,,,,,,,,,,,,,
,,,,,,,,,,,,,,,,,,,,
,,,,,,,,,,,,,,,,,,,,
,,,,,,,,,,,,,,,,,,,,
,,,,,,,,,,,,,,,,,,,,
,,,,,,,,,,,,,,,,,,,,
,,,,,,,,,,,,,,,,,,,,
,,,,,,,,,,,,,,,,,,,,
,,,,,,,,,,,,,,,,,,,,
287.0,食品,乳制品,纯奶,其他纯奶,B,"定义
以单一非牛、非羊的哺乳动物乳汁为唯一原料，经巴氏杀菌或超高温灭菌处理，不添加任何其他成分，直接饮用的液态奶制品，统称为其他纯奶。

核心属性
原料为100% 单一动物生乳
仅经杀菌处理，无任何添加
不属于牛奶、羊奶，属于小众特色纯奶","1. 驴奶
2. 马奶 / 马乳
3. 驼奶（骆驼奶）
4. 牦牛奶
5. 鹿奶
6. 其他珍稀哺乳动物生鲜乳经灭菌制成的纯液态奶","1. 明确排除品类
纯牛奶、纯羊奶
2. 调制乳、含乳饮料
添加了糖、香精、果汁、谷物、添加剂等，不是 100% 纯乳的 产品
3. 发酵乳制品
酸奶、酸牛乳、风味发酵乳等
4. 乳粉类
奶粉、乳清粉、全脂乳粉等
5. 奶油、黄油、奶酪等乳制品
不属于液态纯奶范畴",伊利,,,,,,,,,,,
,,,,,,,,,蒙牛,,,,瓶装,,,,,,,
,,,,,,,,,光明,,,,盒装,,,,,,,
,,,,,,,,,三元,,,,袋装,,,,,,,
,,,,,,,,,君乐宝,,,,利乐包,,,,,,,
,,,,,,,,,,,,,其他,,,,,,,
,,,,,,,,,,,,,,,,,,,,
,,,,,,,,,,,,,,,,,,,,
,,,,,,,,,,,,,,,,,,,,
,,,,,,,,,,,,,,,,,,,,
,,,,,,,,,,,,,,,,,,,,
,,,,,,,,,,,,,,,,,,,,
,,,,,,,,,,,,,,,,,,,,
,,,,,,,,,,,,,,,,,,,,
,,,,,,,,,,,,,,,,,,,,
,,,,,,,,,,,,,,,,,,,,
,,,,,,,,,,,,,,,,,,,,
,,,,,,,,,,,,,,,,,,,,
,,,,,,,,,,,,,,,,,,,,
,,,,,,,,,,,,,,,,,,,,
,,,,,,,,,,,,,,,,,,,,
,,,,,,,,,,,,,,,,,,,,
288.0,食品,乳制品,酸奶,低温酸奶,S,"定义：以生牛乳或复原乳为原料，经巴氏杀菌后接种乳酸菌发酵，并在2-6℃冷链条件下储存、运输、销售的酸奶制品。产品保留活性乳酸菌，质地呈凝固或搅拌型半固态，口感酸甜，常见于塑料杯、屋顶盒等冷藏包装，保质期通常7-21天。

快速判断一句话
1. 必须冷藏、发酵制成、质地浓稠的酸奶 = 低温酸奶。
2. 常温酸奶、乳酸菌饮料、鲜奶都不算。","1. 低温发酵乳
2. 低温风味发酵乳
3. 低温酸牛奶
4. 原味低温酸奶
5. 果粒 / 果肉低温酸奶（草莓、黄桃、蓝莓等）
6. 低温益生菌酸奶
7. 低温老酸奶、凝固型酸奶
8. 低温搅拌型酸奶

关键词：冷藏、发酵、酸奶、需 2–6℃保存","1. 常温酸奶（安慕希、纯甄、莫斯利安这类）
2. 低温纯牛奶、鲜牛奶、巴氏奶
3. 乳酸菌饮料、养乐多、优酸乳类
4. 含乳饮料、风味奶
5. 奶粉、奶酪、奶油
6. 植物酸奶（椰浆酸奶、豆酸奶等，看你系统是否单列）",光明,全脂低温酸奶,,原味,杯装（单杯 / 联杯）,无糖,,,,,,
,,,,,,,,,三元君,低脂低温酸奶,,草莓味,盒装（屋顶盒）,含糖,,,,,,
,,,,,,,,,君乐宝,脱脂低温酸奶,,黄桃味,瓶装（PET / 玻璃瓶）,,,,,,,
,,,,,,,,,辉山,,,蓝莓味,碗装,,,,,,,
,,,,,,,,,新希望,,,芒果味,桶装（家庭装）,,,,,,,
,,,,,,,,,,,,百香果味,礼盒装,,,,,,,
,,,,,,,,,,,,混合莓果,组合装,,,,,,,
,,,,,,,,,,,,红枣味,,,,,,,,
,,,,,,,,,,,,燕麦味,,,,,,,,
,,,,,,,,,,,,香草味,,,,,,,,
,,,,,,,,,,,,其他,,,,,,,,
,,,,,,,,,,,,,,,,,,,,
,,,,,,,,,,,,,,,,,,,,
,,,,,,,,,,,,,,,,,,,,
,,,,,,,,,,,,,,,,,,,,
,,,,,,,,,,,,,,,,,,,,
,,,,,,,,,,,,,,,,,,,,
,,,,,,,,,,,,,,,,,,,,
,,,,,,,,,,,,,,,,,,,,
,,,,,,,,,,,,,,,,,,,,
,,,,,,,,,,,,,,,,,,,,
,,,,,,,,,,,,,,,,,,,,
289.0,食品,乳制品,酸奶,常温酸奶,S,"定义：以生牛乳或复原乳为原料，经乳酸菌发酵后通过超高温瞬时灭菌处理，使乳酸菌失活并达到商业无菌，可在常温环境下储存、销售的酸奶制品。产品乳酸菌已灭活，质地均匀细腻，常见利乐砖、PET瓶等便携包装，保质期通常3-6个月。

快速判断一句话
1. 不需要冷藏、可常温存放的发酵酸奶 = 常温酸奶。
2. 冷藏酸奶、鲜奶、饮料都不算。","1. 常温发酵乳
2. 常温风味发酵乳
3. 常温酸牛奶、常温益生菌酸奶
4. 常温果粒 / 果肉酸奶
5. 不需要冷藏、可长期存放的酸奶

关键词：常温、无需冷藏、保质期长","1. 低温酸奶、冷藏酸奶、老酸奶
2. 低温纯牛奶、巴氏鲜牛奶
3. 乳酸菌饮料、含乳饮料、优酸乳
4. 常温纯牛奶（UHT 纯奶）
5. 奶粉、奶酪、奶片",安慕希,全脂常温酸奶,,原味,利乐砖（盒装）,无糖,,,,,,
,,,,,,,,,莫斯利安,低脂常温酸奶,,草莓味,瓶装,含糖,,,,,,
,,,,,,,,,纯甄,脱脂常温酸奶,,黄桃味,杯装,,,,,,,
,,,,,,,,,简爱,,,蓝莓味,礼盒装,,,,,,,
,,,,,,,,,卡士,,,芒果味,组合装,,,,,,,
,,,,,,,,,,,,红枣味,,,,,,,,
,,,,,,,,,,,,燕麦味,,,,,,,,
,,,,,,,,,,,,香草味,,,,,,,,
,,,,,,,,,,,,其他,,,,,,,,
,,,,,,,,,,,,,,,,,,,,
,,,,,,,,,,,,,,,,,,,,
,,,,,,,,,,,,,,,,,,,,
,,,,,,,,,,,,,,,,,,,,
,,,,,,,,,,,,,,,,,,,,
,,,,,,,,,,,,,,,,,,,,
,,,,,,,,,,,,,,,,,,,,
,,,,,,,,,,,,,,,,,,,,
,,,,,,,,,,,,,,,,,,,,
,,,,,,,,,,,,,,,,,,,,
,,,,,,,,,,,,,,,,,,,,
,,,,,,,,,,,,,,,,,,,,
,,,,,,,,,,,,,,,,,,,,
290.0,食品,乳制品,奶酪,奶酪,A,"定义：以牛乳或其他哺乳动物乳为原料，经凝乳酶或酸化剂使乳蛋白凝固、排乳清后，通过发酵与熟成工艺制成的固态或半固态乳制品，富含乳脂、蛋白质和钙，按水分含量与熟成时间分为新鲜、软质、半硬质、硬质及蓝纹等类别，市售形态包括块状、片状、碎粒、涂抹型小包装及再制干酪条，可直接食用、融化烹饪或用作配料。

快速判断一句话
1. 以乳为原料，经发酵、凝乳、成熟制成的乳制品 = 奶酪。
2. 只是 “芝士味” 的零食、饮料、酱料都不算。","1. 天然奶酪、干酪
2. 再制干酪、再制奶酪
3. 奶酪片、芝士片
4. 奶酪棒、儿童奶酪棒
5. 奶酪块、奶酪条
6. 奶油奶酪、马斯卡彭
7. 马苏里拉芝士（拉丝芝士）
8. 三角奶酪、小方奶酪","1. 牛奶、酸奶、含乳饮料
2. 奶粉、奶片、奶糖
3. 黄油、奶油、淡奶油
4. 乳酸菌饮料、植物奶
5. 芝士味零食、芝士饼干、膨化食品（只是调味）
6. 沙拉酱、芝士酱（调味酱）",妙可蓝多,奶酪棒,,原味,袋装,,,,,,,
,,,,,,,,,伊利,奶酪片 / 芝士片,,草莓味,杯装,,,,,,,
,,,,,,,,,蒙牛,奶酪块 / 奶酪条,,香草味,盒装,,,,,,,
,,,,,,,,,安佳,马苏里拉,,蓝莓味,独立小支装,,,,,,,
,,,,,,,,,百吉福,奶油奶酪,,芒果味,板装（芝士片）,,,,,,,
,,,,,,,,,,硬质干酪,,混合水果味,桶装,,,,,,,
,,,,,,,,,,杯装 / 涂抹奶酪,,咸味,礼盒装,,,,,,,
,,,,,,,,,,,,浓芝士味,组合装,,,,,,,
,,,,,,,,,,,,其他,,,,,,,,
,,,,,,,,,,,,,,,,,,,,
,,,,,,,,,,,,,,,,,,,,
,,,,,,,,,,,,,,,,,,,,
,,,,,,,,,,,,,,,,,,,,
,,,,,,,,,,,,,,,,,,,,
,,,,,,,,,,,,,,,,,,,,
,,,,,,,,,,,,,,,,,,,,
,,,,,,,,,,,,,,,,,,,,
,,,,,,,,,,,,,,,,,,,,
,,,,,,,,,,,,,,,,,,,,
,,,,,,,,,,,,,,,,,,,,
,,,,,,,,,,,,,,,,,,,,
,,,,,,,,,,,,,,,,,,,,
291.0,食品,乳制品,冰品,雪糕/冰淇淋,S,"定义：以水、食糖、乳 / 非乳原料、油脂等为主要成分，经混合、灭菌、冻结成型制成的冷冻饮品，不含碎冰冰类可吸食冰碴状产品，口感多为绵密紧实或蓬松，需啃食、挖食，常温融化后呈糊状或半固体状。产品通常具有浓郁的奶香和多样的风味，形态包括杯装、盒装、脆筒、支棒装以及家庭分享装等多种形式，需在冷冻条件下储存和销售，含单支、家庭装等规格。

快速判断一句话
雪糕 / 冰淇淋：有奶、有脂肪、口感绵密软滑、需要专业冷链运输
棒冰 / 冰棍 / 冰棒：主要是水 + 糖 + 香精，无奶或少量的奶、无脂肪、硬冰","1. 棒状带棍类：巧乐兹脆皮雪糕、绿豆沙冰棒、牛奶冰棒、巧克力夹心冰棒
2. 脆筒类：五羊脆筒雪糕
3. 杯装 / 盒装类：哈根达斯冰淇淋、酸奶冰杯、球形冰淇淋、甜筒冰淇淋
4. 其他形态类：冰淇淋球、雪泥杯、冷冻奶昔冰品、威化、冰球

关键词：冷冻、-18℃储存、冰品","1. 常温饮料、汽水、果汁
2. 酸奶、牛奶（无论常温 / 低温）
3. 果冻、布丁（常温 / 冷藏）
4. 冰淇淋味零食、饼干、糖果
5. 冰淇淋风味饮料、奶茶
6. 不包括棒冰，可吸食的冰碴状细长袋 / 管状产品（如旺旺碎冰冰）
7.无冻结成型的常温冰品",哈根达斯,冰淇淋,,原味,袋装,,,,,,,
,,,,,,,,,和路雪,雪糕,,香草味,盒装,,,,,,,
,,,,,,,,,八喜,棒冰 / 冰棍 / 冰棒,,巧克力味,杯装,,,,,,,
,,,,,,,,,伊利,雪泥 / 冰沙,,草莓味,支装独立包装,,,,,,,
,,,,,,,,,蒙牛,甜筒,,芒果味,家庭桶装,,,,,,,
,,,,,,,,,,杯装冰淇淋,,抹茶味,礼盒装,,,,,,,
,,,,,,,,,,桶装冰淇淋,,榴莲味,组合装,,,,,,,
,,,,,,,,,,,,蓝莓味,,,,,,,,
,,,,,,,,,,,,白桃味,,,,,,,,
,,,,,,,,,,,,海盐味,,,,,,,,
,,,,,,,,,,,,芝士味,,,,,,,,
,,,,,,,,,,,,混合口味,,,,,,,,
,,,,,,,,,,,,其他,,,,,,,,
,,,,,,,,,,,,,,,,,,,,
,,,,,,,,,,,,,,,,,,,,
,,,,,,,,,,,,,,,,,,,,
,,,,,,,,,,,,,,,,,,,,
,,,,,,,,,,,,,,,,,,,,
,,,,,,,,,,,,,,,,,,,,
,,,,,,,,,,,,,,,,,,,,
,,,,,,,,,,,,,,,,,,,,
,,,,,,,,,,,,,,,,,,,,
292.0,食品,乳制品,冰品,棒冰,B,"定义
以饮用水、食糖、果汁 / 风味剂为主要成分，经混合、灭菌、灌装冻结制成的细长袋 / 管状冰碴状冷冻饮品，可吸食、可掰断分享，常温融化后呈液体状。产品通常以单支独立包装/家庭分享装的形式出现，通过手持塑料棒/袋直接食用，风味以水果味为主。

核心定义
以饮用水、食糖、乳制品、果蔬汁、豆类、食用添加剂等为主要原料，经配制、灭菌、灌装、冻结成型，带有棒棍，可手持食用的硬质冷冻饮品；口感偏冰爽、硬脆，不含或仅含少量乳脂，区别于奶油类雪糕、冰淇淋。

核心属性
能吸着喝、掰断全是冰碴的、常温储存为风味饮料、冷冻为棒冰→棒冰（碎冰冰类）
看包装形态 + 融化状态：细长袋 / 管装、常温放 5 分钟能捏出液体的 = 棒冰（碎冰冰类）","1. 袋 / 管状可吸食冰品：旺旺碎冰冰、果味吸吸冰、掰掰冰、棒棒冰、旺旺捏捏乐等
2. 冰碴状细长棒冰：水果味碎碎冰、双色碎冰冰等","1. 带木棍的棒状冰品（如绿豆冰棒、牛奶冰棒）
2. 杯装 / 盒装的绵密型冷冻饮品（如冰淇淋、雪糕）
3. 无冰碴感的紧实型冰棒",伊利,,,草莓味,,,,,,,,
,,,,,,,,,蒙牛,,,橙子味,独立小包装,,,,,,,
,,,,,,,,,和路雪,,,西瓜味,独立大包装,,,,,,,
,,,,,,,,,八喜,,,绿豆味,多包装,,,,,,,
,,,,,,,,,雀巢,,,红豆味,盒装,,,,,,,
,,,,,,,,,,,,柠檬味,桶装,,,,,,,
,,,,,,,,,,,,葡萄味,,,,,,,,
,,,,,,,,,,,,芒果味,,,,,,,,
,,,,,,,,,,,,其他,,,,,,,,
,,,,,,,,,,,,,,,,,,,,
,,,,,,,,,,,,,,,,,,,,
,,,,,,,,,,,,,,,,,,,,
,,,,,,,,,,,,,,,,,,,,
,,,,,,,,,,,,,,,,,,,,
,,,,,,,,,,,,,,,,,,,,
,,,,,,,,,,,,,,,,,,,,
,,,,,,,,,,,,,,,,,,,,
,,,,,,,,,,,,,,,,,,,,
,,,,,,,,,,,,,,,,,,,,
,,,,,,,,,,,,,,,,,,,,
,,,,,,,,,,,,,,,,,,,,
,,,,,,,,,,,,,,,,,,,,
293.0,食品,乳制品,风味牛奶,风味牛奶,S,"定义：以巴氏杀菌或超高温灭菌的牛奶或复原乳为基底，添加糖、食用香精、果汁、谷物、咖啡、可可或其他风味配料调制而成的含乳饮品，保留了牛奶的基本营养，乳蛋白含量通常不低于2.3%。产品呈液态，可直接饮用，常见包装为利乐砖、利乐枕、塑料瓶或屋顶盒，常温或冷藏销售，涵盖草莓、巧克力、香蕉、麦香、咖啡等多种大众口味。

快速判断一句话
1. 生牛乳为主 + 加了风味 / 糖 / 添加剂 = 风味牛奶。
2. 纯牛奶、含乳饮料、植物奶都不算。","1. 早餐奶
2. 麦香牛奶
3. 核桃牛奶
4. 花生牛奶
5. 燕麦牛奶
6. 红枣牛奶
7. 香蕉牛奶
8. 草莓牛奶
9. 巧克力牛奶
10. 高钙牛奶（多数）
11. 低脂 / 脱脂风味奶
12. 生牛乳 + 配料 / 添加剂的调制乳
13. 常温风味奶、低温风味奶

关键词：生牛乳为原料 + 添加糖 / 风味 / 营养强化","1. 纯牛奶（常温纯奶、低温纯奶）
2. 酸奶、低温酸奶、常温酸奶
3. 含乳饮料、乳酸菌饮料、优酸乳
4. 豆奶、椰奶、杏仁奶等植物奶
5. 奶粉、奶酪、奶油
6. 奶茶、果味饮料",伊利,全脂风味奶,,原味,利乐砖（盒装）,无糖,,,,,,
,,,,,,,,,蒙牛,低脂 / 脱脂风味奶,,麦香,利乐枕（袋装）,含糖,,,,,,
,,,,,,,,,光明,高钙 / 强化维生素风味奶,,红枣味,瓶装,,,,,,,
,,,,,,,,,三元,,,核桃味,屋顶盒,,,,,,,
,,,,,,,,,君乐宝,,,燕麦味,礼盒装,,,,,,,
,,,,,,,,,,,,草莓味,组合装,,,,,,,
,,,,,,,,,,,,香蕉味,,,,,,,,
,,,,,,,,,,,,巧克力味,,,,,,,,
,,,,,,,,,,,,花生味,,,,,,,,
,,,,,,,,,,,,香草味,,,,,,,,
,,,,,,,,,,,,其他,,,,,,,,
,,,,,,,,,,,,,,,,,,,,
,,,,,,,,,,,,,,,,,,,,
,,,,,,,,,,,,,,,,,,,,
,,,,,,,,,,,,,,,,,,,,
,,,,,,,,,,,,,,,,,,,,
,,,,,,,,,,,,,,,,,,,,
,,,,,,,,,,,,,,,,,,,,
,,,,,,,,,,,,,,,,,,,,
,,,,,,,,,,,,,,,,,,,,
,,,,,,,,,,,,,,,,,,,,
,,,,,,,,,,,,,,,,,,,,
294.0,食品,乳制品,成人奶粉,中老年奶粉,A,"定义：专为50岁以上人群设计的调制乳粉，通过强化钙、维生素D与膳食纤维，支持骨骼与肠道健康，低脂低糖配方，粉末冲调饮用。

快速判断一句话
1. 专门标注 “中老年”、针对中老年营养配方的奶粉 = 中老年奶粉。
2. 其他人群奶粉、冲调品、液态奶都不算。","1. 专门为中老年人设计的配方奶粉
2. 高钙、低脂、脱脂、无糖 / 低糖中老年奶粉
3. 添加鱼油、益生菌、膳食纤维、维生素的中老年配方奶粉
4. 成人奶粉中标注 **“中老年”** 的产品","1. 婴幼儿奶粉、儿童奶粉、学生奶粉
2. 成人全脂奶粉、全家营养奶粉（未标注中老年）
3. 女士奶粉、孕妇奶粉
4. 豆奶粉、麦片、芝麻糊等冲调谷物
5. 液态奶、酸奶、含乳饮料
6. 蛋白粉、保健品（非奶粉类）",伊利,普通中老年奶粉,,原味,袋装（实惠装）,无糖,,,,,,
,,,,,,,,,蒙牛,高钙中老年奶粉,,香草味,铁罐装（密封保鲜）,含糖,,,,,,
,,,,,,,,,雀巢,低脂 / 脱脂中老年奶粉,,核桃味,礼盒装（送礼）,,,,,,,
,,,,,,,,,完达山,无糖 / 0 蔗糖中老年奶粉,,红枣味,独立小条装,,,,,,,
,,,,,,,,,飞鹤,富硒 / 强化维生素奶粉,,燕麦味,礼盒装,,,,,,,
,,,,,,,,,,益生菌 / 护肠胃中老年奶粉,,高钙原味,组合装,,,,,,,
,,,,,,,,,,,,低糖原味,,,,,,,,
,,,,,,,,,,,,其他,,,,,,,,
,,,,,,,,,,,,,,,,,,,,
,,,,,,,,,,,,,,,,,,,,
,,,,,,,,,,,,,,,,,,,,
,,,,,,,,,,,,,,,,,,,,
,,,,,,,,,,,,,,,,,,,,
,,,,,,,,,,,,,,,,,,,,
,,,,,,,,,,,,,,,,,,,,
,,,,,,,,,,,,,,,,,,,,
,,,,,,,,,,,,,,,,,,,,
,,,,,,,,,,,,,,,,,,,,
,,,,,,,,,,,,,,,,,,,,
,,,,,,,,,,,,,,,,,,,,
,,,,,,,,,,,,,,,,,,,,
,,,,,,,,,,,,,,,,,,,,
295.0,食品,乳制品,成人奶粉,全家奶粉,B,"定义
全家奶粉是指以牛乳、羊乳等乳类为主要原料，经干燥、脱脂、杀菌、均质、配方调整等工艺制成的粉末状乳制品，适用于全年龄段人群，可根据不同人群营养需求强化或调整营养成分，是满足家庭全成员基础营养摄入的配方奶粉。","全脂全家奶粉、脱脂全家奶粉、中老年全家奶粉、成人全家奶粉
牛乳全家奶粉、羊乳全家奶粉
钙全家奶粉、高铁全家奶粉、益生菌全家奶粉","调制乳粉（细分人群）：仅适用于儿童、孕妇、老年人等特定群体的专用配方粉；
含乳饮料 / 固体饮料：添加大量糖、香精、添加剂，乳类为次要原料的制品；",伊利,,补钙,原味,,无糖,,,,,,
,,,,,,,,,蒙牛,,补充维生素,香草味,罐装,含糖,,,,,,
,,,,,,,,,雀巢,,补充矿物质,巧克力味,袋装,,,,,,,
,,,,,,,,,完达山,,其他,麦香味,盒装,,,,,,,
,,,,,,,,,飞鹤,,,草莓味,,,,,,,,
,,,,,,,,,,,,蜂蜜味,,,,,,,,
,,,,,,,,,,,,其他,,,,,,,,
,,,,,,,,,,,,,,,,,,,,
,,,,,,,,,,,,,,,,,,,,
,,,,,,,,,,,,,,,,,,,,
,,,,,,,,,,,,,,,,,,,,
,,,,,,,,,,,,,,,,,,,,
,,,,,,,,,,,,,,,,,,,,
,,,,,,,,,,,,,,,,,,,,
,,,,,,,,,,,,,,,,,,,,
,,,,,,,,,,,,,,,,,,,,
,,,,,,,,,,,,,,,,,,,,
,,,,,,,,,,,,,,,,,,,,
,,,,,,,,,,,,,,,,,,,,
,,,,,,,,,,,,,,,,,,,,
,,,,,,,,,,,,,,,,,,,,
,,,,,,,,,,,,,,,,,,,,
296.0,食品,乳制品,成人奶粉,女士奶粉,C,"定义
以牛乳、羊乳等乳类为主要原料，针对18-50岁女性调配的调制乳粉，，根据女性生理特点、营养需求（如补充胶原蛋白、铁、叶酸、钙、维生素等），满足经期、孕期及皮肤健康需求，粉末冲调饮用。分为日常营养型、特殊需求型（如减脂、养颜、补铁）等品类。","按营养功能分：补铁养颜型、高钙健骨型、低脂减脂型、胶原蛋白焕肤型、复合维生素型；
按原料分：牛乳女士奶粉、羊乳女士奶粉；
按特殊需求分：孕期女士奶粉、经期调理型、更年期营养型。","特殊医学用途配方食品：为疾病人群设计的医用配方，不属于普通女士奶粉范畴；
全家奶粉：适配全年龄段人群，无女性专属营养强化配方；",伊利,,补铁养血,原味,,无糖,,,,,,
,,,,,,,,,蒙牛,,补充叶酸,香草味,罐装,低糖,,,,,,
,,,,,,,,,雀巢,,补充胶原蛋白,巧克力味,袋装,含糖,,,,,,
,,,,,,,,,完达山,,高钙,草莓味,盒装,,,,,,,
,,,,,,,,,飞鹤,,其他,红枣枸杞味,,,,,,,,
,,,,,,,,,,,,麦香味,,,,,,,,
,,,,,,,,,,,,无糖味,,,,,,,,
,,,,,,,,,,,,其他,,,,,,,,
,,,,,,,,,,,,,,,,,,,,
,,,,,,,,,,,,,,,,,,,,
,,,,,,,,,,,,,,,,,,,,
,,,,,,,,,,,,,,,,,,,,
,,,,,,,,,,,,,,,,,,,,
,,,,,,,,,,,,,,,,,,,,
,,,,,,,,,,,,,,,,,,,,
,,,,,,,,,,,,,,,,,,,,
,,,,,,,,,,,,,,,,,,,,
,,,,,,,,,,,,,,,,,,,,
,,,,,,,,,,,,,,,,,,,,
,,,,,,,,,,,,,,,,,,,,
,,,,,,,,,,,,,,,,,,,,
,,,,,,,,,,,,,,,,,,,,
297.0,食品,乳制品,成人奶粉,特殊医学配方奶粉,C,"定义
以乳类及乳蛋白制品或其他蛋白质来源为主要原料，针对进食受限、消化吸收障碍、代谢紊乱或特定疾病状态人群对营养素或膳食的特殊需要，专门加工配制而成的配方奶粉。产品需在医生或临床营养师指导下使用，可单独或配合其他食物满足目标人群的特殊营养需求，不属于普通食品，具有明确的医学营养干预属性。","全营养配方：适用于无法正常进食或营养摄入不足人群的全面营养支持；
疾病特定配方：糖尿病适用、肾病适用、肝病适用、肿瘤适用、胃肠道功能障碍适用等；
氨基酸 / 深度水解配方：适用于牛奶蛋白过敏、严重消化吸收不良人群；
早产儿 / 低体重配方：适用于早产、低出生体重婴幼儿追赶生长；
苯丙酮尿症等代谢病专用配方：针对先天性代谢异常疾病专用。","普通婴幼儿配方奶粉、儿童奶粉、成人奶粉、全家奶粉等普通食品；
女士奶粉、中老年奶粉、高钙奶粉等功能性调制乳粉；
蛋白粉、固体饮料、含乳饮料等普通膳食补充产品；
保健食品类奶粉；",伊利,,提供全面营养,原味,,无糖,,,,,,
,,,,,,,,,蒙牛,,促进消化吸收,香草味,罐装,含糖,,,,,,
,,,,,,,,,雀巢,,控制血糖,巧克力味,袋装,,,,,,,
,,,,,,,,,完达山,,低蛋白饮食,其他,,,,,,,,
,,,,,,,,,飞鹤,,高能量密度,,,,,,,,,
,,,,,,,,,,,无乳糖,,,,,,,,,
,,,,,,,,,,,无麸质,,,,,,,,,
,,,,,,,,,,,肾病专用,,,,,,,,,
,,,,,,,,,,,糖尿病专用,,,,,,,,,
,,,,,,,,,,,肿瘤患者专用,,,,,,,,,
,,,,,,,,,,,,,,,,,,,,
,,,,,,,,,,,,,,,,,,,,
,,,,,,,,,,,,,,,,,,,,
,,,,,,,,,,,,,,,,,,,,
,,,,,,,,,,,,,,,,,,,,
,,,,,,,,,,,,,,,,,,,,
,,,,,,,,,,,,,,,,,,,,
,,,,,,,,,,,,,,,,,,,,
,,,,,,,,,,,,,,,,,,,,
,,,,,,,,,,,,,,,,,,,,
,,,,,,,,,,,,,,,,,,,,
,,,,,,,,,,,,,,,,,,,,
298.0,食品,乳制品,成人奶粉,其他成人奶粉,,"定义
除上述细分外，面向成人的普通或功能化调制乳粉，仅作日常乳制品补充，无特定人群强化，粉末冲调饮用。

核心定义
以生牛 / 羊乳或乳粉为主要原料，针对普通成年人群营养需求加工制成的粉状乳制品，不针对特定性别、老年人群或特殊医学用途，主要用于日常营养补充、冲饮食用，排除上述指定品类后统称为其他成人奶粉。

核心属性
适用人群：18 周岁以上普通成年人
形态：粉状冲调乳粉
用途：日常营养补充，非医疗、非特定性别老年专用","羊奶粉（成人）
牦牛奶粉（成人）
骆驼奶粉（成人）","中老年奶粉
全家奶粉
女士奶粉
特殊医学配方奶粉
婴幼儿配方奶粉
儿童成长奶粉
学生奶粉（单独归类）
乳清蛋白粉
大豆蛋白粉
植物基蛋白粉
固体饮料（非乳粉类）
豆奶粉
奶茶粉
咖啡伴侣
营养麦片
奶粉伴侣",伊利,,,原味,,无糖,,,,,,
,,,,,,,,,蒙牛,,,香草味,罐装,含糖,,,,,,
,,,,,,,,,雀巢,,,巧克力味,袋装,,,,,,,
,,,,,,,,,完达山,,,草莓味,盒装,,,,,,,
,,,,,,,,,飞鹤,,,麦香味,,,,,,,,
,,,,,,,,,,,,抹茶味,,,,,,,,
,,,,,,,,,,,,其他,,,,,,,,
,,,,,,,,,,,,,,,,,,,,
,,,,,,,,,,,,,,,,,,,,
,,,,,,,,,,,,,,,,,,,,
,,,,,,,,,,,,,,,,,,,,
,,,,,,,,,,,,,,,,,,,,
,,,,,,,,,,,,,,,,,,,,
,,,,,,,,,,,,,,,,,,,,
,,,,,,,,,,,,,,,,,,,,
,,,,,,,,,,,,,,,,,,,,
,,,,,,,,,,,,,,,,,,,,
,,,,,,,,,,,,,,,,,,,,
,,,,,,,,,,,,,,,,,,,,
,,,,,,,,,,,,,,,,,,,,
,,,,,,,,,,,,,,,,,,,,
,,,,,,,,,,,,,,,,,,,,
299.0,食品,乳制品,学生奶粉,学生奶粉,B,"定义
专为6-18岁学龄人群设计的调制乳粉，以牛乳或乳粉为基础，通过强化钙、铁、锌、DHA、维生素等营养素，补充日常膳食所需，支持身体发育与脑力活动。产品呈干燥粉末状，需冲调饮用，常见于罐装或盒装形式，作为针对学生群体的营养补充产品销售。

专为学生群体设计、强化生长发育相关营养素的调制乳粉","小学生奶粉：适合 6～12 岁，侧重钙、铁、维生素、益智营养；
中学生 / 青少年奶粉：适合 12～18 岁，侧重高钙、高蛋白、体力与脑力支持；
高钙高锌学生奶粉、DHA 学生奶粉、高铁学生奶粉。","婴幼儿配方奶粉（0～36 月龄）；
女士奶粉、中老年奶粉、全家奶粉；
特殊医学用途配方食品；
含乳饮料、固体饮料、风味乳饮品；
无学生专属营养强化的普通纯乳粉。",伊利,,补充钙质,原味,,无糖,,,,,,
,,,,,,,,,蒙牛,,增强免疫力,巧克力味,罐装,含糖,,,,,,
,,,,,,,,,雀巢,,提高记忆力,草莓味,盒装,,,,,,,
,,,,,,,,,完达山,,改善视力,香蕉味,袋装,,,,,,,
,,,,,,,,,飞鹤,,补充DHA,香草味,,,,,,,,
,,,,,,,,,,,,其他,,,,,,,,
,,,,,,,,,,,,,,,,,,,,
,,,,,,,,,,,,,,,,,,,,
,,,,,,,,,,,,,,,,,,,,
,,,,,,,,,,,,,,,,,,,,
,,,,,,,,,,,,,,,,,,,,
,,,,,,,,,,,,,,,,,,,,
,,,,,,,,,,,,,,,,,,,,
,,,,,,,,,,,,,,,,,,,,
,,,,,,,,,,,,,,,,,,,,
,,,,,,,,,,,,,,,,,,,,
,,,,,,,,,,,,,,,,,,,,
,,,,,,,,,,,,,,,,,,,,
,,,,,,,,,,,,,,,,,,,,
,,,,,,,,,,,,,,,,,,,,
,,,,,,,,,,,,,,,,,,,,
,,,,,,,,,,,,,,,,,,,,
300.0,食品,乳制品,黄油,黄油,C,"定义
以牛乳分离出的稀奶油经搅拌、浓缩、排去酪乳制成的固态乳脂制品，脂肪含量不低于80%，常温下呈柔软可塑的黄色或淡黄色块状，具有乳脂特有香气与微咸口感（无盐黄油除外）。通常以铝箔或羊皮纸独立分块包装，冷藏保存，可直接涂抹面包、用于烘焙起酥或烹饪煎炒，是烹饪与烘焙中的基础动物油脂原料。

以乳类脂肪为主要原料，固态","含盐量：无盐黄油、含盐黄油
按加工工艺：发酵黄油、普通甜性黄油
按用途：烘焙专用黄油、涂抹型黄油、烹饪黄油","植物黄油、人造奶油、起酥油等非乳脂类脂肪制品
稀奶油、淡奶油、重奶油等液态奶油制品
奶酪、芝士、酸奶等其他发酵乳制品
食用油、猪油、牛油等非乳类食用油脂
含乳饮料、调制乳粉等非脂肪类乳制品",安佳,,,无盐,,,,,,,,
,,,,,,,,,总统,,,微咸,块状铝箔纸包装,,,,,,,
,,,,,,,,,多美鲜,,,淡味,块状羊皮纸包装,,,,,,,
,,,,,,,,,伊利,,,加盐,桶装,,,,,,,
,,,,,,,,,蒙牛,,,发酵,杯装,,,,,,,
,,,,,,,,,,,,其他,条状,,,,,,,
,,,,,,,,,,,,,盒装,,,,,,,
,,,,,,,,,,,,,其他,,,,,,,
,,,,,,,,,,,,,,,,,,,,
,,,,,,,,,,,,,,,,,,,,
,,,,,,,,,,,,,,,,,,,,
,,,,,,,,,,,,,,,,,,,,
,,,,,,,,,,,,,,,,,,,,
,,,,,,,,,,,,,,,,,,,,
,,,,,,,,,,,,,,,,,,,,
,,,,,,,,,,,,,,,,,,,,
,,,,,,,,,,,,,,,,,,,,
,,,,,,,,,,,,,,,,,,,,
,,,,,,,,,,,,,,,,,,,,
,,,,,,,,,,,,,,,,,,,,
,,,,,,,,,,,,,,,,,,,,
,,,,,,,,,,,,,,,,,,,,
301.0,食品,乳制品,炼奶,炼奶,C,"定义
一种以鲜牛/羊奶或乳粉为原料，经蒸发大部分水分并加入蔗糖（约40%-45%）制成的浓缩乳制品，固形物含量不低于28%，呈浅乳黄色至棕黄色膏状。高糖分起到天然防腐作用，使产品能在未开封状态下常温保存。炼奶可直接食用、涂抹、冲调或用于烘焙、饮品调味，常见于金属罐、软管或无菌利乐枕包装，并区分为加糖炼奶和无糖炼奶两类。

以乳类为原料经浓缩制成的黏稠乳制品，奶香浓郁、甜度高，多用于冲调和甜品调味。","加糖炼乳（甜炼奶）
淡炼乳（无糖炼乳 / 淡奶）
全脂炼乳、脱脂炼乳","奶油、黄油、奶酪等乳脂或发酵乳制品
酸奶、乳酸菌饮料等发酵饮品
乳味糖浆、果味酱、巧克力酱等非乳类稠状制品
奶粉、纯牛奶、调制乳等液态 / 粉末乳制品
植物蛋白饮料、豆奶制品",雀巢,,,原味,,,,,,,,
,,,,,,,,,伊利,,,焦糖味,金属罐,,,,,,,
,,,,,,,,,蒙牛,,,巧克力味,软管,,,,,,,
,,,,,,,,,安佳,,,草莓味,无菌利乐枕,,,,,,,
,,,,,,,,,总统,,,香草味,塑料挤压瓶,,,,,,,
,,,,,,,,,,,,其他,其他,,,,,,,
,,,,,,,,,,,,,,,,,,,,
,,,,,,,,,,,,,,,,,,,,
,,,,,,,,,,,,,,,,,,,,
,,,,,,,,,,,,,,,,,,,,
,,,,,,,,,,,,,,,,,,,,
,,,,,,,,,,,,,,,,,,,,
,,,,,,,,,,,,,,,,,,,,
,,,,,,,,,,,,,,,,,,,,
,,,,,,,,,,,,,,,,,,,,
,,,,,,,,,,,,,,,,,,,,
,,,,,,,,,,,,,,,,,,,,
,,,,,,,,,,,,,,,,,,,,
,,,,,,,,,,,,,,,,,,,,
,,,,,,,,,,,,,,,,,,,,
,,,,,,,,,,,,,,,,,,,,
,,,,,,,,,,,,,,,,,,,,
302.0,食品,乳制品,奶油,奶油,C,"定义
奶油是以乳脂为主要成分、经离心分离后浓缩制成的半固态乳制品，脂肪含量通常在30%–40%之间，可通过搅打形成包裹空气的柔软结构。呈乳白至浅黄色，质地可塑，室温下可涂抹，冷藏后变硬。可直接用于涂抹面包、蛋糕，也可打发后裱花或作为夹心，或加热融化用于烹调。市售产品多采用塑料盒或铝箔复合包装，常见品类包括无盐、含盐及发酵奶油。

从牛奶中分离出的液态乳脂制品，脂肪含量较高，可打发裱花，多用于甜品和咖啡。","淡奶油（稀奶油）、重脂奶油
打发型奶油、烹饪专用奶油
动物性裱花奶油","物奶油、植脂鲜奶油等非乳脂制品
黄油、奶酪、炼奶等固态 / 膏状乳制品
酸奶、乳酸菌饮料等发酵饮品
牛奶、调制乳、乳粉等低脂液态 / 粉末乳制品
沙拉酱、果酱、调味酱类产品",安佳,,,无盐,,无糖,,澳洲,澳洲,,,
,,,,,,,,,总统,,,含盐,塑料盒,含糖,,欧洲,欧洲,,,
,,,,,,,,,多美鲜,,,发酵,铝箔复合包装,,,德国,德国,,,
,,,,,,,,,伊利,,,原味,其他,,,国产,国产,,,
,,,,,,,,,蒙牛,,,香草,,,,,,,,
,,,,,,,,,,,,巧克力,,,,,,,,
,,,,,,,,,,,,草莓,,,,,,,,
,,,,,,,,,,,,其他,,,,,,,,
,,,,,,,,,,,,,,,,,,,,
,,,,,,,,,,,,,,,,,,,,
,,,,,,,,,,,,,,,,,,,,
,,,,,,,,,,,,,,,,,,,,
,,,,,,,,,,,,,,,,,,,,
,,,,,,,,,,,,,,,,,,,,
,,,,,,,,,,,,,,,,,,,,
,,,,,,,,,,,,,,,,,,,,
,,,,,,,,,,,,,,,,,,,,
,,,,,,,,,,,,,,,,,,,,
,,,,,,,,,,,,,,,,,,,,
,,,,,,,,,,,,,,,,,,,,
,,,,,,,,,,,,,,,,,,,,
,,,,,,,,,,,,,,,,,,,,
303.0,食品,乳制品,奶片/奶条,奶片/奶条,C,"定义
以乳粉或乳清粉为主要原料，经混合、压片工艺制成的固态即食乳制品，通常添加糖、植物油、麦芽糊精及食品添加剂以形成风味与口感。产品呈扁圆形或异形片状（单片重量约0.5–1.5克），可直接含服或咀嚼食用，具有浓郁奶香与甜味。多采用独立铝箔或复合膜小包装，常见瓶装或袋装销售，常温保存，属于休闲零食及便携营养补充食品类别。

核心定义
以乳粉（奶粉）为主要原料，可添加食糖、植脂末、乳清粉等辅料，经混合、压制成型制成的固体乳制品，口感酥脆，方便携带食用。

通用一句话
奶片：以乳粉为主要原料压制成型的固体乳制品，包括各类风味奶片，不包括奶条、奶糖、奶酪及液态奶。
奶条：以乳及乳制品为原料制成的条状奶制品，包括奶酥条、酸奶条，不包括奶片、奶酪棒、糖果及其他非奶条状食品。","奶片
纯牛奶片、羊奶片
原味 / 草莓 / 蓝莓等风味奶片
儿童奶片、高钙奶片、含益生菌奶片
压片型硬质奶片（主流市售产品）

奶条
牛奶条、酸奶条、奶酪条、奶酪块、奶豆腐
风干奶条、奶酥条、儿童奶条
内蒙古风味奶条、益生元奶条","奶糖、硬糖、软糖等纯糖类制品
奶粉、调制乳粉等需冲调的粉末乳制品
含乳固体饮料、豆奶粉、麦片等非压片类产品",伊利,,,原味,,无糖,,,,,,
,,,,,,,,,蒙牛,,,草莓味,袋装,含糖,,,,,,
,,,,,,,,,雀巢,,,酸奶味,瓶装,,,,,,,
,,,,,,,,,完达山,,,巧克力味,盒装,,,,,,,
,,,,,,,,,飞鹤,,,蓝莓味,,,,,,,,
,,,,,,,,,,,,香蕉味,,,,,,,,
,,,,,,,,,,,,芒果味,,,,,,,,
,,,,,,,,,,,,哈密瓜味,,,,,,,,
,,,,,,,,,,,,抹茶味,,,,,,,,
,,,,,,,,,,,,芝士味,,,,,,,,
,,,,,,,,,,,,蜜桃味,,,,,,,,
,,,,,,,,,,,,香草味,,,,,,,,
,,,,,,,,,,,,椰子味,,,,,,,,
,,,,,,,,,,,,其他,,,,,,,,
,,,,,,,,,,,,,,,,,,,,
,,,,,,,,,,,,,,,,,,,,
,,,,,,,,,,,,,,,,,,,,
,,,,,,,,,,,,,,,,,,,,
,,,,,,,,,,,,,,,,,,,,
,,,,,,,,,,,,,,,,,,,,
,,,,,,,,,,,,,,,,,,,,
,,,,,,,,,,,,,,,,,,,,
304.0,食品,速冻食品,速冻面点与主食,速冻饺子,A,"定义：以小麦粉制皮包裹调味馅料（猪肉、牛肉、鸡肉、海鲜或蔬菜及其组合）后经速冻而成的即食面点，呈半月形或元宝形；单冻后按计量装入塑料袋或托盒覆膜密封，食用前无需解冻，可直接水煮、蒸制或油煎；规格以500g家庭装、1kg餐饮装为主，亦可按个数盒装销售。

快速判断一句话
必须 - 18℃冷冻保存、生制、带馅、面皮包馅的饺子 / 馄饨类，才算冷冻饺子。","1. 速冻水饺
2. 速冻蒸饺
3. 速冻煎饺
4. 速冻锅贴
5. 速冻馄饨、云吞、抄手
6. 速冻荠菜 / 韭菜 / 白菜 / 猪肉 / 牛肉 / 羊肉等馅料饺子
7. 冷冻手工饺子","1. 常温饺子皮、馄饨皮
2. 常温即食水饺、真空包装熟水饺
3. 冷冻汤圆、元宵
4. 冷冻包子、馒头、花卷、烧麦
5. 冷冻面条、面片
6. 冷冻火锅丸、速冻调理肉制品
7. 常温速食馄饨、方便馄饨（非冷冻）",湾仔码头,水饺,,猪肉白菜,塑料袋装,,,,,,,
,,,,,,,,,思念,蒸饺,,猪肉韭菜,盒装,,,,,,,
,,,,,,,,,三全,煎饺,,猪肉荠菜,托盘装,,,,,,,
,,,,,,,,,龙凤,锅贴,,猪肉香菇,家庭桶装,,,,,,,
,,,,,,,,,海霸王,馄饨 / 云吞 / 抄手,,猪肉玉米,组合装,,,,,,,
,,,,,,,,,,,,牛肉大葱,,,,,,,,
,,,,,,,,,,,,羊肉大葱,,,,,,,,
,,,,,,,,,,,,三鲜,,,,,,,,
,,,,,,,,,,,,素三鲜,,,,,,,,
,,,,,,,,,,,,蔬菜,,,,,,,,
,,,,,,,,,,,,其他,,,,,,,,
,,,,,,,,,,,,,,,,,,,,
,,,,,,,,,,,,,,,,,,,,
,,,,,,,,,,,,,,,,,,,,
,,,,,,,,,,,,,,,,,,,,
,,,,,,,,,,,,,,,,,,,,
,,,,,,,,,,,,,,,,,,,,
,,,,,,,,,,,,,,,,,,,,
,,,,,,,,,,,,,,,,,,,,
,,,,,,,,,,,,,,,,,,,,
,,,,,,,,,,,,,,,,,,,,
,,,,,,,,,,,,,,,,,,,,
305.0,食品,速冻食品,速冻面点与主食,速冻汤圆,A,"定义：以糯米粉团包入甜馅（黑芝麻、花生、豆沙或果仁糖浆）后速冻制成的球形甜品，外表光滑；单粒速冻后装入塑料袋或真空袋，每袋15–30粒不等，食用时直接投入沸水中煮至浮起即可；常见于节日礼盒及日常小包装。

快速判断一句话
必须 - 18℃冷冻保存、糯米皮、甜馅 / 无馅的圆子，才算冷冻汤圆。","1. 速冻汤圆
2. 速冻元宵
3. 黑芝麻 / 花生 / 豆沙 / 水果等馅料冷冻汤圆
4. 冷冻小汤圆、无馅小汤圆
5. 冷冻彩色汤圆、网红汤圆","1. 常温汤圆粉、糯米粉
2. 冷冻饺子、馄饨、包子、馒头
3. 常温即食汤圆、熟制甜汤圆子
4. 冷冻年糕、麻薯、糍粑
5. 常温甜品、罐头甜品",湾仔码头,甜馅汤圆,,黑芝麻味,袋装,,,,,,,
,,,,,,,,,思念,咸馅汤圆,,花生味,盒装,,,,,,,
,,,,,,,,,三全,,,豆沙,托盘装,,,,,,,
,,,,,,,,,龙凤,,,紫薯,家庭装,,,,,,,
,,,,,,,,,海霸王,,,芋泥,小包装 / 儿童装,,,,,,,
,,,,,,,,,,,,红枣味,组合装,,,,,,,
,,,,,,,,,,,,核桃味,,,,,,,,
,,,,,,,,,,,,奶黄味,,,,,,,,
,,,,,,,,,,,,流心,,,,,,,,
,,,,,,,,,,,,水果味,,,,,,,,
,,,,,,,,,,,,原味,,,,,,,,
,,,,,,,,,,,,其他,,,,,,,,
,,,,,,,,,,,,,,,,,,,,
,,,,,,,,,,,,,,,,,,,,
,,,,,,,,,,,,,,,,,,,,
,,,,,,,,,,,,,,,,,,,,
,,,,,,,,,,,,,,,,,,,,
,,,,,,,,,,,,,,,,,,,,
,,,,,,,,,,,,,,,,,,,,
,,,,,,,,,,,,,,,,,,,,
,,,,,,,,,,,,,,,,,,,,
,,,,,,,,,,,,,,,,,,,,
306.0,食品,速冻食品,速冻面点与主食,速冻包子,B,"定义
以小麦粉为主要原料制作包子皮，以畜禽肉、蔬菜、豆沙、莲蓉等为主要馅料原料，添加水、酵母、糖（可选）、油脂（可选）、调味料等辅料与食品添加剂，经和面、发酵、擀皮、包馅、成型、熟制后，采用速冻工艺（迅速通过最大冰结晶区域，平均温度达到-18℃完成冻结）制成，需在-18℃以下冷链储存、销售，复热（蒸、煮、微波等）后可食用的面米类冷冻食品，属于速冻面米与调制食品范畴（符合GB 19295-2021标准要求）。常见包装规格：单个独立包装（30-60g/个）、家庭装（300-600g/袋，含5-12个）、餐饮装（1-5kg/袋，批量供应）、礼盒装（多种口味组合，1-2kg/盒）；常见产品形状：圆形、椭圆形，顶部带有褶皱，单个重量30-60g，皮薄馅足，边缘捏合紧密，表面光滑或带有轻微发酵纹路。
快速区分要点
1.原料：以小麦粉制作包子皮，以畜禽肉、蔬菜、豆沙等为主要馅料，可搭配辅料，无其他非面米+馅料类的主要原料
2.工艺：经和面、发酵、擀皮、包馅、成型、熟制后，必须经过速冻处理，熟制后速冻锁住风味和松软口感，复热后保持皮软馅鲜
3.储存：全程需在-18℃以下冷链储存，运输过程最高温度不高于-12℃，解冻后不宜再次冷冻，避免面皮回生、馅料变质
4.标签：明确标注冷冻包子，注明馅料种类、复热方式、储存条件及配料表，符合GB 19295-2021标准标识要求，无“馒头”“花卷”等混淆标注
一句话速记
小麦粉做皮、含明确馅料、经发酵+包馅+熟制+速冻工艺、-18℃冷链储存、标“冷冻包子”","1. 鲜肉冷冻包子：以猪肉、牛肉、羊肉等畜禽肉为主要馅料，可搭配少量蔬菜（如白菜、韭菜、香菇），口感鲜嫩咸香，部分带有汤汁
2. 素馅冷冻包子：以蔬菜（如韭菜、白菜、芹菜、香菇）、豆腐、粉丝等为主要馅料，口感清爽，适合素食人群
3. 甜馅冷冻包子：以豆沙、莲蓉、枣泥、奶黄、豆沙蛋黄等为主要馅料，口感软糯香甜，可作为早餐或加餐食用
4. 特色冷冻包子：杂粮冷冻包子（全麦、玉米、荞麦等杂粮制作面皮）、迷你冷冻包子（15-25g/个，适合儿童食用）、无糖/低糖冷冻包子、调理型冷冻包子（添加特色调味料）
5. 组合型冷冻包子：多种口味冷冻包子组合包装、冷冻包子与冷冻馒头、花卷等搭配包装，或礼盒装组合","1. 新鲜包子
2. 冷冻馒头
3. 冷冻花卷
4. 生湿包子坯
5. 冷冻馄饨/云吞
6. 糕点类带馅制品：如豆沙包（非冷冻）、奶黄包（非冷冻）
7. 速冻水饺、汤圆等其他速冻面米食品",湾仔码头,,,猪肉大葱,,,,,,,,
,,,,,,,,,思念,,,豆沙,塑料袋装,,,,,,,
,,,,,,,,,三全,,,奶黄,托盒覆膜装,,,,,,,
,,,,,,,,,龙凤,,,牛肉,其他,,,,,,,
,,,,,,,,,海霸王,,,青菜香菇,,,,,,,,
,,,,,,,,,,,,三鲜,,,,,,,,
,,,,,,,,,,,,韭菜鸡蛋,,,,,,,,
,,,,,,,,,,,,猪肉白菜,,,,,,,,
,,,,,,,,,,,,梅干菜肉,,,,,,,,
,,,,,,,,,,,,酱肉,,,,,,,,
,,,,,,,,,,,,其他,,,,,,,,
,,,,,,,,,,,,,,,,,,,,
,,,,,,,,,,,,,,,,,,,,
,,,,,,,,,,,,,,,,,,,,
,,,,,,,,,,,,,,,,,,,,
,,,,,,,,,,,,,,,,,,,,
,,,,,,,,,,,,,,,,,,,,
,,,,,,,,,,,,,,,,,,,,
,,,,,,,,,,,,,,,,,,,,
,,,,,,,,,,,,,,,,,,,,
,,,,,,,,,,,,,,,,,,,,
,,,,,,,,,,,,,,,,,,,,
307.0,食品,速冻食品,速冻面点与主食,速冻馄饨/云吞,B,"定义
以小麦粉为主要原料制作馄饨皮，以畜禽肉、水产肉等为主要馅料原料，添加蔬菜、调味料、水等辅料与食品添加剂，经和面、擀皮（或机制皮）、包馅、成型后，采用速冻工艺（迅速通过最大冰结晶区域，平均温度达到-18℃完成冻结）制成，需在-18℃以下冷链储存、销售，复热（煮、蒸、煎等）后可食用的面米类冷冻食品，属于速冻面米与调制食品范畴（符合GB 19295-2021标准要求）。常见包装规格：单个独立包装（15-25g/个）、家庭装（300-600g/袋，含15-30个）、餐饮装（1-5kg/袋，批量供应）、组合装（搭配汤底料）；常见产品形状：半月形、元宝形，部分为方形，单个重量15-25g，皮薄馅足，边缘捏合紧密，表面可带有褶皱纹理。
快速区分要点
1.原料：以小麦粉制作馄饨皮，以畜禽肉、水产肉等为主要馅料，可搭配蔬菜辅料，无其他非面米+肉类/水产类的主要原料
2.工艺：经擀皮（或机制皮）、包馅、成型后，必须经过速冻处理，无需提前熟制（生制速冻），复热后馅料熟透、外皮软糯
3.储存：全程需在-18℃以下冷链储存，运输过程最高温度不高于-12℃，解冻后不宜再次冷冻，避免外皮破损、馅料变质
4.标签：明确标注冷冻馄饨/冷冻云吞，注明馅料种类、复热方式、储存条件及配料表，符合GB 19295-2021标准标识要求，无“水饺”“抄手”等混淆标注（注：部分地区云吞与馄饨名称通用，核心工艺一致）
一句话速记
小麦粉做皮、肉/水产做馅、经包馅+速冻工艺、-18℃冷链储存、标“冷冻馄饨/云吞”","1. 鲜肉冷冻馄饨/云吞：以猪肉、牛肉、羊肉等畜禽肉为主要馅料，可搭配少量蔬菜（如白菜、韭菜），口感鲜嫩，咸香适中
2. 水产冷冻馄饨/云吞：以虾仁、鱼肉、蟹肉等水产为主要馅料，口感Q弹，带有海鲜风味，部分为纯水产馅或水产+畜禽肉馅
3. 特色冷冻馄饨/云吞：蔬菜鲜肉馄饨（如韭菜猪肉、白菜牛肉）、菌菇馄饨（如香菇鸡肉、金针菇猪肉）、迷你冷冻馄饨（10-15g/个，适合儿童食用）、低脂冷冻馄饨（减少油脂添加）
4. 组合型冷冻馄饨/云吞：多种口味冷冻馄饨/云吞组合包装、冷冻馄饨/云吞与汤底料（如骨汤、清汤料包）搭配包装、家庭分享装","1. 新鲜馄饨/云吞
2. 冷冻水饺
3. 速冻抄手（部分地区）：若抄手皮较厚、馅料配比与馄饨差异较大，且标签未标注“馄饨/云吞”，不属于此类（注：部分地区抄手与馄饨通用，需以标签及工艺为准）
4. 生湿馄饨/云吞坯
5. 冷冻包子、花卷等其他速冻面制品
6. 速冻水产/畜禽肉制品：如冷冻丸子、冷冻肉馅",湾仔码头,,,鲜肉,,,,,,,,
,,,,,,,,,思念,,,荠菜鲜肉,袋装,,,,,,,
,,,,,,,,,三全,,,虾仁鲜肉,盒装,,,,,,,
,,,,,,,,,龙凤,,,韭菜鲜肉,,,,,,,,
,,,,,,,,,海霸王,,,香菇鸡肉,,,,,,,,
,,,,,,,,,,,,玉米鲜肉,,,,,,,,
,,,,,,,,,,,,三鲜,,,,,,,,
,,,,,,,,,,,,素馅,,,,,,,,
,,,,,,,,,,,,其他,,,,,,,,
,,,,,,,,,,,,,,,,,,,,
,,,,,,,,,,,,,,,,,,,,
,,,,,,,,,,,,,,,,,,,,
,,,,,,,,,,,,,,,,,,,,
,,,,,,,,,,,,,,,,,,,,
,,,,,,,,,,,,,,,,,,,,
,,,,,,,,,,,,,,,,,,,,
,,,,,,,,,,,,,,,,,,,,
,,,,,,,,,,,,,,,,,,,,
,,,,,,,,,,,,,,,,,,,,
,,,,,,,,,,,,,,,,,,,,
,,,,,,,,,,,,,,,,,,,,
,,,,,,,,,,,,,,,,,,,,
308.0,食品,速冻食品,速冻面点与主食,速冻粽子,B,"定义
以糯米为主要原料，添加馅料（可选）、粽叶、水等辅料与食品添加剂，经泡米、拌料、包制、熟制后，采用速冻工艺（迅速通过最大冰结晶区域，平均温度达到-18℃完成冻结）制成，需在-18℃以下冷链储存、销售，复热（蒸、煮、微波等）后可食用的面米类冷冻食品，属于速冻面米与调制食品范畴（符合GB 19295-2021标准要求）。常见包装规格：单个独立包装（80-150g/个）、家庭装（400-800g/袋，含4-8个）、餐饮装（1-5kg/袋，批量供应）、礼盒装（多种口味组合，1-2kg/盒）；常见产品形状：三角形、四角形、长条形，单个重量80-150g，粽叶包裹，表面可见粽叶纹理，部分可采用真空独立包装后再冷冻。
快速区分要点
1.原料：以糯米为主要原料，可搭配馅料（甜馅、咸馅均可），核心包裹物为粽叶，无其他非面米类主要原料
2.工艺：经泡米、拌料、包制、熟制后，必须经过速冻处理，熟制后速冻锁住风味和口感，复热后保持软糯
3.储存：全程需在-18℃以下冷链储存，运输过程最高温度不高于-12℃，解冻后不宜再次冷冻，避免糯米回生、口感变差
4.标签：明确标注冷冻粽子，注明复热方式、储存条件、配料表及馅料种类，符合GB 19295-2021标准标识要求，无“新鲜粽子”“速冻米糕”等混淆标注
一句话速记
糯米为主料、经包制+熟制+速冻工艺、-18℃冷链储存、标“冷冻粽子”","1. 甜馅冷冻粽子：添加甜味馅料，如豆沙、枣泥、蜜枣、八宝、莲蓉、蛋黄、豆沙蛋黄等，口感软糯香甜，粽叶香气浓郁
2. 咸馅冷冻粽子：添加咸味馅料，如鲜肉、腊肉、火腿、香菇肉丁、蛋黄鲜肉等，口感咸香，部分带有汤汁

3. 特色冷冻粽子：杂粮冷冻粽子（添加小米、黑米、燕麦等杂粮）、无糖/低糖冷冻粽子、迷你冷冻粽子（40-60g/个，适合儿童食用）、真空冷冻粽子（独立真空包装后速冻，便于储存）

4. 组合型冷冻粽子：多种口味冷冻粽子组合包装、冷冻粽子与咸鸭蛋、黄酒等搭配包装，或礼盒装组合","1. 新鲜粽子
2. 冷冻米糕、糯米团
3. 速冻水饺、汤圆等其他速冻面米食品
4. 生湿粽子坯
5. 糕点类糯米制品：如糯米糕、糯米糍等
6. 冷冻八宝饭",湾仔码头,,,鲜肉,,,,,,,,
,,,,,,,,,思念,,,蛋黄,袋装,,,,,,,
,,,,,,,,,三全,,,豆沙,盒装,,,,,,,
,,,,,,,,,龙凤,,,蜜枣,,,,,,,,
,,,,,,,,,海霸王,,,板栗,,,,,,,,
,,,,,,,,,,,,八宝,,,,,,,,
,,,,,,,,,,,,腊肉,,,,,,,,
,,,,,,,,,,,,香菇鸡肉,,,,,,,,
,,,,,,,,,,,,桂花,,,,,,,,
,,,,,,,,,,,,紫薯,,,,,,,,
,,,,,,,,,,,,水果,,,,,,,,
,,,,,,,,,,,,其他,,,,,,,,
,,,,,,,,,,,,,,,,,,,,
,,,,,,,,,,,,,,,,,,,,
,,,,,,,,,,,,,,,,,,,,
,,,,,,,,,,,,,,,,,,,,
,,,,,,,,,,,,,,,,,,,,
,,,,,,,,,,,,,,,,,,,,
,,,,,,,,,,,,,,,,,,,,
,,,,,,,,,,,,,,,,,,,,
,,,,,,,,,,,,,,,,,,,,
,,,,,,,,,,,,,,,,,,,,
309.0,食品,速冻食品,速冻面点与主食,速冻馒头,B,"定义
以小麦粉为主要原料，添加水、酵母、糖（可选）、油脂（可选）等辅料与食品添加剂，经和面、发酵、成型、熟制后，采用速冻工艺（迅速通过最大冰结晶区域，平均温度达到-18℃完成冻结）制成，需在-18℃以下冷链储存、销售，复热（蒸、煮等）后可食用，质地松软、口感细腻的面米类冷冻食品，属于速冻面米与调制食品范畴（符合GB 19295-2021标准要求）。常见包装规格：单个独立包装（50-80g/个）、家庭装（300-600g/袋，含6-12个）、餐饮装（1-3kg/袋，批量供应）；常见产品形状：圆形、椭圆形或方形，直径约6-10cm，高度约4-6cm，表面光滑或带有简单纹路，部分可印有图案。
快速区分要点
1.原料：以小麦粉为主要原料，核心辅料为酵母（保证发酵蓬松），无其他非面米类主要原料，无馅料添加
2.工艺：经和面、充分发酵、成型、熟制后，必须经过速冻处理，熟制后速冻锁住口感，复热后保持松软
3.储存：全程需在-18℃以下冷链储存，运输过程最高温度不高于-12℃，解冻后不宜再次冷冻，避免口感变差
4.标签：明确标注冷冻馒头，注明复热方式、储存条件及配料表，符合GB 19295-2021标准标识要求，无“包子”“花卷”等混淆标注
一句话速记
小麦粉为主料、经发酵+熟制+速冻工艺、-18℃冷链储存、标“冷冻馒头”且无馅料","1. 原味冷冻馒头：无额外调味，仅含小麦粉、水、酵母，部分添加少量糖提味，口感松软，无任何馅料
2. 调味型冷冻馒头：添加风味辅料，如奶香、杂粮粉（全麦、玉米、荞麦等）、蔬菜粉（菠菜、南瓜等），自带基础风味，无馅料

3. 特色冷冻馒头：迷你冷冻馒头（20-30g/个，适合儿童食用）、造型冷冻馒头（动物造型、卡通造型等）、无糖/低糖冷冻馒头

4. 组合型冷冻馒头：冷冻馒头与冷冻花卷、冷冻包子等搭配包装，或多个独立包装组合成礼盒装、家庭分享装","1. 新鲜馒头
2. 冷冻包子
3. 冷冻花卷
4. 生湿馒头面坯
5. 糕点类发酵食品：如面包、发糕等
6. 速冻水饺、汤圆等其他速冻面米食品",湾仔码头,,,原味,,,,,,,,
,,,,,,,,,思念,,,奶香,塑料袋装,,,,,,,
,,,,,,,,,三全,,,杂粮,托盒覆膜装,,,,,,,
,,,,,,,,,龙凤,,,红糖,真空袋装,,,,,,,
,,,,,,,,,海霸王,,,南瓜,其他,,,,,,,
,,,,,,,,,,,,紫薯,,,,,,,,
,,,,,,,,,,,,玉米,,,,,,,,
,,,,,,,,,,,,荞麦,,,,,,,,
,,,,,,,,,,,,其他,,,,,,,,
,,,,,,,,,,,,,,,,,,,,
,,,,,,,,,,,,,,,,,,,,
,,,,,,,,,,,,,,,,,,,,
,,,,,,,,,,,,,,,,,,,,
,,,,,,,,,,,,,,,,,,,,
,,,,,,,,,,,,,,,,,,,,
,,,,,,,,,,,,,,,,,,,,
,,,,,,,,,,,,,,,,,,,,
,,,,,,,,,,,,,,,,,,,,
,,,,,,,,,,,,,,,,,,,,
,,,,,,,,,,,,,,,,,,,,
,,,,,,,,,,,,,,,,,,,,
,,,,,,,,,,,,,,,,,,,,
310.0,食品,速冻食品,速冻面点与主食,速冻花卷,B,"定义：
以小麦粉等谷物为主要原料，可添加水、酵母、油脂、调味料等辅料与食品添加剂，经和面、发酵（花卷）、成型、熟制或生制后，采用速冻工艺（迅速通过最大冰结晶区域，平均温度达到-18℃完成冻结）制成，需在-18℃以下冷链储存、销售，复热后可食用的面米类冷冻食品，属于速冻面米与调制食品范畴（符合GB 19295-2021标准要求）。常见包装规格：单个独立包装（15-30g/个）、家庭装（200-500g/袋，含6-15个）、餐饮装（1-2kg/袋，批量供应）；常见产品形状：花卷多为螺旋形、层叠形，直径约5-8cm，厚度约2-3cm。
快速区分要点：
1、原料：以小麦粉等谷物为主要原料，可搭配辅料，无其他非面米类主要原料
2、工艺：经和面、成型，花卷需额外经过发酵工艺，均经过速冻处理，花卷多为熟制速冻
3、储存：全程需在-18℃以下冷链储存，运输过程最高温度不高于-12℃
4、标签：明确标注冷冻花卷，注明生制/熟制、复热方式及储存条件，符合GB 19295-2021标准标识要求
一句话速记：
小麦粉为主料、经成型+速冻工艺、-18℃冷链储存、标“冷冻花卷”",1. 冷冻花卷类：原味冷冻花卷、葱花冷冻花卷、椒盐冷冻花卷、奶香冷冻花卷、杂粮冷冻花卷（如全麦、玉米味）,"1. 新鲜花卷/油条
2. 速冻水饺、汤圆等其他速冻面米食品
3. 糕点类产品：如面包、馒头（非冷冻）、酥饼等
4. 生湿面制品：如新鲜油条面、花卷面坯
5. 速冻动物性水产制品：如冷冻鱼丸、速冻虾饺（水产原料为主）",湾仔码头,,,原味,,,,,,,,
,,,,,,,,,思念,,,葱香味,袋装,,,,,,,
,,,,,,,,,三全,,,椒盐味,盒装,,,,,,,
,,,,,,,,,龙凤,,,芝麻味,其他,,,,,,,
,,,,,,,,,海霸王,,,其他,,,,,,,,
,,,,,,,,,,,,,,,,,,,,
,,,,,,,,,,,,,,,,,,,,
,,,,,,,,,,,,,,,,,,,,
,,,,,,,,,,,,,,,,,,,,
,,,,,,,,,,,,,,,,,,,,
,,,,,,,,,,,,,,,,,,,,
,,,,,,,,,,,,,,,,,,,,
,,,,,,,,,,,,,,,,,,,,
,,,,,,,,,,,,,,,,,,,,
,,,,,,,,,,,,,,,,,,,,
,,,,,,,,,,,,,,,,,,,,
,,,,,,,,,,,,,,,,,,,,
,,,,,,,,,,,,,,,,,,,,
,,,,,,,,,,,,,,,,,,,,
,,,,,,,,,,,,,,,,,,,,
,,,,,,,,,,,,,,,,,,,,
,,,,,,,,,,,,,,,,,,,,
311.0,食品,速冻食品,速冻面点与主食,速冻点心,B,"定义：以面皮、米粉、杂粮等中式传统原料，经成型、预炸 / 蒸制 / 烘焙后速冻的非主食类即食小食，定位为佐餐、休闲零食或茶点，食用前通过油炸、烤箱、蒸锅或空气炸锅复热，小规格袋装或盒装，属于中式冷冻食品的点心类细分品类。
核心定义
冷冻点心是中式传统工艺制作的非主食类冷冻小食，核心是「中式点心工艺 + 熟制后速冻 + 非主食点心属性」，区别于其他中式冷冻食品等兜底品类、已单独分类的中式冷冻主食。
快速区分要点
1. 定位：非主食类点心 / 零食，非日常主食，主打茶点、佐餐、休闲；
2. 工艺：中式点心工艺，熟制后速冻，需复热食用；
3. 形态：小规格袋装 / 盒装，适配零食 / 茶点场景；
4. 成分：以面皮、米粉、杂粮等中式点心原料为核心。
一句话速记
中式点心工艺、熟制后速冻、非主食类，三者同时满足才是冷冻点心；缺任一即不属于。","糕点类：冷冻月饼、酥饼、老婆饼、绿豆糕、桂花糕、发糕等中式糕点

油炸 / 煎制类：冷冻春卷、锅贴、炸糕等冷冻油炸点心

特色点心：冷冻糍粑、麻薯、驴打滚、青团（冷冻款）、年糕酥等中式特色点心

预加工点心：经切分、预调味的冷冻点心，可直接加热食用","非冷冻常温点心：常温保存的即食点心、糕点，不属于冷冻点心

西式冷冻点心：冷冻披萨、冷冻蛋糕、冷冻面包等西式烘焙食品，归入西式冷冻食品对应子类

主食类产品：冷冻面条、冷冻年糕、冷冻馒头、冷冻花卷、冷冻油条等中式主食，归入对应子类

速冻生制点心：未熟制、需自行烹饪的生坯点心（如生煎包生坯），需标注「生制」，本类默认熟制",湾仔码头,,,原味,,,,,,,,
,,,,,,,,,思念,,,鲜肉味,袋装,,,,,,,
,,,,,,,,,三全,,,虾仁味,托盒装,,,,,,,
,,,,,,,,,龙凤,,,香菇味,盒装,,,,,,,
,,,,,,,,,海霸王,,,玉米味,真空袋装,,,,,,,
,,,,,,,,,,,,韭菜味,散装,,,,,,,
,,,,,,,,,,,,三鲜味,,,,,,,,
,,,,,,,,,,,,豆沙味,,,,,,,,
,,,,,,,,,,,,奶黄味,,,,,,,,
,,,,,,,,,,,,芝麻味,,,,,,,,
,,,,,,,,,,,,叉烧味,,,,,,,,
,,,,,,,,,,,,榴莲味,,,,,,,,
,,,,,,,,,,,,其他,,,,,,,,
,,,,,,,,,,,,,,,,,,,,
,,,,,,,,,,,,,,,,,,,,
,,,,,,,,,,,,,,,,,,,,
,,,,,,,,,,,,,,,,,,,,
,,,,,,,,,,,,,,,,,,,,
,,,,,,,,,,,,,,,,,,,,
,,,,,,,,,,,,,,,,,,,,
,,,,,,,,,,,,,,,,,,,,
,,,,,,,,,,,,,,,,,,,,
312.0,食品,速冻食品,速冻面点与主食,速冻披萨,B,"定义
以小麦粉、水为主要原料制饼底，添加干酪（≥20%）、酱料、肉 / 蔬果等配料，经成型、发酵 / 不发酵、烘烤 / 不烘烤后，快速速冻至中心温度≤-18℃，全程 **-18℃** 冷链储运的预包装面米食品。","1. 生制速冻披萨：饼底 + 配料未完全熟制，需家庭彻底烘烤
2. 熟制速冻披萨：已预烤，仅需复热
3. 经典尺寸：7/9/10/12 英寸等常规圆形
4. 薄底 / 厚底 / 芝心 / 手拍 / 意式 / 美式等饼型
5. 芝士 / 肉类 / 蔬果 / 榴莲 / 夏威夷 / 烧烤等主流口味
6. 盒装 + 塑封 / 袋装 / 独立单片等包装","1. 新鲜现烤披萨、冷藏未速冻披萨
2. 披萨饼胚（无配料、无干酪）
3. 披萨小食（披萨卷、披萨饺、披萨棒、披萨饼干）
4. 即食微波披萨（非 - 18℃速冻、常温 / 冷藏）
5. 披萨调味包、披萨酱（无饼底无配料）
6. 中央厨房现制、门店现烤披萨
7. 速冻面包、汉堡、三明治、速冻面米（饺子 / 包子 / 汤圆）",,,,经典至尊披萨,,,,,,,,
,,,,,,,,,,,,奥尔良烤鸡披萨,,,,,,,,
,,,,,,,,,,,,黑椒牛肉披萨,,,,,,,,
,,,,,,,,,,,,培根披萨,,,,,,,,
,,,,,,,,,,,,香肠披萨,,,,,,,,
,,,,,,,,,,,,美式培根香肠披萨,,,,,,,,
,,,,,,,,,,,,夏威夷披萨,,,,,,,,
,,,,,,,,,,,,水果披萨,,,,,,,,
,,,,,,,,,,,,榴莲披萨,,,,,,,,
,,,,,,,,,,,,玛格丽特披萨,,,,,,,,
,,,,,,,,,,,,意式香肠披萨,,,,,,,,
,,,,,,,,,,,,金枪鱼披萨,,,,,,,,
,,,,,,,,,,,,海鲜披萨,,,,,,,,
,,,,,,,,,,,,鸡肉蘑菇披萨,,,,,,,,
,,,,,,,,,,,,蔬菜披萨,,,,,,,,
,,,,,,,,,,,,芝士拉丝披萨,,,,,,,,
,,,,,,,,,,,,双层芝士披萨,,,,,,,,
,,,,,,,,,,,,香辣牛肉披萨,,,,,,,,
,,,,,,,,,,,,烧烤风味披萨,,,,,,,,
,,,,,,,,,,,,法式牛肉披萨,,,,,,,,
,,,,,,,,,,,,其他,,,,,,,,
,,,,,,,,,,,,,,,,,,,,
313.0,食品,速冻食品,速冻面点与主食,其他速冻面点与主食,,"定义
以小麦粉、米粉、杂粮粉等为主要原料，经和面、成型、熟制或生制加工后，快速低温冷冻至≤-18℃，全程冷链储存销售，食用前需加热解冻的速冻面米及主食类食品。","1. 速冻手抓饼、葱油饼、馅饼、酥饼
2. 速冻油条 
3. 速冻面条、拉面、刀削面、乌冬面
4. 速冻炒饭、炒面、拌饭
5. 速冻杂粮主食：窝头、玉米饼、紫薯饼、手抓饼
6. 速冻锅盔、梅干菜饼、酱香饼
7. 速冻卷饼、薄饼、筋饼
8. 速冻年糕、切片年糕、韩式年糕","1. 速冻饺子、汤圆、包子、馄饨、粽子、馒头、花卷
2. 速冻点心、速冻披萨
3. 常温保存的方便面、挂面、饼类
4. 冷藏面点（非 - 18℃速冻）
5. 速冻肉制品、速冻菜肴、速冻火锅丸类
6. 西式糕点、面包、蛋糕类
7. 新鲜现制主食",安井,速冻饼类,,原味,袋装,,,,,,,
,,,,,,,,,粮全其美,速冻油炸类,,葱油味,独立单片装,,,,,,,
,,,,,,,,,思念,速冻特色包点类,,酱香,盒装,,,,,,,
,,,,,,,,,三全,速冻春卷类,,麻辣,塑封膜装,,,,,,,
,,,,,,,,,皇家小虎,速冻面类,,黑椒,托盘覆膜装,,,,,,,
,,,,,,,,,潮香村,速冻炒饭,,牛肉味,桶装,,,,,,,
,,,,,,,,,千味央厨,速冻炒面类,,猪肉大葱,真空袋,,,,,,,
,,,,,,,,,西贝莜面村,速冻杂粮主食,,梅干菜味,量贩装大袋,,,,,,,
,,,,,,,,,展艺,速冻年糕类,,豆沙味,,,,,,,,
,,,,,,,,,俏侬,,,芝士味,,,,,,,,
,,,,,,,,,大希地,,,蔬菜味,,,,,,,,
,,,,,,,,,华田禾邦,,,孜然味,,,,,,,,
,,,,,,,,,,,,咸蛋黄味,,,,,,,,
,,,,,,,,,,,,其他,,,,,,,,
,,,,,,,,,,,,,,,,,,,,
,,,,,,,,,,,,,,,,,,,,
,,,,,,,,,,,,,,,,,,,,
,,,,,,,,,,,,,,,,,,,,
,,,,,,,,,,,,,,,,,,,,
,,,,,,,,,,,,,,,,,,,,
,,,,,,,,,,,,,,,,,,,,
,,,,,,,,,,,,,,,,,,,,
314.0,食品,速冻食品,速冻肉类/水产,速冻鸡肉/调理鸡肉,B,"定义
速冻鸡肉 / 调理鸡肉是指以鸡肉（整鸡、鸡肉块、鸡肉排、鸡肉糜等）为主要原料，经清洗、分割、腌制、调味、裹粉 / 裹浆、成型或简单调理加工后，采用急速冷冻工艺低温贮存、销售的预制鸡肉制品；属于速冻调理肉制品，可直接或简单加热后食用，具有方便快捷、保质期长、风味标准化的特点，广泛应用于家庭餐饮、快餐及团膳渠道。","速冻鸡胸肉
速冻鸡腿肉
速冻鸡翅中 / 鸡翅根 / 鸡翅尖
速冻整鸡
速冻鸡块
速冻鸡米花
速冻鸡排
速冻鸡肉串
速冻鸡肉条
速冻鸡肉丸
速冻鸡肉饼
速冻鸡肉丁
奥尔良调理鸡肉
腌制调味鸡肉
裹粉调理鸡肉","新鲜冷鲜鸡肉
卤味熟食鸡肉
罐头鸡肉制品
鸡肉肠、鸡肉火腿肠等肉制品
仅简单切割未调味未速冻的鸡肉
餐饮现制现售鸡肉菜品
宠物用鸡肉制品",正大食品,原味速冻鸡肉,,原味,散装速冻,,,,,,,
,,,,,,,,,泰森,调味调理鸡肉,,奥尔良味,袋装,,,,,,,
,,,,,,,,,新希望六和,裹粉油炸类鸡肉,,黑椒味,真空袋装,,,,,,,
,,,,,,,,,凤祥食品,串烧类鸡肉,,香辣味,独立小袋装,,,,,,,
,,,,,,,,,大用,丸滑类鸡肉,,藤椒味,盒装,,,,,,,
,,,,,,,,,九联,排块类鸡肉,,孜然味,锁鲜盒装,,,,,,,
,,,,,,,,,圣农,整只分割类鸡肉,,蜜汁味,桶装,,,,,,,
,,,,,,,,,大成食品,,,蒜香味,量贩家庭装,,,,,,,
,,,,,,,,,姐妹厨房,,,咖喱味,,,,,,,,
,,,,,,,,,上鲜,,,椒盐味,,,,,,,,
,,,,,,,,,温氏,,,照烧味,,,,,,,,
,,,,,,,,,华英,,,番茄味,,,,,,,,
,,,,,,,,,,,,,,,,,,,,
,,,,,,,,,,,,,,,,,,,,
,,,,,,,,,,,,,,,,,,,,
,,,,,,,,,,,,,,,,,,,,
,,,,,,,,,,,,,,,,,,,,
,,,,,,,,,,,,,,,,,,,,
,,,,,,,,,,,,,,,,,,,,
,,,,,,,,,,,,,,,,,,,,
,,,,,,,,,,,,,,,,,,,,
,,,,,,,,,,,,,,,,,,,,
315.0,食品,速冻食品,速冻肉类/水产,速冻羊肉/调理羊肉,B,"定义
速冻羊肉 / 调理羊肉是以羊肉（整羊分割部位肉、羊排、羊腿、羊肉糜、羊肉卷等）为主要原料，经分割、修整、腌制、调味、成型或简单调理加工后，通过急速冷冻工艺低温锁鲜、贮藏及流通的预制羊肉制品；属于速冻调理肉制品，部分产品可直接涮煮、煎烤或简单加热食用，具备食用便捷、风味稳定、便于储存的特点，多用于家庭餐饮、火锅、烧烤及团膳场景。","速冻羊肉卷
速冻羊肉片
速冻羊排
速冻羊腿
速冻羊肉串
速冻羊肉块
速冻羊肉丁
速冻羊肉丸
速冻羊肉饼
速冻羊肉馅
腌制调理羊肉
调味羊排
裹粉调理羊肉
火锅羔羊肉卷
法式羊排","冷鲜新鲜羊肉
酱卤熟食羊肉
羊肉罐头
羊肉卷
羊肉肠、羊肉火腿等肉制品
仅切割未速冻未调理的羊肉
餐饮现制现售羊肉菜肴
宠物用羊肉制品",草原兴发,原切速冻羊肉,,原味,袋装,,,,,,,
,,,,,,,,,小肥羊,调理腌制羊肉,,孜然味,真空袋装,,,,,,,
,,,,,,,,,东来顺,火锅切片类,,香辣味,独立小包装,,,,,,,
,,,,,,,,,蒙都,烧烤串类,,黑椒味,盒装,,,,,,,
,,,,,,,,,额尔敦,排块类,,奥尔良味,锁鲜盒装,,,,,,,
,,,,,,,,,大庄园,丸滑类,,藤椒味,量贩家庭装,,,,,,,
,,,,,,,,,金锣,肉馅类,,蒜香味,火锅专用盒装,,,,,,,
,,,,,,,,,众品,半成品菜肴类,,蜜汁味,散装速冻,,,,,,,
,,,,,,,,,恒都,,,椒盐味,,,,,,,,
,,,,,,,,,伊赛,,,照烧味,,,,,,,,
,,,,,,,,,西鲜记,,,咖喱味,,,,,,,,
,,,,,,,,,苏尼特,,,五香,,,,,,,,
,,,,,,,,,,,,其他,,,,,,,,
,,,,,,,,,,,,,,,,,,,,
,,,,,,,,,,,,,,,,,,,,
,,,,,,,,,,,,,,,,,,,,
,,,,,,,,,,,,,,,,,,,,
,,,,,,,,,,,,,,,,,,,,
,,,,,,,,,,,,,,,,,,,,
,,,,,,,,,,,,,,,,,,,,
,,,,,,,,,,,,,,,,,,,,
,,,,,,,,,,,,,,,,,,,,
316.0,食品,速冻食品,速冻肉类/水产,速冻牛肉/调理牛肉,B,"定义
速冻牛肉 / 调理牛肉是指以牛分割肉、碎牛肉、牛肉糜等为主要原料，经修整、分割、腌制、调味、滚揉、成型或简单调理加工后，采用急速冷冻工艺进行低温冻结、贮存和销售的预制牛肉制品；属于速冻调理肉制品，可通过煎、烤、煮、炸、涮等简单加热方式食用，具有食用便捷、风味统一、储存期长的特点，广泛用于家庭餐饮、火锅、烧烤、快餐及团膳等场景。","速冻牛肉片
速冻牛排
速冻牛肉串
速冻牛肉块
速冻牛肉丁
速冻牛肉饼
速冻牛肉馅
腌制调理牛肉
黑椒调理牛排
裹粉牛肉制品","冷鲜新鲜牛肉
酱卤熟食牛肉
牛肉罐头
牛肉卷
牛肉肠、牛肉火腿等肉制品
仅切割未速冻未调理的牛肉
餐饮现制现售牛肉菜肴
宠物用牛肉制品",恒都,原切速冻牛肉,,原味,袋装,,,,,,,
,,,,,,,,,伊赛,调理腌制牛肉,,黑椒味,真空袋装,,,,,,,
,,,,,,,,,大庄园,火锅切片类,,奥尔良味,独立小包装,,,,,,,
,,,,,,,,,科尔沁,牛排类,,香辣味,盒装,,,,,,,
,,,,,,,,,皓月,烧烤串类,,藤椒味,锁鲜盒装,,,,,,,
,,,,,,,,,元盛,丸滑类,,孜然味,量贩家庭装,,,,,,,
,,,,,,,,,顶诺,肉馅类,,蜜汁味,火锅专用盒装,,,,,,,
,,,,,,,,,联豪,半成品菜肴类,,蒜香味,散装速冻,,,,,,,
,,,,,,,,,福成,,,五香,,,,,,,,
,,,,,,,,,金锣,,,咖喱味,,,,,,,,
,,,,,,,,,众品,,,照烧味,,,,,,,,
,,,,,,,,,龙大,,,番茄味,,,,,,,,
,,,,,,,,,,,,,,,,,,,,
,,,,,,,,,,,,,,,,,,,,
,,,,,,,,,,,,,,,,,,,,
,,,,,,,,,,,,,,,,,,,,
,,,,,,,,,,,,,,,,,,,,
,,,,,,,,,,,,,,,,,,,,
,,,,,,,,,,,,,,,,,,,,
,,,,,,,,,,,,,,,,,,,,
,,,,,,,,,,,,,,,,,,,,
,,,,,,,,,,,,,,,,,,,,
317.0,食品,速冻食品,速冻肉类/水产,速冻猪肉/调理猪肉,B,"定义
速冻猪肉 / 调理猪肉是以生猪分割肉（如五花肉、瘦肉、排骨、腿肉、肉馅等）为主要原料，经分割、修整、腌制、调味、滚揉、成型或简单预制调理加工后，采用急速冷冻工艺低温冻结、储存及流通的预制猪肉制品；属于速冻调理肉制品，可经煎、烤、炸、煮、蒸等简单加热后食用，具备方便快捷、风味稳定、储存期较长的特点，广泛适用于家庭烹饪、餐饮快餐、团膳及火锅烧烤等场景。","速冻五花肉块
速冻排骨
速冻筒骨
速冻里脊肉片
速冻肉丝
速冻肉馅
速冻猪排
速冻猪肉串
速冻猪肉丸
速冻猪肉饼
速冻狮子头
速冻肉片
腌制调理猪肉
调味猪排
裹粉调理猪肉","冷鲜新鲜猪肉
卤味熟食猪肉
猪肉罐头
火锅猪肉卷
火腿肠、香肠、腊肠等肉制品
仅切割未速冻未调理的猪肉
餐饮现制现售猪肉菜品
宠物用猪肉制品",双汇,原切速冻猪肉,,原味,袋装,,,,,,,
,,,,,,,,,金锣,调理腌制猪肉,,黑椒味,真空袋装,,,,,,,
,,,,,,,,,龙大,火锅切片类,,奥尔良味,独立小包装,,,,,,,
,,,,,,,,,众品,排块类,,香辣味,盒装,,,,,,,
,,,,,,,,,雨润,烧烤串类,,孜然味,锁鲜盒装,,,,,,,
,,,,,,,,,新希望六和,丸滑类,,藤椒味,量贩家庭装,,,,,,,
,,,,,,,,,正大食品,肉馅类,,蒜香味,火锅盒装,,,,,,,
,,,,,,,,,得利斯,半成品菜肴类,,蜜汁味,散装速冻,,,,,,,
,,,,,,,,,龙大肉食,,,五香,,,,,,,,
,,,,,,,,,华统,,,椒盐味,,,,,,,,
,,,,,,,,,恒都,,,照烧味,,,,,,,,
,,,,,,,,,伊赛,,,咖喱味,,,,,,,,
,,,,,,,,,,,,,,,,,,,,
,,,,,,,,,,,,,,,,,,,,
,,,,,,,,,,,,,,,,,,,,
,,,,,,,,,,,,,,,,,,,,
,,,,,,,,,,,,,,,,,,,,
,,,,,,,,,,,,,,,,,,,,
,,,,,,,,,,,,,,,,,,,,
,,,,,,,,,,,,,,,,,,,,
,,,,,,,,,,,,,,,,,,,,
,,,,,,,,,,,,,,,,,,,,
318.0,食品,速冻食品,速冻肉类/水产,速冻水产/调理水产,B,"定义
以鱼类、虾类、贝类、蟹类等水产为主要原料，经预处理、调味、成型或简单加工后，采用速冻工艺制成并在冷冻条件下贮存、运输和销售的水产制品，分为未经调味的速冻水产和经调味加工的调理水产两大类。","速冻生制水产
调理调味水产制品
裹粉油炸类水产半成品
鱼糜制品
腌制入味水产半成品
火锅用速冻水产丸滑
预制水产菜肴","鲜活水产
冰鲜水产
干制水产
盐渍水产
罐头水产
即食常温水产制品
非水产类速冻食品",安井,速冻鱼类,,原味,袋装,,,,,,,
,,,,,,,,,海欣,速冻虾类,,香辣,盒装,,,,,,,
,,,,,,,,,三全,速冻贝类,,麻辣,真空包装,,,,,,,
,,,,,,,,,思念,速冻蟹类,,黑椒,托盘覆膜包装,,,,,,,
,,,,,,,,,国联水产,速冻鱼糜制品,,蒜香,量贩袋装,,,,,,,
,,,,,,,,,鲜美来,裹粉调理水产,,孜然,礼盒装,,,,,,,
,,,,,,,,,獐子岛,调味预制水产,,咸鲜,,,,,,,,
,,,,,,,,,亚洲渔港,,,藤椒,,,,,,,,
,,,,,,,,,海霸王,,,糖醋,,,,,,,,
,,,,,,,,,龙大美食,,,五香,,,,,,,,
,,,,,,,,,,,,,,,,,,,,
,,,,,,,,,,,,,,,,,,,,
,,,,,,,,,,,,,,,,,,,,
,,,,,,,,,,,,,,,,,,,,
,,,,,,,,,,,,,,,,,,,,
,,,,,,,,,,,,,,,,,,,,
,,,,,,,,,,,,,,,,,,,,
,,,,,,,,,,,,,,,,,,,,
,,,,,,,,,,,,,,,,,,,,
,,,,,,,,,,,,,,,,,,,,
,,,,,,,,,,,,,,,,,,,,
,,,,,,,,,,,,,,,,,,,,
319.0,食品,速冻食品,速冻肉类/水产,速冻肠,B,"定义
以畜禽肉、水产品或其制品为主要原料，可添加淀粉、大豆蛋白、香辛料、调味料及食品添加剂，经绞碎、斩拌、腌制、灌肠、成型，并经蒸煮 / 熏烤 / 熟制或生制加工后，快速速冻至中心温度≤-18℃，在 **-18℃及以下冷链储存、运输、销售，食用前需加热的速冻肠类制品。

核心定义
以畜禽肉等为主要原料，经绞碎、斩拌、灌肠、成型、熟制或生制后快速速冻，在 - 18℃及以下储存运输，食用前需加热的肠类制品","速冻烤肠
速冻香肠
速冻热狗肠
速冻台式烤肠
速冻火山石烤肠
速冻肉枣肠
速冻风干肠
速冻脆皮肠","常温火腿肠、香肠
冷藏鲜肠
速冻肉丸、肉串
午餐肉类罐头
未灌肠的纯肉馅",双汇,台式烤肠类,,原味,袋装,,,,,,,
,,,,,,,,,金锣,热狗肠类,,黑椒,真空袋装,,,,,,,
,,,,,,,,,安井,脆皮肠类,,香辣,盒装,,,,,,,
,,,,,,,,,海霸王,肉枣肠类,,孜然,独立小包装,,,,,,,
,,,,,,,,,喜旺,风干肠类,,蒜香,量贩装,,,,,,,
,,,,,,,,,龙大,烟熏肠类,,玉米,托盘覆膜装,,,,,,,
,,,,,,,,,得利斯,,,蜜汁,,,,,,,,
,,,,,,,,,正大,,,麻辣,,,,,,,,
,,,,,,,,,新希望六和,,,烟熏,,,,,,,,
,,,,,,,,,佳怡,,,其他,,,,,,,,
,,,,,,,,,,,,,,,,,,,,
,,,,,,,,,,,,,,,,,,,,
,,,,,,,,,,,,,,,,,,,,
,,,,,,,,,,,,,,,,,,,,
,,,,,,,,,,,,,,,,,,,,
,,,,,,,,,,,,,,,,,,,,
,,,,,,,,,,,,,,,,,,,,
,,,,,,,,,,,,,,,,,,,,
,,,,,,,,,,,,,,,,,,,,
,,,,,,,,,,,,,,,,,,,,
,,,,,,,,,,,,,,,,,,,,
,,,,,,,,,,,,,,,,,,,,
320.0,食品,速冻食品,速冻肉类/水产,其他速冻肉类/调理食材,,"定义
其他速冻肉类 / 调理食材，指以猪、牛、羊、鸡、水产、肠类之外的可食用畜禽肉、动物内脏、禽副产品及特色调理肉制品为主要原料，经分割、修整、腌制、调味、裹粉、成型或简单预制加工后，采用急速冷冻工艺低温锁鲜、储存与流通的速冻调理食品；可通过蒸、煮、煎、烤、炸等简单加热后食用，具有食用便捷、储存期长、风味多样的特点，多用于家庭餐饮、火锅、烧烤、快餐及团膳场景。

核心定义
以畜禽副产品、水产、蔬菜、菌菇、豆制品等为原料，经调味腌制加工后速冻，-18℃储存，需加热食用，不含调理畜禽肉及速冻肠的食材","速冻鸭肉
速冻鸭翅
速冻鸭掌
速冻鸭脖
速冻鸭胸
速冻鸭舌
速冻鹅肉
速冻鹅翅
速冻鹅掌
速冻乳鸽
速冻兔肉
速冻鹌鹑
速冻鸽子
速冻鸡杂
速冻鸭杂
速冻鹅杂
速冻内脏类
速冻调理肉串
速冻调理肉块
速冻肉糜制品
速冻特色禽肉制品","速冻猪肉及调理猪肉
速冻牛肉及调理牛肉
速冻羊肉及调理羊肉
速冻鸡肉及调理鸡肉
速冻水产及调理水产
速冻肠类制品
冷鲜鲜肉及未经速冻的禽肉
卤味熟食类肉禽制品
罐头类肉禽制品
餐饮现制现售肉禽菜肴
宠物用肉类食材",华英,速冻禽肉（鸭 / 鹅 / 鹌鹑 / 乳鸽等）,,原味,袋装,,,,,,,
,,,,,,,,,塞飞亚,速冻禽副产品（内脏 / 杂类）,,奥尔良味,真空袋装,,,,,,,
,,,,,,,,,鸭博士,原切速冻肉类,,香辣味,独立小包装,,,,,,,
,,,,,,,,,永达,调理腌制肉类,,孜然味,盒装,,,,,,,
,,,,,,,,,大用,烧烤串类,,黑椒味,锁鲜盒装,,,,,,,
,,,,,,,,,九联,肉块 / 肉片类,,藤椒味,量贩家庭装,,,,,,,
,,,,,,,,,新希望六和,肉糜 / 丸类,,五香,散装速冻,,,,,,,
,,,,,,,,,正大食品,半成品菜肴类,,蜜汁味,,,,,,,,
,,,,,,,,,温氏,,,蒜香味,,,,,,,,
,,,,,,,,,圣农,,,椒盐味,,,,,,,,
,,,,,,,,,凤祥,,,照烧味,,,,,,,,
,,,,,,,,,红太阳,,,咖喱味,,,,,,,,
,,,,,,,,,,,,其他,,,,,,,,
,,,,,,,,,,,,,,,,,,,,
,,,,,,,,,,,,,,,,,,,,
,,,,,,,,,,,,,,,,,,,,
,,,,,,,,,,,,,,,,,,,,
,,,,,,,,,,,,,,,,,,,,
,,,,,,,,,,,,,,,,,,,,
,,,,,,,,,,,,,,,,,,,,
,,,,,,,,,,,,,,,,,,,,
,,,,,,,,,,,,,,,,,,,,
321.0,食品,速冻食品,速冻蔬果,速冻蔬果,B,"定义
以新鲜蔬菜、水果为原料，经清洗、切分、漂烫（蔬菜）或直接处理后，采用速冻工艺低温冷冻，在冷冻条件下储存、运输和销售的预包装食品，保留原料原有营养与口感，多用于烹饪、配菜、即食或加工使用。","速冻净菜
速冻切配蔬菜
速冻混合蔬菜
速冻水果块 / 片
速冻混合水果
速冻食用菌
速冻豆类
速冻薯类制品","新鲜蔬果
腌制 / 酱渍蔬菜
干制蔬菜 / 果干
罐头蔬果
速冻调理菜肴
速冻面点
冷冻肉类 / 水产
果脯蜜饯",思念,速冻叶菜类,,原味,袋装,,,,,,,
,,,,,,,,,三全,速冻根茎类,,淡盐味,盒装,,,,,,,
,,,,,,,,,安井,速冻瓜果类,,无调味,真空包装,,,,,,,
,,,,,,,,,惠发,速冻菌菇类,,香甜味,托盘覆膜包装,,,,,,,
,,,,,,,,,美焕,速冻豆类,,什锦风味,量贩袋装,,,,,,,
,,,,,,,,,福兰农庄,速冻水果类,,,组合装,,,,,,,
,,,,,,,,,亨利,速冻混合蔬果类,,,,,,,,,,
,,,,,,,,,佳农,,,,,,,,,,,
,,,,,,,,,都乐,,,,,,,,,,,
,,,,,,,,,绿润,,,,,,,,,,,
,,,,,,,,,,,,,,,,,,,,
,,,,,,,,,,,,,,,,,,,,
,,,,,,,,,,,,,,,,,,,,
,,,,,,,,,,,,,,,,,,,,
,,,,,,,,,,,,,,,,,,,,
,,,,,,,,,,,,,,,,,,,,
,,,,,,,,,,,,,,,,,,,,
,,,,,,,,,,,,,,,,,,,,
,,,,,,,,,,,,,,,,,,,,
,,,,,,,,,,,,,,,,,,,,
,,,,,,,,,,,,,,,,,,,,
,,,,,,,,,,,,,,,,,,,,
322.0,食品,速冻食品,速冻火锅食材,火锅丸料,A,"定义
以畜禽肉、水产、禽蛋或其副产品为主要原料，可添加淀粉、大豆蛋白、水、香辛料、调味料及食品添加剂，经绞碎、斩拌、搅拌、成型，并经蒸煮、油炸或生制等工艺制成球状或异形制品，经快速速冻至中心温度≤-18℃，在 **-18℃及以下冷链储存、运输、销售，主要用于火锅、关东煮、麻辣烫、串串香等场景，食用前需加热煮熟的速冻调制食品。

核心定义
以肉、水产等为原料，经绞碎、成型、速冻制成，主要用于火锅、关东煮等，需煮熟食用的速冻丸类制品","鱼丸
肉丸
虾丸
蟹棒
鱼豆腐
甜不辣
撒尿牛丸
鱼卷
鱼饼
贡丸
花枝丸
龙虾丸
豆腐泡","速冻肠类
速冻调理肉排
生鲜肉及水产
常温火腿肠、罐头
速冻面米食品",安井,鱼糜制品,,原味,袋装,,,,,,,
,,,,,,,,,海霸王,畜禽肉制品,,香辣,量贩袋装,,,,,,,
,,,,,,,,,三全,海鲜风味制品,,麻辣,盒装,,,,,,,
,,,,,,,,,思念,豆制品类丸料,,黑椒,托盘覆膜装,,,,,,,
,,,,,,,,,金锣,,,孜然,真空包装,,,,,,,
,,,,,,,,,双汇,,,海鲜味,散装称重包装,,,,,,,
,,,,,,,,,惠发,,,五香味,,,,,,,,
,,,,,,,,,鼎味泰,,,玉米味,,,,,,,,
,,,,,,,,,佳士博,,,其他,,,,,,,,
,,,,,,,,,安井小厨,,,,,,,,,,,
,,,,,,,,,,,,,,,,,,,,
,,,,,,,,,,,,,,,,,,,,
,,,,,,,,,,,,,,,,,,,,
,,,,,,,,,,,,,,,,,,,,
,,,,,,,,,,,,,,,,,,,,
,,,,,,,,,,,,,,,,,,,,
,,,,,,,,,,,,,,,,,,,,
,,,,,,,,,,,,,,,,,,,,
,,,,,,,,,,,,,,,,,,,,
,,,,,,,,,,,,,,,,,,,,
,,,,,,,,,,,,,,,,,,,,
,,,,,,,,,,,,,,,,,,,,
323.0,食品,速冻食品,速冻火锅食材,速冻牛肉卷,B,"定义
以牛肉为主要原料，经修整、成型、冷冻、机械卷制或压制成卷状，快速速冻至中心温度≤-18℃，在 - 18℃及以下冷链储存、运输、销售，主要用于火锅、烤肉、涮煮、煎烤，食用前需加热熟制的速冻生制肉制品。

核心定义
以牛肉为原料，经成型、卷制、速冻制成的卷状肉片，多用于火锅、烤肉，需加热食用","肥牛卷
雪花牛肉卷
肥胼卷
上脑牛肉卷
眼肉牛肉卷
调理牛肉卷","速冻调理牛排
牛肉丸
牛肉串
卤味牛肉
速冻猪肉 / 羊肉卷",恒都,原切牛肉卷,,原味,袋装,,,,,,,
,,,,,,,,,伊赛,调理合成牛肉卷,,黑椒味,盒装,,,,,,,
,,,,,,,,,大庄园,雪花肥牛卷,,奥尔良味,托盘覆膜装,,,,,,,
,,,,,,,,,科尔沁,肥胼卷,,香辣味,真空包装,,,,,,,
,,,,,,,,,皓月,,,其他,量贩装,,,,,,,
,,,,,,,,,元盛,,,,,,,,,,,
,,,,,,,,,宾西,,,,,,,,,,,
,,,,,,,,,龙江和牛,,,,,,,,,,,
,,,,,,,,,,,,,,,,,,,,
,,,,,,,,,,,,,,,,,,,,
,,,,,,,,,,,,,,,,,,,,
,,,,,,,,,,,,,,,,,,,,
,,,,,,,,,,,,,,,,,,,,
,,,,,,,,,,,,,,,,,,,,
,,,,,,,,,,,,,,,,,,,,
,,,,,,,,,,,,,,,,,,,,
,,,,,,,,,,,,,,,,,,,,
,,,,,,,,,,,,,,,,,,,,
,,,,,,,,,,,,,,,,,,,,
,,,,,,,,,,,,,,,,,,,,
,,,,,,,,,,,,,,,,,,,,
,,,,,,,,,,,,,,,,,,,,
324.0,食品,速冻食品,速冻火锅食材,速冻羊肉卷,B,"定义
以羊肉为主要原料，经修整、压制成型、冷冻硬化后，机械刨切或卷制成片状 / 卷状形态，经快速速冻使产品中心温度≤-18℃，在 - 18℃及以下冷链储存、运输、销售，主要用于涮火锅、烧烤、煎烤，食用前需加热熟制的速冻生制羊肉制品。

详细定义
以羊肉为原料，经压制成型、卷制、速冻而成的卷状肉片，主要用于涮煮、烧烤，需加热食用","肥羊卷
雪花羊肉卷
高钙羊肉卷
调理羊肉卷
羔羊肉卷","速冻调理羊肉块 / 串
羊肉丸
羊肉肠
生鲜羊肉块
速冻牛肉 / 猪肉卷",大庄园,原切羊肉卷,,原味,袋装,,,,,,,
,,,,,,,,,东来顺,调理合成羊肉卷,,黑椒味,盒装,,,,,,,
,,,,,,,,,小肥羊,雪花肥羊卷,,孜然味,托盘覆膜装,,,,,,,
,,,,,,,,,科尔沁,高钙羊肉卷,,香辣味,真空包装,,,,,,,
,,,,,,,,,蒙都,,,其他,量贩家庭装,,,,,,,
,,,,,,,,,额尔敦,,,,,,,,,,,
,,,,,,,,,恒都,,,,,,,,,,,
,,,,,,,,,伊赛,,,,,,,,,,,
,,,,,,,,,,,,,,,,,,,,
,,,,,,,,,,,,,,,,,,,,
,,,,,,,,,,,,,,,,,,,,
,,,,,,,,,,,,,,,,,,,,
,,,,,,,,,,,,,,,,,,,,
,,,,,,,,,,,,,,,,,,,,
,,,,,,,,,,,,,,,,,,,,
,,,,,,,,,,,,,,,,,,,,
,,,,,,,,,,,,,,,,,,,,
,,,,,,,,,,,,,,,,,,,,
,,,,,,,,,,,,,,,,,,,,
,,,,,,,,,,,,,,,,,,,,
,,,,,,,,,,,,,,,,,,,,
,,,,,,,,,,,,,,,,,,,,
325.0,食品,速冻食品,速冻火锅食材,其他速冻火锅食材,B,"定义
以畜禽副产品、水产、蔬菜、菌菇、豆制品、米面制品、蛋制品等为主要原料，经清洗、切配、成型、简单调味或未调味，采用快速速冻工艺制成，产品中心温度≤-18℃，在 - 18℃及以下冷链储存、运输、销售，专门用于火锅涮煮、烫食，且不属于速冻牛羊肉卷、火锅丸料、速冻调理肉、速冻肠的各类辅助性火锅用速冻食品。

定义
以水产、蔬菜、菌菇、豆制品、米面制品等为原料，经加工速冻制成，专用于火锅涮煮，不含肉卷、丸料、调理肉、速冻肠的食材","速冻冻豆腐
速冻油豆皮
速冻腐竹
速冻金针菇
速冻香菇
速冻藕片
速冻土豆片
速冻海带结
速冻贡菜
速冻年糕
速冻川粉
速冻宽粉
速冻鱼皮
速冻黄喉
速冻毛肚
速冻鸭肠
速冻鸭血","速冻牛肉卷 / 羊肉卷
火锅丸料
速冻调理肉
速冻肠
生鲜蔬菜
常温豆制品
速冻面米主食",安井,速冻豆制品类,,原味,袋装,,,,,,,
,,,,,,,,,海霸王,速冻菌菇类,,麻辣味,盒装,,,,,,,
,,,,,,,,,三全,速冻蔬菜类,,泡椒味,托盘覆膜装,,,,,,,
,,,,,,,,,思念,速冻川粉 / 宽粉 / 年糕类,,五香味,真空包装,,,,,,,
,,,,,,,,,锅圈食汇,速冻禽畜副产品类,,其他,量贩装,,,,,,,
,,,,,,,,,安井小厨,速冻水产类,,,,,,,,,,
,,,,,,,,,福双春,,,,,,,,,,,
,,,,,,,,,千味央厨,,,,,,,,,,,
,,,,,,,,,国联水产,,,,,,,,,,,
,,,,,,,,,鲜美来,,,,,,,,,,,
,,,,,,,,,,,,,,,,,,,,
,,,,,,,,,,,,,,,,,,,,
,,,,,,,,,,,,,,,,,,,,
,,,,,,,,,,,,,,,,,,,,
,,,,,,,,,,,,,,,,,,,,
,,,,,,,,,,,,,,,,,,,,
,,,,,,,,,,,,,,,,,,,,
,,,,,,,,,,,,,,,,,,,,
,,,,,,,,,,,,,,,,,,,,
,,,,,,,,,,,,,,,,,,,,
,,,,,,,,,,,,,,,,,,,,
,,,,,,,,,,,,,,,,,,,,
326.0,食品,冷藏食品,冷藏即食/熟食,冷藏卤味,B,"定义：以禽畜肉、禽副产品（翅、爪、脖等）、畜副产品（蹄、耳、肚等）、豆制品、菌菇、蔬菜等为主要原料，加入八角、桂皮、香叶、花椒、辣椒等多种香辛料，经老汤卤制、浸泡入味、杀菌等工艺制成的即食熟食制品，需在 0-4℃冷藏条件下储存、运输和销售，开袋即食或加热后食用。

核心定义（依据 GB/T 23586 等熟食相关标准）冷藏卤味按原料与工艺分为两类，核心差异在于原料属性与风味类型：
快速区分要点
看原料与工艺：以畜禽肉 / 副产品、豆制品、蔬菜等为核心，经老汤卤制、浸泡入味、杀菌等中式卤味工艺制成，非西式肠类 / 非调理预制菜；
看储存条件：需在 0-4℃冷藏条件下储存、运输和销售，非冷冻、非常温、非生鲜；
看典型形态与用途：卤鸡爪、卤鸭脖、卤豆干等卤味原生形态，定位为佐餐 / 休闲零食，非主食 / 食材；
看食用方式：开袋即食或经简单加热后食用，无需复杂烹饪。","卤制禽畜肉类：以禽畜肉 / 副产品为原料的卤味，如卤鸡爪、卤鸭脖、卤鸭翅、卤猪蹄、卤猪耳、卤牛肉、卤鸭肫等；
卤制素类 / 蔬菜类：以豆制品、菌菇、蔬菜为原料的卤味，如卤豆干、卤藕片、卤海带、卤毛豆、卤香菇等；
风味卤味：添加不同香辛料调制的特色卤味，如麻辣卤味、五香卤味、甜辣卤味、黑鸭风味卤味等；
即食 / 锁鲜装卤味：经真空锁鲜、巴氏杀菌等工艺处理，0-4℃冷藏保存的即食卤味产品。","常温卤味 / 酱卤肉制品：经高温杀菌、常温保存的卤味、酱卤肉（执行 GB/T 23586），不属于冷藏卤味；

冷冻卤味 / 预制卤味：经 - 18℃冷冻保存的卤味半成品、冷冻卤味，不属于冷藏卤味；

非卤制熟食：以熏制、烤制、油炸、酱焖等非卤制工艺制成的熟食（如熏肉、烤肠、酱牛肉），不属于卤味范畴；
生鲜原料：未卤制的生鲜禽畜肉、豆制品、蔬菜等，不属于熟食卤味；

其他即食熟食：凉拌菜、腌菜、酱菜、罐头类熟食等，不属于卤味制品；

含乳 / 复合卤味：以卤味为原料二次加工的复合食品（如卤味零食礼盒、卤味预制菜），按对应品类归类，不属于本类。",双汇,,,五香,密封,,,,,,,
,,,,,,,,,雨润,,,麻辣,袋装,,,,,,,
,,,,,,,,,金锣,,,天啦,铝箔盒,,,,,,,
,,,,,,,,,美好,,,酱香,,,,,,,,
,,,,,,,,,得利斯,,,藤椒,,,,,,,,
,,,,,,,,,,,,其他,,,,,,,,
,,,,,,,,,,,,,,,,,,,,
,,,,,,,,,,,,,,,,,,,,
,,,,,,,,,,,,,,,,,,,,
,,,,,,,,,,,,,,,,,,,,
,,,,,,,,,,,,,,,,,,,,
,,,,,,,,,,,,,,,,,,,,
,,,,,,,,,,,,,,,,,,,,
,,,,,,,,,,,,,,,,,,,,
,,,,,,,,,,,,,,,,,,,,
,,,,,,,,,,,,,,,,,,,,
,,,,,,,,,,,,,,,,,,,,
,,,,,,,,,,,,,,,,,,,,
,,,,,,,,,,,,,,,,,,,,
,,,,,,,,,,,,,,,,,,,,
,,,,,,,,,,,,,,,,,,,,
,,,,,,,,,,,,,,,,,,,,
327.0,食品,冷藏食品,冷藏即食/熟食,低温香肠,A,"定义：以畜禽肉为原料，经绞碎、调味、灌肠后在75 ℃以下低温熟化并快速冷却制成的短保香肠，需0–4 ℃冷藏。产品外皮干燥或有轻度烟熏褶皱，切面可见明显肉粒，口感紧实、风味浓郁。食用前无需加热，亦可煎烤提香，常见规格为50–150 g单根或真空袋多根装，保质期通常30–45天，定位为即食冷切或轻烹饪食材。

核心定义：以畜禽肉为主要原料，切碎 / 斩拌、灌肠、熟制或发酵，低温杀菌或不杀菌，必须冷藏 0～4℃ 保存、保质期短的肠类制品。

快速核查要点
常温放 → 常温火腿肠
0～4℃冷藏 → 低温香肠
冷冻 → 冷冻肠
生的 → 生制肠","1. 西式低温肠
烤肠 / 台烤肠
热狗肠
早餐肠
法兰克福肠
维也纳肠
脆皮肠
2. 中式 / 家常低温肠
鲜肉肠
蒜味肠
松花蛋肠
玉米肠（冷藏款）
肉粒肠、QQ 肠（冷藏）
3. 发酵香肠（冷藏型）
风干肠（冷藏款）
中式腊肠（短保冷藏）
4. 餐饮 / 火锅用冷藏肠
火锅脆皮肠
烧烤肠（冷藏款）","1. 常温火腿肠
高温杀菌、可常温放，不属于低温肠。
2. 冷冻肠类
需 - 18℃冷冻保存，不是冷藏低温肠。
3. 生制肠 / 生鲜肠
未熟制，必须完全煮熟才能吃。
4. 腊肉、腊肠、风干肠（常温干货）
非冷藏、非低温肠类。
5. 午餐肉、肉罐头、肉干、肉脯
不是灌肠类。
6. 素肠、植物肉肠
无肉类原料，不算肉肠。
7. 散装无冷藏肠、卤味散装肠
不属于标准化低温香肠。",双汇,台式烤肠,,原味,真空袋装,,,,,,,
,,,,,,,,,雨润,热狗肠,,蒜香味,盒装,,,,,,,
,,,,,,,,,金锣,火山石烤肠,,黑胡椒味,卷装 / 连包,,,,,,,
,,,,,,,,,美好,广式腊肠,,玉米味,大袋量贩装,,,,,,,
,,,,,,,,,得利斯,广式香肠,,芝士味,独立真空小包装,,,,,,,
,,,,,,,,,,川味腊肠,,烟熏味,礼盒装,,,,,,,
,,,,,,,,,,麻辣肠,,香辣味,组合装,,,,,,,
,,,,,,,,,,风干肠,,奥尔良风味,,,,,,,,
,,,,,,,,,,中式香肠,,蘑菇味,,,,,,,,
,,,,,,,,,,维也纳肠,,台式风味,,,,,,,,
,,,,,,,,,,脆皮肠,,其他,,,,,,,,
,,,,,,,,,,,,,,,,,,,,
,,,,,,,,,,,,,,,,,,,,
,,,,,,,,,,,,,,,,,,,,
,,,,,,,,,,,,,,,,,,,,
,,,,,,,,,,,,,,,,,,,,
,,,,,,,,,,,,,,,,,,,,
,,,,,,,,,,,,,,,,,,,,
,,,,,,,,,,,,,,,,,,,,
,,,,,,,,,,,,,,,,,,,,
,,,,,,,,,,,,,,,,,,,,
,,,,,,,,,,,,,,,,,,,,
328.0,食品,冷藏食品,冷藏即食/熟食,冷藏主食,B,"定义：以米、面、杂粮为主要原料，经熟制或半熟制处理，可添加 / 不添加馅料、调味酱、肉制品、蔬菜等辅料，制成的即食或快食产品，需在 0-4℃冷藏条件下储存、运输和销售，食用时需要或无需二次加热即可享用。

核心定义：冷藏主食按原料与工艺分为两类，核心差异在于原料属性与食用方式：
快速区分要点
看原料：配料表首位为米、面、杂粮等主食原料，为核心基底，非以肉 / 海鲜 / 零食为核心的产品；
看工艺：经熟制 / 半熟制、成型、调味等主食加工工艺，需 0-4℃冷藏储存，非冷冻、非常温、非生鲜；
看形态与用途：饭团、面条、馄饨等主食原生形态，定位为正餐 / 早餐主食，非零食 / 佐餐 / 卤味；
看食用方式：开袋即食或仅需简单二次加热，无需复杂烹饪。","米类冷藏主食：冷藏饭团、冷藏寿司、冷藏便当米饭、冷藏杂粮饭、冷藏粥品等；
面类冷藏主食：冷藏鲜面条、冷藏馄饨、冷藏水饺、冷藏乌冬面、冷藏意面、冷藏拌面、冷藏凉面等；
复合类冷藏主食：以米 / 面为核心，搭配馅料、浇头的冷藏便当、冷藏三明治、冷藏手抓饼（冷藏款）、冷藏包子、冷藏馒头等；
即食 / 快食型主食：开袋即食的冷藏主食，或仅需简单加热即可食用的快食型产品。","常温主食：经高温杀菌、常温保存的方便面、自热米饭、常温面包等，不属于冷藏主食；
冷冻主食：经 - 18℃冷冻保存的冷冻面条、冷冻包子、冷冻年糕等，不属于冷藏主食；
冷藏卤味 / 熟食：以禽畜肉、豆制品为主要原料的冷藏卤味、酱卤肉等，不属于主食范畴；
冷藏蔬果：仅经清洗切分的冷藏蔬菜、水果等，不属于主食类；
非米 / 面 / 杂粮基主食：以薯类、淀粉为主要原料的粉丝、粉条、粉皮等，按对应品类归类，不属于本类；
生鲜原料：未加工的大米、面粉、杂粮等生鲜原料，不属于即食 / 快食主食。",湾仔码头,,,原味,盒装,,,,,,,原味
,,,,,,,,,思念,,,奶香,袋装,,,,,,,甜味
,,,,,,,,,三全,,,甜味,托盘装,,,,,,,咸香
,,,,,,,,,龙凤,,,咸香,,,,,,,,鲜香
,,,,,,,,,海霸王,,,香葱味,,,,,,,,酱香
,,,,,,,,,,,,椒盐味,,,,,,,,五香
,,,,,,,,,,,,麻辣味,,,,,,,,
,,,,,,,,,,,,香辣味,,,,,,,,
,,,,,,,,,,,,黑椒味,,,,,,,,香辣
,,,,,,,,,,,,奥尔良味,,,,,,,,麻辣
,,,,,,,,,,,,番茄味,,,,,,,,藤椒味
,,,,,,,,,,,,芝士味,,,,,,,,葱香味
,,,,,,,,,,,,培根味,,,,,,,,蒜香味
,,,,,,,,,,,,牛肉味,,,,,,,,麻酱味
,,,,,,,,,,,,鸡肉味,,,,,,,,酸辣味
,,,,,,,,,,,,猪肉味,,,,,,,,番茄味
,,,,,,,,,,,,海鲜味,,,,,,,,黑椒味
,,,,,,,,,,,,菌菇味,,,,,,,,咖喱味
,,,,,,,,,,,,蔬菜味,,,,,,,,海鲜味
,,,,,,,,,,,,其他,,,,,,,,海苔味
,,,,,,,,,,,,,,,,,,,,芝士味
,,,,,,,,,,,,,,,,,,,,
329.0,食品,冷藏食品,冷藏即食/熟食,冷藏蔬果,B,"定义：以新鲜蔬菜、水果为主要原料，经清洗、切分、去皮、杀菌等初步加工处理后，装入包装制成的即食或快烹型产品，需在 0-4℃冷藏条件下储存、运输和销售，开袋即食或仅需简单烹饪即可食用。

核心定义
冷藏蔬果是以新鲜蔬果为核心、经轻度加工的冷藏即食制品，核心是「蔬果原料 + 轻度加工 + 冷藏储存 + 即食属性」，彻底排除非蔬果类冷藏即食产品。
快速区分要点
1. 原料：以新鲜蔬菜、水果为绝对核心；
2. 工艺：仅经清洗、切分、漂烫、少量调味等轻度加工；
3. 储存：0-4℃冷藏，非冷冻、非常温；
4. 食用方式：开袋即食或简单加热，无需复杂烹饪。
一句话速记
新鲜蔬果 + 轻度加工 + 冷藏即食 = 冷藏蔬果。","即食型冷藏蔬果：鲜切蔬菜、沙拉菜、即食水果盒、即食果切、即食沙拉等；
快烹型冷藏蔬果：净菜、切配蔬菜、预处理蔬菜、去皮切块水果、冷冻前预处理蔬果（冷藏款）等；
复合类冷藏蔬果：搭配沙拉酱、调味汁的冷藏蔬果沙拉、蔬果拼盘等；
芽菜 / 菌菇类冷藏产品：冷藏豆芽、冷藏菌菇、预处理菌菇等。","常温蔬果：未加工、常温保存的整颗蔬菜、水果等，不属于冷藏蔬果；
冷冻蔬果：经 - 18℃冷冻保存的冷冻蔬菜、冷冻水果等，不属于冷藏蔬果；
冷藏主食：以米、面、杂粮为主要原料的冷藏主食、便当等，不属于蔬果范畴；
冷藏卤味 / 熟食：以禽畜肉、豆制品为主要原料的冷藏卤味、酱卤肉等，不属于蔬果类；
果蔬加工品：经腌制、发酵、烘干制成的酱菜、果干、蜜饯等，不属于鲜切冷藏蔬果；
果汁 / 果蔬汁：经压榨制成的冷藏果汁、果蔬汁等，归入饮料类，不属于本类。",湾仔码头,,,原味,密封,,,,,,,卤肉味
,,,,,,,,,思念,,,甜味,袋装,,,,,,,牛肉味
,,,,,,,,,三全,,,酸甜味,箱装,,,,,,,鸡肉味
,,,,,,,,,龙凤,,,清甜味,散装,,,,,,,猪肉味
,,,,,,,,,海霸王,,,淡甜味,礼盒装,,,,,,,香菇味
,,,,,,,,,,,,微酸味,,,,,,,,
,,,,,,,,,,,,酸味,,,,,,,,
,,,,,,,,,,,,鲜爽味,,,,,,,,
,,,,,,,,,,,,清苦味,,,,,,,,
,,,,,,,,,,,,甘苦味,,,,,,,,
,,,,,,,,,,,,辛辣味,,,,,,,,
,,,,,,,,,,,,香辣味,,,,,,,,
,,,,,,,,,,,,芳香味,,,,,,,,
,,,,,,,,,,,,清香味,,,,,,,,
,,,,,,,,,,,,淡咸味,,,,,,,,
,,,,,,,,,,,,其他,,,,,,,,
,,,,,,,,,,,,,,,,,,,,
,,,,,,,,,,,,,,,,,,,,
,,,,,,,,,,,,,,,,,,,,
,,,,,,,,,,,,,,,,,,,,
,,,,,,,,,,,,,,,,,,,,
,,,,,,,,,,,,,,,,,,,,
330.0,食品,冷藏食品,冷藏即食/熟食,冷藏豆制品,B,"定义：以大豆为主要原料，经制浆、凝固、压榨等工艺制成的新鲜豆制品，或以此为原料的再加工品，需在 0-4℃冷藏条件下储存、运输和销售，开袋即食或经简单烹饪后食用。

核心定义：冷藏豆制品按工艺与形态分为两类，核心差异在于加工深度与食用方式：
快速区分要点
看原料：配料表首位为大豆 / 豆类，且为核心原料，非以大豆蛋白为基底的仿肉制品、非非豆类仿豆制品；
看工艺：经制浆、凝固、压榨等基础工艺，或经卤制、发酵等二次加工，非深度调理 / 预炸；
看储存条件：需在 0-4℃冷藏条件下储存、运输和销售，非冷冻、非常温、非生鲜；
看典型形态与用途：豆腐、豆干、腐竹等豆制品原生形态，定位为佐餐 / 食材，非零食 / 主食 / 卤味（卤豆干除外）。","鲜制基础豆制品：北豆腐、南豆腐、内酯豆腐、鲜豆浆、豆干、千张、油豆腐、素鸡、鲜腐竹等；
再加工冷藏豆制品：卤豆干、卤千张、素肉、发酵豆制品（冷藏款）、豆腐皮、豆泡等；
即食型冷藏豆制品：开袋即食的卤豆干、凉拌豆腐、即食素鸡等；
烹饪型冷藏豆制品：需简单加热、烹饪后食用的鲜豆腐、鲜腐竹等。","常温豆制品：经高温杀菌、常温保存的豆腐乳、豆干、腐竹（干腐竹）、豆浆粉等，不属于冷藏豆制品；
冷冻豆制品：经 - 18℃冷冻保存的冻豆腐、冷冻豆干等，不属于冷藏豆制品；
冷藏卤味：以豆制品为原料的卤味制品，若以卤味为核心定位，归入冷藏卤味类目；
冷藏主食：以豆制品为馅料的冷藏包子、饺子等，归入冷藏主食类目；
非大豆基豆制品：以豌豆、绿豆等非大豆为原料制成的粉丝、粉条等，不属于本类；
大豆饮料：以大豆为原料制成的豆奶、豆浆饮料等，归入饮料类，不属于本类。",祖名,,,原味,盒装,,,,,,,
,,,,,,,,,白玉,,,五香,袋装,,,,,,,
,,,,,,,,,卫龙,,,芦苇,,,,,,,,
,,,,,,,,,三只松鼠,,,麻辣,,,,,,,,
,,,,,,,,,良品铺子,,,红油,,,,,,,,
,,,,,,,,,,,,其他,,,,,,,,
,,,,,,,,,,,,,,,,,,,,
,,,,,,,,,,,,,,,,,,,,
,,,,,,,,,,,,,,,,,,,,
,,,,,,,,,,,,,,,,,,,,
,,,,,,,,,,,,,,,,,,,,
,,,,,,,,,,,,,,,,,,,,
,,,,,,,,,,,,,,,,,,,,
,,,,,,,,,,,,,,,,,,,,
,,,,,,,,,,,,,,,,,,,,
,,,,,,,,,,,,,,,,,,,,
,,,,,,,,,,,,,,,,,,,,
,,,,,,,,,,,,,,,,,,,,
,,,,,,,,,,,,,,,,,,,,
,,,,,,,,,,,,,,,,,,,,
,,,,,,,,,,,,,,,,,,,,
,,,,,,,,,,,,,,,,,,,,
331.0,食品,冷藏食品,冷藏即食/熟食,冷藏烘焙,C,"定义：以小麦粉、油脂、鸡蛋、乳制品等为主要原料，经调粉、发酵、成型、烘焙后制成的即食烘焙制品，在 0-4℃冷藏条件下储存、运输和销售，开袋即食或经简单复热后食用，适用于面包房、酒店、餐饮及家庭场景，属于冷藏即食 / 熟食的烘焙类细分品类，区别于其他冷藏即食品类。
核心定义
冷藏烘焙是以面粉油脂为基底、经烘焙后冷藏的即食烘焙制品，核心是「面粉油脂基底 + 烘焙工艺 + 冷藏储存 + 即食属性」，彻底排除非烘焙类冷藏即食产品。
快速区分要点
1. 原料：以小麦粉、油脂、鸡蛋等烘焙原料为核心；
2. 工艺：经发酵、烘焙等烘焙工艺，熟制后冷藏；
3. 储存：0-4℃冷藏，非冷冻、非常温；
4. 食用方式：开袋即食或简单复热，无需复杂烹饪。
一句话速记
面粉油脂 + 烘焙工艺 + 冷藏即食 = 冷藏烘焙。","1. 冷藏面包类（最主流）
冷藏吐司、餐包、小面包、法式面包等
2. 冷藏起酥类
冷藏牛角包、丹麦酥、酥皮点心等
3. 冷藏蛋糕 / 糕点类
冷藏蛋糕、慕斯、芝士蛋糕（冷藏款）等
4. 冷藏饼底 / 半成品
冷藏披萨饼底、饼坯等需简单复热的烘焙品","常温烘焙食品：经高温杀菌、常温保存的面包、蛋糕、糕点、饼干等，不属于冷藏烘焙；
冷冻烘焙食品：经 - 18℃冷冻保存的冷冻牛角包、冷冻吐司、冷冻披萨饼底等，不属于冷藏烘焙；
冷冻甜品：经速冻制成的冷冻慕斯、冷冻芝士蛋糕等，归入冷冻甜品类目；
冷藏主食：以面粉为原料的冷藏面条、冷藏包子等，归入冷藏主食类目；
非烘焙类制品：薯片、膨化食品、油炸小吃等，不属于烘焙类；
中式冷藏糕点：以中式工艺制成的冷藏糕点（如冷藏年糕、冷藏麻薯），按对应品类归类，不属于本类。",湾仔码头,,,抹茶,盒装,,,,,,,
,,,,,,,,,思念,,,芋泥,袋装,,,,,,,
,,,,,,,,,三全,,,肉松,覆膜装,,,,,,,
,,,,,,,,,龙凤,,,水果夹心,,,,,,,,
,,,,,,,,,海霸王,,,巧克力,,,,,,,,
,,,,,,,,,,,,奶油,,,,,,,,
,,,,,,,,,,,,其他,,,,,,,,
,,,,,,,,,,,,,,,,,,,,
,,,,,,,,,,,,,,,,,,,,
,,,,,,,,,,,,,,,,,,,,
,,,,,,,,,,,,,,,,,,,,
,,,,,,,,,,,,,,,,,,,,
,,,,,,,,,,,,,,,,,,,,
,,,,,,,,,,,,,,,,,,,,
,,,,,,,,,,,,,,,,,,,,
,,,,,,,,,,,,,,,,,,,,
,,,,,,,,,,,,,,,,,,,,
,,,,,,,,,,,,,,,,,,,,
,,,,,,,,,,,,,,,,,,,,
,,,,,,,,,,,,,,,,,,,,
,,,,,,,,,,,,,,,,,,,,
,,,,,,,,,,,,,,,,,,,,
332.0,食品,冷藏食品,冷藏即食/熟食,其他冷藏即食/熟食,,"定义：以各类可食用原料为主要原料，经熟制、调理、杀菌等工艺加工制成，无法归入冷藏卤味、冷藏主食、冷藏蔬果、冷藏豆制品、冷藏烘焙等明确子类的冷藏即食 / 熟食制品，需在 0-4℃冷藏条件下储存、运输和销售，开袋即食或经简单加热后食用，属于冷藏即食 / 熟食的兜底归类。
快速区分要点
产品属性：冷藏即食 / 熟食，非生鲜、非冷冻、非常温产品；
归属要求：无法归入冷藏卤味、冷藏主食、冷藏蔬果、冷藏豆制品、冷藏烘焙等明确子类；
食用方式：开袋即食或仅需简单加热，无需复杂烹饪。
一句话速记
冷藏即食 / 熟食、无法归入上述明确子类、开袋 / 简单加热即食，才是其他冷藏即食 / 熟食。","1. 冷藏即食预制菜：冷藏中式预制菜、冷藏西式预制菜、冷藏汤品、冷藏料理包等无法归入其他子类的冷藏熟食；
2. 冷藏即食：轻食碗、即食鸡胸肉、即食健身餐等无法归入其他子类的冷藏即食产品；
3. 冷藏即食水产制品：冷藏即食鱼干、冷藏即食虾干、冷藏即食贝类等无法归入其他子类的冷藏水产熟食；
4. 其他无法归类的冷藏即食 / 熟食：符合冷藏即食 / 熟食属性，无法划入上述明确子类的产品","1. 已单独分类的冷藏即食 / 熟食（核心区分）
冷藏卤味、冷藏主食、冷藏蔬果、冷藏豆制品、冷藏烘焙 → 归为对应单独类目，不按其他冷藏即食 / 熟食
2. 生鲜未加工食品
生鲜肉类、蔬菜、水果等 → 归为生鲜类目，不是冷藏即食 / 熟食
3. 冷冻食品
冷冻肉制品、冷冻点心 / 小吃等 → 归为冷冻食品类目，不是冷藏即食 / 熟食
4. 常温食品
常温卤味、香肠、面包等 → 归为常温食品类目，不是冷藏即食 / 熟食
5. 非食品类冷藏产品
冷藏非食品用品等 → 归为对应类目，不是食品",,,,,,,,,,,,
,,,,,,,,,,,,,,,,,,,,
,,,,,,,,,,,,,,,,,,,,
,,,,,,,,,,,,,,,,,,,,
,,,,,,,,,,,,,,,,,,,,
,,,,,,,,,,,,,,,,,,,,
,,,,,,,,,,,,,,,,,,,,
,,,,,,,,,,,,,,,,,,,,
,,,,,,,,,,,,,,,,,,,,
,,,,,,,,,,,,,,,,,,,,
,,,,,,,,,,,,,,,,,,,,
,,,,,,,,,,,,,,,,,,,,
,,,,,,,,,,,,,,,,,,,,
,,,,,,,,,,,,,,,,,,,,
,,,,,,,,,,,,,,,,,,,,
,,,,,,,,,,,,,,,,,,,,
,,,,,,,,,,,,,,,,,,,,
,,,,,,,,,,,,,,,,,,,,
,,,,,,,,,,,,,,,,,,,,
,,,,,,,,,,,,,,,,,,,,
,,,,,,,,,,,,,,,,,,,,
,,,,,,,,,,,,,,,,,,,,
333.0,非食品,香烟和烟草制品,香烟,香烟,B,"定义：以调制、切丝并干燥的烟草为主要原料，用卷烟纸卷裹成圆柱体，通常配有滤嘴以降低吸入颗粒，通过点燃并吸入其燃烧产生的烟雾以满足吸食需求的烟草制品。产品以每支独立或成包（常见 20 支 / 包）形式销售，尼古丁为主要活性成分，焦油、一氧化碳等伴随释放，按烟草配方、滤嘴长度及包装规格分为烤烟型、混合型等类别。
核心定义
香烟是指以烟丝为核心原料，卷制后带滤嘴、添加助燃剂，通过燃烧吸食的传统烟草制品，核心是「烟丝卷制 + 带滤嘴 + 燃烧吸食 + 成品卷烟」，区别于雪茄、电子烟等其他烟草品类。
快速区分要点
原料为调制烟丝（非整片烟叶），需添加助燃剂、香精等辅料；成品带滤嘴，为标准卷烟形态；通过点燃燃烧产生烟雾供人吸入；核心定位为日常吸食型烟草制品。
一句话结论
香烟 = 烟丝卷制 + 带滤嘴 + 燃烧吸食 + 成品卷烟。","常规滤嘴香烟：带滤嘴的常规长度香烟，如烤烟型、混合型常规香烟；
细支 / 中支香烟：细支、中支等不同直径的滤嘴香烟；
短支 / 加长支香烟：不同长度的滤嘴香烟；
按包装分类的香烟：单包、条装、礼盒装等不同包装形式的香烟。","非燃烧类烟草制品：电子烟、加热不燃烧烟草制品、口含烟等，不属于传统燃烧型香烟；
烟草原料：未加工的烟叶、烟丝等烟草原料，不属于成品香烟；
香烟配件：烟嘴、烟盒、打火机等香烟周边配件，不属于香烟本身；
非烟草制品：以非烟草为原料的仿烟产品、电子烟油等，不属于香烟。",中华,,,烤烟型,,,糯米米酒,,,,,
,,,,,,,,,玉溪,,,混合型,硬盒,,黑米酒,,,,,
,,,,,,,,,芙蓉王,,,薄荷味,软盒,,桂花米酒,,,,,
,,,,,,,,,利群,,,爆珠薄荷,铁盒,,果味米酒,,,,,
,,,,,,,,,黄鹤楼,,,水果味,,,草本米酒,,,,,
,,,,,,,,,,,,咖啡味,,,,,,,,
,,,,,,,,,,,,巧克力味,,,,,,,,
,,,,,,,,,,,,香草味,,,,,,,,
,,,,,,,,,,,,酒香型,,,,,,,,
,,,,,,,,,,,,茶香味,,,,,,,,
,,,,,,,,,,,,蜂蜜味,,,,,,,,
,,,,,,,,,,,,坚果味,,,,,,,,
,,,,,,,,,,,,其他,,,,,,,,
,,,,,,,,,,,,,,,,,,,,
,,,,,,,,,,,,,,,,,,,,
,,,,,,,,,,,,,,,,,,,,
,,,,,,,,,,,,,,,,,,,,
,,,,,,,,,,,,,,,,,,,,
,,,,,,,,,,,,,,,,,,,,
,,,,,,,,,,,,,,,,,,,,
,,,,,,,,,,,,,,,,,,,,
,,,,,,,,,,,,,,,,,,,,
334.0,非食品,香烟和烟草制品,雪茄,雪茄,B,"定义：以整片晾晒、发酵、醇化后的优质烟叶为唯一原料，手工或机械卷制而成的纯烟草制品，全程不添加助燃剂、滤嘴、香精等额外成分，仅依靠天然烟叶本身的特性实现燃烧；成品经长时间发酵醇化后形成独特的烟草香气与口感，使用前需剪切一端，点燃后通过口吸或鼻吸享用，是传统烟草制品中的高端品类。
核心定义
雪茄是指以 100% 纯整片烟叶为原料，卷制后无滤嘴、无额外添加，经发酵醇化后点燃享用的高端烟草制品，核心是「纯烟叶卷制 + 无滤嘴 + 发酵醇化 + 点燃享用」，区别于香烟、电子烟等其他烟草品类。
快速区分要点
原料为整片发酵烟叶（非烟丝），无滤嘴、无助燃剂、无香精添加；经长时间发酵醇化，香气层次丰富；需剪切后点燃，口吸不入肺；核心定位为高端收藏 / 品鉴型烟草制品。
一句话结论
雪茄 = 纯烟叶卷制 + 无滤嘴 + 发酵醇化 + 点燃享用。","1. 手工全叶卷雪茄
古巴雪茄、非古手工雪茄、手工卷制高端雪茄等
2. 半叶卷 / 机卷雪茄
半手工雪茄、机器卷制量产雪茄、小雪茄等
3. 不同尺寸 / 规格雪茄
罗布图、丘吉尔、皇冠、鱼雷等不同长度、环径的雪茄
4. 不同包装形式雪茄
单支独立包装、多支木盒 / 礼盒装、保湿盒套装雪茄等","1. 香烟（烟丝卷制，带滤嘴）
烤烟型、混合型、细支香烟等 → 归为香烟类目，不按雪茄
2. 仿雪茄型香烟（本质为香烟）
外形仿雪茄的烟丝卷烟、带滤嘴小雪茄烟 → 归为香烟，不是雪茄
3. 电子烟（电加热雾化，非燃烧烟草）
一次性小烟、换弹式电子烟等 → 归为电子烟类目，不是雪茄
4. 烟草原料（未卷制）
烟叶、烟丝、烟片等 → 归为烟草原料，不是成品雪茄",古巴蒙特克里斯托,,,木香,,,,,,,,
,,,,,,,,,古巴高希霸,,,皮革,铝管装,,,,,,,
,,,,,,,,,古巴罗密欧与朱丽叶,,,咖啡,木盒装,,,,,,,
,,,,,,,,,大卫杜夫,,,可可,纸盒装,,,,,,,
,,,,,,,,,登喜路,,,坚果,铁盒装,,,,,,,
,,,,,,,,,,,,奶油,,,,,,,,
,,,,,,,,,,,,花香,,,,,,,,
,,,,,,,,,,,,果香,,,,,,,,
,,,,,,,,,,,,胡椒,,,,,,,,
,,,,,,,,,,,,蜂蜜,,,,,,,,
,,,,,,,,,,,,泥土,,,,,,,,
,,,,,,,,,,,,香料,,,,,,,,
,,,,,,,,,,,,其他,,,,,,,,
,,,,,,,,,,,,,,,,,,,,
,,,,,,,,,,,,,,,,,,,,
,,,,,,,,,,,,,,,,,,,,
,,,,,,,,,,,,,,,,,,,,
,,,,,,,,,,,,,,,,,,,,
,,,,,,,,,,,,,,,,,,,,
,,,,,,,,,,,,,,,,,,,,
,,,,,,,,,,,,,,,,,,,,
,,,,,,,,,,,,,,,,,,,,
335.0,非食品,香烟和烟草制品,电子烟,电子烟,B,"定义：一种通过电池驱动雾化器将含或不含尼古丁的液体（主要成分为丙二醇、甘油、香料及可选尼古丁盐）加热成气雾供人吸入的电子设备，主体通常由电池杆、雾化仓及可更换或可注油的烟弹组成，可由吸气触发或按键启动；产品形态包括一次性小烟、可换弹式小烟及可调功率大烟雾设备，归类于烟草替代品零售类别。

快速区分要点
看核心结构：必须具备电子设备结构（含电池、雾化器），以电驱动雾化，非传统燃烧型烟草、非非电子点火装置；
看原料与工艺：以雾化液为雾化介质，无烟草燃烧过程，不产生焦油、一氧化碳，区别于香烟、雪茄等传统烟草；
看储存与使用：需充电启动，形态覆盖一次性、换弹式、大烟雾等全品类，属于烟草替代品，需符合相关国家标准；
看食用 / 使用方式：支持吸气感应或按键启动，无燃烧、气雾吸入，无需复杂操作。
一句话结论电子烟 = 电驱动雾化 + 雾化液 + 无燃烧 + 气雾吸入。","一次性电子烟（最主流）
一次性小烟、预注油不可充电电子烟等
可换弹式电子烟
可更换预注油烟弹、可充电的换弹式小烟，含配套烟弹
可调功率大烟雾设备
可自行注油、可调功率的大烟雾主机、雾化器套装等
电子烟核心耗材
与电子烟配套的烟弹、雾化芯、雾化仓等核心部件","香烟、雪茄等传统燃烧型烟草制品
以烟草为原料、点燃燃烧吸食的香烟、雪茄等 → 归为对应烟草类目，不按电子烟
加热不燃烧烟草制品
以烟草为原料、电加热不燃烧的 IQOS 等产品 → 归为其他烟草制品，不是电子烟
非电子烟雾化设备
医用雾化器、加湿器、香薰机等非烟草替代雾化设备 → 归为对应品类，不是电子烟
电子烟配件
充电线、保护壳、烟油瓶等非核心雾化组件 → 归为配件，不是电子烟本体
雾化液 / 烟油单独销售
仅销售雾化液 / 烟油 → 归为调味品类，不是电子烟本体
非烟草仿烟电子设备
以非烟草为原料的仿烟电子玩具、道具等 → 归为其他品类，不是电子烟",悦刻（RELX）,,,经典烟草,,,,,,,,
,,,,,,,,,柚子（YOOZ）,,,薄荷,,,,,,,,
,,,,,,,,,魔笛（MOTI）,,,芒果,,,,,,,,
,,,,,,,,,铂德（BODE）,,,西瓜,,,,,,,,
,,,,,,,,,小野（VTV）,,,蓝莓,,,,,,,,
,,,,,,,,,,,,草莓,,,,,,,,
,,,,,,,,,,,,青苹果,,,,,,,,
,,,,,,,,,,,,葡萄,,,,,,,,
,,,,,,,,,,,,香蕉,,,,,,,,
,,,,,,,,,,,,柠檬,,,,,,,,
,,,,,,,,,,,,橙子,,,,,,,,
,,,,,,,,,,,,椰子,,,,,,,,
,,,,,,,,,,,,水果混合,,,,,,,,
,,,,,,,,,,,,其他,,,,,,,,
,,,,,,,,,,,,,,,,,,,,
,,,,,,,,,,,,,,,,,,,,
,,,,,,,,,,,,,,,,,,,,
,,,,,,,,,,,,,,,,,,,,
,,,,,,,,,,,,,,,,,,,,
,,,,,,,,,,,,,,,,,,,,
,,,,,,,,,,,,,,,,,,,,
,,,,,,,,,,,,,,,,,,,,
336.0,非食品,香烟配套商品,电子烟,打火机,B,"定义：一种手动操作的点火装置，以石化衍生物为燃料，主要用于特意点燃香烟、雪茄、烟斗，也可点燃纸、蜡烛、灯笼等；非设计用于长时间燃烧或替代手电筒等用途。
核心定义打火机是指以石化燃料（如丁烷、汽油等）为动力，通过手动操作实现点火的小型便携装置，核心是「手动操作 + 石化燃料 + 便携点火」，区别于火柴、点火器等其他点火工具。
快速区分要点
看原理与燃料：以石化衍生物（丁烷、汽油等）为燃料，通过手动操作实现点火，非电子 / 充电式点火装置；
看核心结构与功能：核心为手动触发点火的小型便携装置，无电池、雾化器等电子结构；
看典型用途：主要用于点燃香烟、雪茄、烟斗等烟草制品，可拓展用于点燃纸、蜡烛等日常场景；
看形态与属性：体积小巧便携，非设计用于长时间持续燃烧，不可替代其他工具使用。","气体打火机（最主流）
一次性塑料打火机、可充气金属打火机、防风打火机等
燃油打火机
煤油打火机、汽油打火机等经典款式
不同功能 / 造型打火机
超薄打火机、创意造型打火机、USB 充电打火机（电弧 / 电热丝式）等
不同场景打火机
便携口袋打火机、台式打火机、礼品装打火机等","火柴、点火器等其他点火工具
火柴、点火枪、燃气灶点火器等 → 归为对应品类，不按打火机
香烟、雪茄、电子烟等烟草 / 烟草替代制品
各类烟草及相关产品 → 归为对应烟草类目，不是打火机
手电筒、长时间燃烧装置
手电筒、酒精灯、煤油灯等 → 归为对应品类，不是打火机
打火机配件
打火机充气罐、打火机专用油、打火机皮套等 → 归为配件，不是打火机本体
非点火功能电子设备
电弧打火机以外的电子设备、玩具等 → 归为对应品类，不是打火机
其他燃料点火装置
以天然气、酒精等为燃料的非便携点火装置 → 归为对应品类，不是打火机",芝宝（ZIPPO）,,,,,,,,,,,
,,,,,,,,,虎牌,,,,,,,,,,,
,,,,,,,,,双枪,,,,,,,,,,,
,,,,,,,,,百诺,,,,,,,,,,,
,,,,,,,,,登喜路,,,,,,,,,,,
,,,,,,,,,,,,,,,,,,,,
,,,,,,,,,,,,,,,,,,,,
,,,,,,,,,,,,,,,,,,,,
,,,,,,,,,,,,,,,,,,,,
,,,,,,,,,,,,,,,,,,,,
,,,,,,,,,,,,,,,,,,,,
,,,,,,,,,,,,,,,,,,,,
,,,,,,,,,,,,,,,,,,,,
,,,,,,,,,,,,,,,,,,,,
,,,,,,,,,,,,,,,,,,,,
,,,,,,,,,,,,,,,,,,,,
,,,,,,,,,,,,,,,,,,,,
,,,,,,,,,,,,,,,,,,,,
,,,,,,,,,,,,,,,,,,,,
,,,,,,,,,,,,,,,,,,,,
,,,,,,,,,,,,,,,,,,,,
,,,,,,,,,,,,,,,,,,,,
337.0,非食品,个人护理,口腔护理,牙膏,S,"定义：用于清洁牙齿表面，去除牙菌斑和食物残渣的糊状物，主要成分包括研磨剂、湿润剂、表面活性剂、防腐剂等。牙膏通常以管装形式出售，使用时挤出适量于牙刷上，通过刷牙动作达到口腔卫生的目的。市面上有针对不同需求的产品如美白型、防蛀型等。

快速判断一句话
管装、膏体、用于刷牙清洁牙齿的口腔护理品 = 牙膏。","1. 成人牙膏
2. 儿童牙膏
3. 美白牙膏
4. 抗敏感牙膏
5. 防蛀 / 含氟牙膏
6. 清火 / 护龈牙膏
7. 去烟渍 / 去黄牙膏
8. 小苏打牙膏、益生菌牙膏
9. 牙膏套装（牙膏 + 牙刷）里的牙膏主体","1. 牙刷（电动牙刷、普通牙刷）
2. 牙线、牙线棒
3. 漱口水、口喷
4. 假牙清洁片、义齿膏
5. 牙粉、洗牙粉
6. 口腔清新糖、口香糖
7. 牙膏盒、赠品小样（不计入正装品类）",黑人,成人牙膏,防蛀,薄荷味,软管装（主流）,,,,,,,
,,,,,,,,,高露洁,儿童牙膏,美白,柠檬味,双支装 / 多支装,,,,,,,
,,,,,,,,,佳洁士,孕妇 / 温和款牙膏,抗敏感,水果味,旅行小管装,,,,,,,
,,,,,,,,,云南白药,,清新口气,竹炭味,礼盒装,,,,,,,
,,,,,,,,,冷酸灵,,牙龈护理,海盐味,组合装,,,,,,,
,,,,,,,,,,,止血,中草药,,,,,,,,
,,,,,,,,,,,去牙渍,草莓味,,,,,,,,
,,,,,,,,,,,去烟渍,蓝莓味,,,,,,,,
,,,,,,,,,,,多效护理,橙子味,,,,,,,,
,,,,,,,,,,,清火,水蜜桃味,,,,,,,,
,,,,,,,,,,,抗菌,牛奶味,,,,,,,,
,,,,,,,,,,,含氟,其他,,,,,,,,
,,,,,,,,,,,无氟,,,,,,,,,
,,,,,,,,,,,儿童护理,,,,,,,,,
,,,,,,,,,,,牙周护理,,,,,,,,,
,,,,,,,,,,,牙结石护理,,,,,,,,,
,,,,,,,,,,,舒缓口腔,,,,,,,,,
,,,,,,,,,,,修护牙釉质,,,,,,,,,
,,,,,,,,,,,草本护理,,,,,,,,,
,,,,,,,,,,,其他,,,,,,,,,
,,,,,,,,,,,,,,,,,,,,
,,,,,,,,,,,,,,,,,,,,
338.0,非食品,个人护理,口腔护理,牙刷,A,"定义：牙刷是用于清洁牙齿、口腔的手动刷具，以手柄 + 刷头 + 刷毛为基本结构，依靠手动往复运动实现清洁，属于个人口腔护理工具。

快速判断一句话
手动、非电动、用于刷牙的刷子才算牙刷。","1. 成人普通牙刷
2. 儿童牙刷
3. 软毛 / 中毛 / 硬毛牙刷
4. 情侣牙刷、家庭装牙刷
5. 舌苔清洁牙刷","1. 电动牙刷整机、电动牙刷头
2. 牙膏、漱口水、牙线
3. 牙间刷、牙缝刷
4. 牙刷架、漱口杯
5. 假牙清洁用品",黑人,成人牙刷,,无香型,单支装,,,,,,,
,,,,,,,,,高露洁,儿童牙刷,,薄荷清香,双支装,,,,,,,
,,,,,,,,,佳洁士,孕妇 / 月子牙刷,,淡淡果香,三支 / 四支 / 家庭装,,,,,,,
,,,,,,,,,云南白药,老人,,其他,旅行套装,,,,,,,
,,,,,,,,,冷酸灵,牙周护理牙刷,,,礼盒装,,,,,,,
,,,,,,,,,,,,,组合装,,,,,,,
,,,,,,,,,,,,,,,,,,,,
,,,,,,,,,,,,,,,,,,,,
,,,,,,,,,,,,,,,,,,,,
,,,,,,,,,,,,,,,,,,,,
,,,,,,,,,,,,,,,,,,,,
,,,,,,,,,,,,,,,,,,,,
,,,,,,,,,,,,,,,,,,,,
,,,,,,,,,,,,,,,,,,,,
,,,,,,,,,,,,,,,,,,,,
,,,,,,,,,,,,,,,,,,,,
,,,,,,,,,,,,,,,,,,,,
,,,,,,,,,,,,,,,,,,,,
,,,,,,,,,,,,,,,,,,,,
,,,,,,,,,,,,,,,,,,,,
,,,,,,,,,,,,,,,,,,,,
,,,,,,,,,,,,,,,,,,,,
339.0,非食品,个人护理,口腔护理,漱口水,B,"定义：液体形态的口腔护理产品，旨在通过冲洗方式帮助减少口腔内的细菌数量，清新口气，并可能提供额外的好处如减轻牙龈炎症。它含有抗菌成分、调味剂及其他添加剂，用户直接将一定量含入口中并轻轻搅动后吐掉。市场上存在多种类型，包括日常维护用、治疗性以及无酒精版本。
核心定义
漱口水是指以液体为形态，用于口腔冲洗护理的日化产品，核心是「液体形态 + 口腔冲洗 + 清洁抑菌 + 清新口气，区别于牙膏、牙线等其他口腔护理品类。
快速区分要点
看形态与使用方式：液体形态，使用方式为含漱后吐掉，非牙膏、牙线等非液体口腔护理品；
看核心功效：核心为清洁口腔、减少细菌、清新口气，可分为日常护理型、治疗型、无酒精型等；
看场景与属性：属于口腔护理类日化产品，直接用于口腔清洁护理，非食品、非药品（非处方漱口水除外）；
看标准：需符合相关国家日用化工安全标准，非牙膏、牙线、电动牙刷等其他口腔护理品类。
一句话结论
漱口水 = 液体形态 + 口腔含漱 + 清洁抑菌 + 清新口气。","1. 日常护理型漱口水（最主流）
常规清新口气漱口水、无酒精漱口水、含氟漱口水等
2. 功能性 / 治疗性漱口水
抑菌消炎漱口水、抗敏感漱口水、防蛀漱口水等
3. 不同规格 / 包装漱口水
便携装漱口水、大瓶装家庭装漱口水、旅行装漱口水等
4. 不同风味漱口水
薄荷味、水果味、草本味等风味漱口水","1. 牙膏、牙粉等膏状 / 粉状口腔清洁产品
牙膏、牙粉、牙粉等 → 归为对应口腔护理类目，不按漱口水
2. 口腔喷雾、口气清新丸等非液体含漱产品
口气清新喷雾、口气清新丸、口含片等 → 归为对应品类，不是漱口水
3. 饮用水、饮料等饮品
矿泉水、饮料、茶水等 → 归为饮品，不是漱口水
4. 非口腔护理液体产品
消毒液、漱口水型消毒产品等 → 归为对应品类，不是漱口水
5. 电动牙刷、冲牙器等口腔护理器具
各类口腔清洁器具 → 归为对应器具类目，不是漱口水",李施德林,,清新口气,薄荷味,瓶装,,,,,,,
,,,,,,,,,黑人,,抗菌消炎,柠檬味,泵头式,,,,,,,
,,,,,,,,,高露洁,,减少牙菌斑,绿茶味,便携装,,,,,,,
,,,,,,,,,佳洁士,,减轻牙龈出血,水果味,袋装,,,,,,,
,,,,,,,,,云南白药,,美白牙齿,草本味,杯装,,,,,,,
,,,,,,,,,,,其他,无味,喷雾装,,,,,,,
,,,,,,,,,,,,其他,其他,,,,,,,
,,,,,,,,,,,,,,,,,,,,
,,,,,,,,,,,,,,,,,,,,
,,,,,,,,,,,,,,,,,,,,
,,,,,,,,,,,,,,,,,,,,
,,,,,,,,,,,,,,,,,,,,
,,,,,,,,,,,,,,,,,,,,
,,,,,,,,,,,,,,,,,,,,
,,,,,,,,,,,,,,,,,,,,
,,,,,,,,,,,,,,,,,,,,
,,,,,,,,,,,,,,,,,,,,
,,,,,,,,,,,,,,,,,,,,
,,,,,,,,,,,,,,,,,,,,
,,,,,,,,,,,,,,,,,,,,
,,,,,,,,,,,,,,,,,,,,
,,,,,,,,,,,,,,,,,,,,
340.0,非食品,个人护理,口腔护理,电动牙刷,C,"定义：电动牙刷的主体部分，内置电机与电源系统，通过高频振动或旋转驱动刷头完成牙齿清洁。其外壳多为防水塑料或橡胶材质，配有关、模式指示灯及充电接口，部分型号支持压力感应与智能计时功能，需与对应品牌的刷头配套使用。
快速区分要点
看核心结构与动力：内置电机与电源系统，以电力驱动，区别于手动牙刷、非电动清洁工具；
看工作原理：通过高频振动或旋转带动刷头完成牙齿清洁，非手动摩擦清洁；
看形态与用途：电动牙刷主机形态，定位为个人口腔护理器具，需与对应品牌刷头配套使用；
看核心特征：具备防水外壳、开关 / 模式指示灯、充电接口，部分型号支持压力感应与智能计时，非电动牙刷主机以外的配件。
一句话结论
电动牙刷 = 电力驱动 + 刷头振动 / 旋转 + 牙齿清洁器具。","1. 声波式电动牙刷（最主流）
高频声波振动电动牙刷、磁悬浮马达电动牙刷等
2. 旋转式电动牙刷
旋转摆动式电动牙刷、3D 旋转电动牙刷等
3. 不同功能 / 定位电动牙刷
智能电动牙刷、便携电动牙刷、儿童电动牙刷等
4. 不同充电方式电动牙刷
感应充电电动牙刷、USB 充电电动牙刷、无线充电电动牙刷等","1. 手动牙刷等非电动清洁器具
手动牙刷、牙缝刷等 → 归为对应口腔护理类目，不按电动牙刷
2. 冲牙器、洗牙器等其他口腔护理器具
冲牙器、水牙线、洗牙器等 → 归为对应器具类目，不是电动牙刷
3. 电动牙刷刷头、充电器等配件
替换刷头、充电底座、旅行盒等 → 归为配件，不是电动牙刷本体
4. 非口腔护理电子器具
洁面仪、美容仪等 → 归为对应品类，不是电动牙刷
5. 非电动牙刷类口腔护理产品
牙膏、漱口水等 → 归为对应护理产品类目，不是电动牙刷",欧乐B ,,清洁,,盒装,,,,,,,
,,,,,,,,,飞利浦,,美白,,吸塑卡装,,,,,,,
,,,,,,,,,小米,,敏感护理,,塑料袋装,,,,,,,
,,,,,,,,,松下,,牙龈护理,,,,,,,,,
,,,,,,,,,拜尔,,抛光,,,,,,,,,
,,,,,,,,,,,舌苔清洁,,,,,,,,,
,,,,,,,,,,,智能计时,,,,,,,,,
,,,,,,,,,,,压力感应,,,,,,,,,
,,,,,,,,,,,多模式切换,,,,,,,,,
,,,,,,,,,,,无线充电,,,,,,,,,
,,,,,,,,,,,旅行锁,,,,,,,,,
,,,,,,,,,,,蓝牙连接,,,,,,,,,
,,,,,,,,,,,APP互联,,,,,,,,,
,,,,,,,,,,,变频功能,,,,,,,,,
,,,,,,,,,,,定时器,,,,,,,,,
,,,,,,,,,,,高频振动,,,,,,,,,
,,,,,,,,,,,低频振动,,,,,,,,,
,,,,,,,,,,,其他,,,,,,,,,
,,,,,,,,,,,,,,,,,,,,
,,,,,,,,,,,,,,,,,,,,
,,,,,,,,,,,,,,,,,,,,
,,,,,,,,,,,,,,,,,,,,
341.0,非食品,个人护理,口腔护理,口腔喷雾,C,"定义：便携式液体口腔护理产品，通过按压喷头将细雾状溶液直接作用于口腔内部，旨在快速中和异味、暂时抑制细菌并带来清新口气。其配方通常含薄荷醇、木糖醇或植物提取物，体积小巧适合随身携带，使用时对准口腔按压数次即可，效果维持时间较短需按需补喷。
核心定义
口腔喷雾是指以喷雾为形态、便携为核心的口腔护理产品，核心是「喷雾形态 + 便携设计 + 快速清新口气 + 临时抑菌」，区别于漱口水、牙膏等其他口腔护理品类。
快速区分要点
产品为喷雾型液体，通过按压喷头使用，体积小巧便携，核心功效为快速清新口气、临时抑菌，效果持续时间短；属于口腔护理类日化产品，配方多含薄荷醇、木糖醇等清新成分。
一句话结论
口腔喷雾 = 喷雾形态 + 便携设计 + 快速清新口气。","1. 日常清新型口腔喷雾（最主流）
薄荷味、水果味、草本味等常规口气清新喷雾
2. 功能性口腔喷雾
抑菌型、持久型、无酒精型口腔喷雾等
3. 不同规格 / 包装口腔喷雾
便携装、迷你装、替换装口腔喷雾等
4. 特殊功效口腔喷雾
润喉型、提神型口腔喷雾等","1. 漱口水等液体含漱产品
漱口水、漱口液等 → 归为对应口腔护理类目，不按口腔喷雾
2. 口气清新丸、口含片等非喷雾产品
口气清新丸、口含片、口香丸等 → 归为对应品类，不是口腔喷雾
3. 非口腔护理喷雾产品
消毒喷雾、空气清新剂等 → 归为对应品类，不是口腔喷雾
4. 牙膏、牙线等其他口腔护理产品
牙膏、牙线、电动牙刷等 → 归为对应类目，不是口腔喷雾
5. 饮用水、饮料等饮品
矿泉水、饮料等 → 归为饮品，不是口腔喷雾",李施德林,,清新口气,薄荷味,瓶装,,,,,,,
,,,,,,,,,黑人,,中和异味,水果味,喷雾装,,,,,,,
,,,,,,,,,高露洁,,抑制细菌,绿茶味,,,,,,,,
,,,,,,,,,佳洁士,,滋润口腔,柠檬味,,,,,,,,
,,,,,,,,,云南白药,,其他,草莓味,,,,,,,,
,,,,,,,,,,,,其他,,,,,,,,
,,,,,,,,,,,,,,,,,,,,
,,,,,,,,,,,,,,,,,,,,
,,,,,,,,,,,,,,,,,,,,
,,,,,,,,,,,,,,,,,,,,
,,,,,,,,,,,,,,,,,,,,
,,,,,,,,,,,,,,,,,,,,
,,,,,,,,,,,,,,,,,,,,
,,,,,,,,,,,,,,,,,,,,
,,,,,,,,,,,,,,,,,,,,
,,,,,,,,,,,,,,,,,,,,
,,,,,,,,,,,,,,,,,,,,
,,,,,,,,,,,,,,,,,,,,
,,,,,,,,,,,,,,,,,,,,
,,,,,,,,,,,,,,,,,,,,
,,,,,,,,,,,,,,,,,,,,
,,,,,,,,,,,,,,,,,,,,
342.0,非食品,个人护理,口腔护理,牙线,C,"定义：用于清洁牙缝、去除牙菌斑的一次性口腔清洁护理用品。通常以尼龙、聚酯或丝线为原料制成纤细线状，可深入牙刷无法触及的牙缝间隙，通过物理摩擦清除食物残渣与牙菌斑，预防牙周疾病，是日常口腔清洁的重要补充工具。
核心定义
牙线是指以纤细线状为形态，用于物理清洁牙缝的一次性口腔护理用品，核心是「线状形态 + 物理清洁牙缝 + 去除牙菌斑」，区别于牙刷、冲牙器等其他口腔清洁器具。
快速区分要点
产品为纤细线状，原料多为尼龙、聚酯等，使用方式为物理摩擦清洁牙缝，一次性使用，核心功效为清除牙缝残渣、牙菌斑，预防牙周问题；属于口腔清洁类护理用品。
一句话结论
牙线 = 线状形态 + 物理清洁牙缝 + 一次性口腔护理用品。","1. 普通无蜡牙线（最主流）
常规尼龙无蜡牙线、超细牙线等
2. 带蜡 / 膨胀牙线
含蜡牙线、膨胀牙线、薄荷味牙线等
3. 牙线棒 / 牙线签
一体式牙线棒、牙线签、便携牙线棒等
4. 不同规格 / 包装牙线
卷轴装牙线、便携盒牙线、大包装牙线等","1. 牙刷、电动牙刷等刷牙器具
手动牙刷、电动牙刷等 → 归为对应口腔护理类目，不按牙线
2. 冲牙器、水牙线等电动清洁器具
冲牙器、水牙线等 → 归为对应器具类目，不是牙线
3. 牙缝刷、牙签等其他牙缝清洁工具
牙缝刷、牙签等 → 归为对应品类，不是牙线
4. 非口腔清洁用品
清洁线、缝纫线等 → 归为对应品类，不是牙线
5. 牙膏、漱口水等其他口腔护理产品
牙膏、漱口水、口腔喷雾等 → 归为对应类目，不是牙线",黑人,,,,盒装带线,,,,,,,
,,,,,,,,,高露洁,,,,单支独立包装牙线棒,,,,,,,
,,,,,,,,,佳洁士,,,,膨胀牙线/编织牙线,,,,,,,
,,,,,,,,,云南白药,,,,,,,,,,,
,,,,,,,,,屈臣氏,,,,,,,,,,,
,,,,,,,,,,,,,,,,,,,,
,,,,,,,,,,,,,,,,,,,,
,,,,,,,,,,,,,,,,,,,,
,,,,,,,,,,,,,,,,,,,,
,,,,,,,,,,,,,,,,,,,,
,,,,,,,,,,,,,,,,,,,,
,,,,,,,,,,,,,,,,,,,,
,,,,,,,,,,,,,,,,,,,,
,,,,,,,,,,,,,,,,,,,,
,,,,,,,,,,,,,,,,,,,,
,,,,,,,,,,,,,,,,,,,,
,,,,,,,,,,,,,,,,,,,,
,,,,,,,,,,,,,,,,,,,,
,,,,,,,,,,,,,,,,,,,,
,,,,,,,,,,,,,,,,,,,,
,,,,,,,,,,,,,,,,,,,,
,,,,,,,,,,,,,,,,,,,,
343.0,非食品,个人护理,口腔护理,其他口腔护理,,"定义：无法归入牙膏、牙刷、漱口水、电动牙刷、口腔喷雾、牙线等明确子类的口腔护理类产品，以清洁、护理、清新、美白等为主要功能，需在口腔场景下使用，属于口腔护理类目的兜底归类，适配特殊人群、特定场景或非传统口腔护理需求。
核心定义
其他口腔护理是口腔护理类目的兜底品类，核心是「无法归入明确子类 + 口腔使用场景 + 护理 / 清新 / 美白属性」，区别于牙膏、牙刷、牙线等常规口腔护理产品。
快速区分要点
1. 定位：兜底归类，仅用于未单独列类的口腔护理产品；
2. 场景：直接用于口腔清洁、护理、清新、美白等场景；
3. 形态：喷剂、凝胶、贴片、棉签、口腔泡沫等非传统形态；
4. 原料：添加口腔护理成分（如氟化物、木糖醇、益生菌、美白成分等），非清洁 / 单纯摩擦类。
一句话速记
口腔护理、无法归入上述明确子类、用于口腔护理的产品，才是其他口腔护理。","1. 口腔护理喷剂 / 泡沫
口腔清洁喷雾、口腔护理泡沫、清新喷剂等
2. 口腔护理凝胶 / 贴片
牙齿美白凝胶、口腔护理贴片（非面膜类）、牙龈护理凝胶等
3. 一次性口腔护理用品
口腔清洁棉签、口腔护理湿巾、牙间刷替换头（非牙刷）等
4. 特殊人群 / 场景口腔护理
儿童口腔护理液、敏感口腔修护凝胶、术后口腔护理喷剂等
5. 口腔护理辅助工具
口腔冲洗器喷头、口腔护理套装配件等","1. 已单独分类的口腔护理产品（核心区分）
牙膏、牙刷、漱口水、电动牙刷、口腔喷雾、牙线 → 归为对应单独类目，不按其他口腔护理
2. 非口腔类护理产品
面部护肤、身体护理等 → 归为对应护肤类目，不是口腔护理
3. 食品 / 饮品类
口香糖、糖果、口腔护理食品等 → 归为食品类目，不是口腔护理
4. 医疗器械类
口腔检查工具、医用口腔耗材等 → 归为医疗器械类目，不是日常口腔护理
5. 日化清洁类
洗洁精、洗衣液等非口腔清洁产品 → 归为日化类目，不是口腔护理",李施德林,,清洁牙缝,薄荷味,塑料袋装,,,,,,,
,,,,,,,,,黑人,,去除舌苔,绿茶味,盒装,,,,,,,
,,,,,,,,,高露洁,,缓解口腔溃疡,水果味,瓶装,,,,,,,
,,,,,,,,,佳洁士,,牙龈护理,无味,袋装,,,,,,,
,,,,,,,,,云南白药,,抑菌消炎,蜂蜜味,管装,,,,,,,
,,,,,,,,,,,清新口气,其他,,,,,,,,
,,,,,,,,,,,美白牙齿,,,,,,,,,
,,,,,,,,,,,修复牙釉质,,,,,,,,,
,,,,,,,,,,,减少牙龈出血,,,,,,,,,
,,,,,,,,,,,预防龋齿,,,,,,,,,
,,,,,,,,,,,其他,,,,,,,,,
,,,,,,,,,,,,,,,,,,,,
,,,,,,,,,,,,,,,,,,,,
,,,,,,,,,,,,,,,,,,,,
,,,,,,,,,,,,,,,,,,,,
,,,,,,,,,,,,,,,,,,,,
,,,,,,,,,,,,,,,,,,,,
,,,,,,,,,,,,,,,,,,,,
,,,,,,,,,,,,,,,,,,,,
,,,,,,,,,,,,,,,,,,,,
,,,,,,,,,,,,,,,,,,,,
,,,,,,,,,,,,,,,,,,,,
344.0,非食品,个人护理,洗发护发,洗发水,S,"定义：以阴离子表活为主、辅以调理与功能添加剂的发丝与头皮清洁制剂，通过乳化、增溶与机械冲洗去除皮脂、污垢及造型残留，按功能细分为去屑、控油、修护、护色等类型，质地多为可流动液体或膏体，湿发揉搓后需彻底冲洗，为护发流程的首要步骤。

快速判断一句话
用于清洁头发和头皮的洗护产品 = 洗发水。护发、沐浴、洁面类都不算。","1. 成人洗发露、洗发水、洗发乳
2. 儿童洗发水、宝宝洗发露
3. 去屑、控油、柔顺、修护、防脱洗发水
4. 无硅油洗发水、氨基酸洗发水
5. 洗发膏、洗发泥","1. 护发素、发膜、护发精油
2. 沐浴露、身体乳
3. 洗面奶、洁面产品
4. 染发剂、烫发剂
5. 头皮精华、营养液
6. 香皂、洗手液",海飞丝,成人洗发水,去屑,清新型,瓶装,,,,,,,
,,,,,,,,,飘柔,儿童洗发水,控油,花香,补充装 / 袋装,,,,,,,
,,,,,,,,,潘婷,男士专用洗发水,修护,果香,按压泵装,,,,,,,
,,,,,,,,,清扬,孕妇 / 敏感头皮温和款,柔顺,草本 / 木质,旅行装,,,,,,,
,,,,,,,,,沙宣,,防脱发,奶香型,双支 / 多支家庭装,,,,,,,
,,,,,,,,,,,蓬松,儿童款,礼盒装,,,,,,,
,,,,,,,,,,,染后护色,其他,组合装,,,,,,,
,,,,,,,,,,,滋养,,,,,,,,,
,,,,,,,,,,,强韧,,,,,,,,,
,,,,,,,,,,,清爽,,,,,,,,,
,,,,,,,,,,,保湿,,,,,,,,,
,,,,,,,,,,,抗敏感,,,,,,,,,
,,,,,,,,,,,其他,,,,,,,,,
,,,,,,,,,,,,,,,,,,,,
,,,,,,,,,,,,,,,,,,,,
,,,,,,,,,,,,,,,,,,,,
,,,,,,,,,,,,,,,,,,,,
,,,,,,,,,,,,,,,,,,,,
,,,,,,,,,,,,,,,,,,,,
,,,,,,,,,,,,,,,,,,,,
,,,,,,,,,,,,,,,,,,,,
,,,,,,,,,,,,,,,,,,,,
345.0,非食品,个人护理,洗发护发,护发素,B,"定义：以阳离子表面活性剂与脂质成分为核心，在洗发后使用的日常型即时发丝调理产品。通过中和发丝负电荷、填补毛鳞片间隙，即时降低梳理阻力、提升柔顺度与光泽，质地多为轻薄乳液或霜状，停留 3-5 分钟后需彻底冲洗，适用于大多数发质的每次洗头日常维护，核心作用是「即时顺滑、防静电、改善梳理性」，不做深层渗透修护。
快速区分要点
看核心成分与作用：以阳离子表面活性剂与脂质为核心，仅作用于发丝毛鳞片表层，中和负电荷、即时顺滑，不做深层渗透修护；
看使用方式：洗发后使用，停留 3-5 分钟后需彻底冲洗，非免洗、非深层护理产品；
看质地与形态：质地多为轻薄乳液或霜状，非精油 / 免洗精华等油状 / 免洗形态；
看定位与场景：日常洗护配套产品，用于每次洗头的即时顺滑，区别于发膜 / 焗油膏等深层修护产品。
一句话结论
护发素 = 每次洗头用 + 表层即时柔顺 + 轻薄易冲洗 + 日常洗护配套。","1. 基础柔顺型护发素（最主流）
常规滋养护发素、柔顺顺滑护发素、改善毛躁护发素等
2. 细分功效型护发素
烫染后即时顺护发素、控油清爽护发素、无硅油护发素等
3. 不同质地 / 形态护发素
乳液状护发素、轻霜状护发素等
4. 不同规格 / 包装护发素
家庭装大瓶、便携旅行装、替换装护发素等","1. 发膜 / 焗油膏等深层修护产品（核心区分）
发膜、焗油膏、倒膜等，核心为高浓度修护、深层渗透、每周使用 → 归为发膜 / 焗油膏类目，不按护发素
2. 免洗护发素、护发精油等非冲洗型产品
护发精油、护发喷雾等 → 归为对应品类，不是需冲洗护发素
3. 洗发水等清洁类产品
洗发水、洗发膏等 → 归为对应清洁类目，不是护发素
4. 其他非发丝护理日化产品
身体乳、面霜等 → 归为对应品类，不是护发素
5. 染发剂、定型类产品
染发剂、发胶、发蜡等 → 归为对应美发类目，不是护发素",海飞丝,,柔顺,,瓶装,,,,,,,
,,,,,,,,,飘柔,,修护,,挤压软管,,,,,,,
,,,,,,,,,潘婷,,保湿,,袋装,,,,,,,
,,,,,,,,,清扬,,抗毛躁,,替换装,,,,,,,
,,,,,,,,,沙宣,,强韧,,泵装,,,,,,,
,,,,,,,,,,,染烫修护,,喷雾装,,,,,,,
,,,,,,,,,,,护色,,胶囊,,,,,,,
,,,,,,,,,,,蓬松,,罐装,,,,,,,
,,,,,,,,,,,香氛,,其他,,,,,,,
,,,,,,,,,,,去屑,,,,,,,,,
,,,,,,,,,,,防脱,,,,,,,,,
,,,,,,,,,,,其他,,,,,,,,,
,,,,,,,,,,,,,,,,,,,,
,,,,,,,,,,,,,,,,,,,,
,,,,,,,,,,,,,,,,,,,,
,,,,,,,,,,,,,,,,,,,,
,,,,,,,,,,,,,,,,,,,,
,,,,,,,,,,,,,,,,,,,,
,,,,,,,,,,,,,,,,,,,,
,,,,,,,,,,,,,,,,,,,,
,,,,,,,,,,,,,,,,,,,,
,,,,,,,,,,,,,,,,,,,,
346.0,非食品,个人护理,洗发护发,发膜/焗油膏,B,"定义：以高浓度油脂、水解蛋白、修护聚合物为核心的深层发丝修护产品，较护发素具有更高渗透性与封闭性，通过延长作用时间（5-30 分钟，可加热）渗透发丝皮质层，补充流失的脂质与角蛋白，改善严重干枯、分叉、烫染化学损伤，质地厚重绵密，需彻底冲洗，使用频次远低于护发素（每周 1-2 次），核心作用是「深层滋养、修护受损、长效强韧」，而非即时表层顺滑。
核心定义
发膜 / 焗油膏是定期深层修护产品，核心是「深层渗透皮质层 + 长效修护受损 + 低频使用」，区别于护发素等仅作用于表层的日常即时调理产品。
快速区分要点
1. 定位：定期修护，每周 1-2 次，非每次洗头必用；
2. 功效：深层渗透修护，改善干枯分叉等受损问题，长效强韧；
3. 质地：厚重膏状 / 霜状，封闭性强，需彻底冲洗；
4. 停留时间：5-30 分钟，可加热促进吸收；
5. 成分：以高浓度油脂、水解蛋白、修护聚合物为核心，阳离子表活含量低。","1. 常规滋养型发膜（最主流）
深层滋养发膜、烫染修护发膜、补水保湿发膜等
2. 焗油膏 / 倒膜类产品
经典焗油膏、营养倒膜、沙龙级修护发膜等
3. 不同功效型发膜 / 焗油膏
抗毛躁发膜、防断发发膜、草本滋养发膜等
4. 不同使用方式发膜 / 焗油膏
加热型发膜、免蒸型焗油膏、涂抹式发膜等
5. 不同规格 / 包装发膜 / 焗油膏
罐装发膜、袋装发膜、大包装家庭装发膜等","1. 护发素等日常即时调理产品（核心区分）
护发素等，核心为表层即时柔顺、每次洗头使用 → 归为护发素类目，不按发膜 / 焗油膏
2. 免洗发膜/焗油膏  、护发喷雾、护发精油等非冲洗型产品
免洗护发喷雾、护发精油、护发精华等 → 归为对应品类，不是发膜 / 焗油膏
3. 非发丝护理类膏状产品
身体乳、面霜、软膏等 → 归为对应品类，不是发膜 / 焗油膏
4. 染发剂、定型类产品
染发剂、发胶、发蜡等 → 归为对应美发类目，不是发膜 / 焗油膏
5. 头皮护理类专属产品
头皮精华、头皮磨砂膏等 → 归为对应头皮护理类目，不是发膜 / 焗油膏",海飞丝,,深层修护,无香,罐装,,,,,,,
,,,,,,,,,飘柔,,柔顺亮泽,花香,管装,,,,,,,
,,,,,,,,,潘婷,,强韧防断,果香,瓶装,,,,,,,
,,,,,,,,,清扬,,染后护色,奶香,袋装,,,,,,,
,,,,,,,,,沙宣,,烫后修复,木质香,泵装,,,,,,,
,,,,,,,,,,,补水保湿,茶香,,,,,,,,
,,,,,,,,,,,改善分叉,其他,,,,,,,,
,,,,,,,,,,,修复化学损伤,,,,,,,,,
,,,,,,,,,,,其他,,,,,,,,,
,,,,,,,,,,,,,,,,,,,,
,,,,,,,,,,,,,,,,,,,,
,,,,,,,,,,,,,,,,,,,,
,,,,,,,,,,,,,,,,,,,,
,,,,,,,,,,,,,,,,,,,,
,,,,,,,,,,,,,,,,,,,,
,,,,,,,,,,,,,,,,,,,,
,,,,,,,,,,,,,,,,,,,,
,,,,,,,,,,,,,,,,,,,,
,,,,,,,,,,,,,,,,,,,,
,,,,,,,,,,,,,,,,,,,,
,,,,,,,,,,,,,,,,,,,,
,,,,,,,,,,,,,,,,,,,,
347.0,非食品,个人护理,洗发护发,护发精油/免洗精华,B,"定义：以硅油与植物油脂为主、无需冲洗的轻盈型发丝修护与光泽增强产品，通过包覆毛鳞片减少摩擦、抗湿防毛躁，可在吹发前作热保护或干发作局部抛光，质地从油状到乳液状不等，用量少、挥发快，适合日常快速打理。
核心定义
护发精油 / 免洗精华是免洗型发丝护理产品，核心是「免冲洗 + 油脂包覆 + 即时顺滑 + 日常造型」，仅作用于发丝表层，区别于需冲洗的护发素、发膜等洗护配套产品。
快速区分要点
看核心成分与作用：以硅油、植物油脂为核心，通过包裹毛鳞片减少摩擦、抗湿防毛躁，仅作用于发丝表层，非深层渗透修护；
看使用方式：无需冲洗，可在吹发前作热保护或干发作局部抛光，用量少、挥发快；
看质地与形态：质地从油状到乳液状不等，非需冲洗的护发素、发膜等洗护产品；
看定位与场景：免洗型发丝护理产品，用于日常快速打理与造型，区别于需冲洗的洗护配套产品。
一句话结论
护发精油 / 免洗精华 = 免冲洗 + 油脂包覆 + 即时顺滑 + 日常造型护理。","1. 基础护发精油（最主流）
常规护发精油、防毛躁护发精油、烫染修护护发精油等
2. 免洗精华 / 免洗乳
免洗护发精华、免洗润发乳、免洗顺发精华等
3. 功能型免洗产品
热防护护发精油、防断发免洗精华、柔顺免洗喷雾等
4. 不同质地 / 形态产品
油状护发精油、乳液状免洗精华、免洗顺发喷雾等","1. 需冲洗的护发素 / 发膜（核心区分）
护发素、发膜 / 焗油膏等，需冲洗、洗护配套使用 → 归为对应类目，不按护发精油 / 免洗精华
2. 洗发水等清洁类产品
洗发水、洗发膏等 → 归为对应清洁类目，不是护发精油 / 免洗精华
3. 头皮护理类专属产品
头皮精华、头皮磨砂膏等 → 归为头皮护理类目，不是发丝护理产品
4. 定型类美发产品
发胶、发蜡、发泥等 → 归为对应造型类目，不是护发精油 / 免洗精华
5. 身体护理类油类产品
身体油、护肤油等 → 归为对应品类，不是护发产品",海飞丝,,修护毛鳞片,无香,玻璃瓶,,,,,,,
,,,,,,,,,飘柔,,柔顺抗毛躁,花果香,按压泵瓶,,,,,,,
,,,,,,,,,潘婷,,热保护,木质香,滴管瓶,,,,,,,
,,,,,,,,,清扬,,光泽增强,柑橘香,喷雾瓶,,,,,,,
,,,,,,,,,沙宣,,防分叉,奶香,软管,,,,,,,
,,,,,,,,,,,染烫后修护,茶香,胶囊,,,,,,,
,,,,,,,,,,,保湿,热带果香,其他,,,,,,,
,,,,,,,,,,,轻盈不油腻,其他,,,,,,,,
,,,,,,,,,,,防静电,,,,,,,,,
,,,,,,,,,,,强韧发丝,,,,,,,,,
,,,,,,,,,,,其他,,,,,,,,,
,,,,,,,,,,,,,,,,,,,,
,,,,,,,,,,,,,,,,,,,,
,,,,,,,,,,,,,,,,,,,,
,,,,,,,,,,,,,,,,,,,,
,,,,,,,,,,,,,,,,,,,,
,,,,,,,,,,,,,,,,,,,,
,,,,,,,,,,,,,,,,,,,,
,,,,,,,,,,,,,,,,,,,,
,,,,,,,,,,,,,,,,,,,,
,,,,,,,,,,,,,,,,,,,,
,,,,,,,,,,,,,,,,,,,,
348.0,非食品,个人护理,洗发护发,头皮护理,B,"定义：针对头皮屏障、微生态及毛囊环境进行调理与修护的护理产品，形态涵盖精华、喷雾、磨砂、安瓶等，通过控油、舒缓、去角质或促循环等功能改善头屑、瘙痒、敏感或脱发等头皮问题，通常需在干发或洗发后局部涂抹并辅以按摩，部分需冲洗，部分可免洗持续作用。
核心定义
头皮护理是头皮专属护理产品，核心是「针对头皮屏障 / 毛囊 + 调理头皮问题」，区别于作用于发丝的护发素、发膜、护发精油等发丝护理产品。
快速区分要点
1. 定位：头皮专属护理，作用于头皮而非发丝；
2. 功效：调理头皮问题（控油、去屑、舒缓、防脱等），改善头皮健康；
3. 形态：精华、喷雾、磨砂、安瓶等，适配头皮使用；
4. 使用场景：干发 / 洗发后，头皮局部涂抹按摩；
5. 成分：针对头皮屏障、微生物、毛囊的活性成分，无发丝柔顺类油脂 / 表活。
一句话结论
头皮护理 = 头皮专属 + 调理头皮问题 + 头皮局部使用。","1. 头皮精华 / 头皮安瓶（最主流）
控油头皮精华、防脱头皮精华、舒缓头皮安瓶等
2. 头皮磨砂 / 去角质产品
头皮磨砂膏、头皮去角质凝胶等
3. 头皮喷雾 / 头皮护理液
去屑头皮喷雾、舒缓头皮护理液、控油头皮喷雾等
4. 不同功效头皮护理产品
防脱育发、去屑止痒、敏感舒缓、控油蓬松等头皮护理产品","1. 发丝护理类产品（核心区分）
护发素、发膜、护发精油等，作用于发丝 → 归为对应发丝护理类目，不按头皮护理
2. 洗发水等清洁类产品
洗发水、洗发膏等 → 归为对应清洁类目，不是头皮护理产品
3. 定型类美发产品
发胶、发蜡、发泥等 → 归为对应造型类目，不是头皮护理
4. 身体护理类产品
身体磨砂膏、身体精华等 → 归为对应品类，不是头皮护理
5. 染发剂、烫发剂等美发产品
染发剂、烫发剂等 → 归为对应美发类目，不是头皮护理",海飞丝,,控油,,瓶装,,,,,,,
,,,,,,,,,飘柔,,舒缓,,安瓶,,,,,,,
,,,,,,,,,潘婷,,去屑,,管装,,,,,,,
,,,,,,,,,清扬,,防脱发,,喷雾罐,,,,,,,
,,,,,,,,,沙宣,,修护头皮屏障,,滴管瓶,,,,,,,
,,,,,,,,,,,改善头皮微生态,,软管,,,,,,,
,,,,,,,,,,,促进毛囊循环,,其他,,,,,,,
,,,,,,,,,,,去角质,,,,,,,,,
,,,,,,,,,,,止痒,,,,,,,,,
,,,,,,,,,,,抗敏感,,,,,,,,,
,,,,,,,,,,,保湿,,,,,,,,,
,,,,,,,,,,,清洁,,,,,,,,,
,,,,,,,,,,,蓬松,,,,,,,,,
,,,,,,,,,,,其他,,,,,,,,,
,,,,,,,,,,,,,,,,,,,,
,,,,,,,,,,,,,,,,,,,,
,,,,,,,,,,,,,,,,,,,,
,,,,,,,,,,,,,,,,,,,,
,,,,,,,,,,,,,,,,,,,,
,,,,,,,,,,,,,,,,,,,,
,,,,,,,,,,,,,,,,,,,,
,,,,,,,,,,,,,,,,,,,,
349.0,非食品,个人护理,洗发护发,造型产品,B,"定义：通过成膜、增粘或结构支撑作用临时改变发型轮廓与质感的制剂，按定型强度分为喷雾、啫喱、发蜡、发泥、摩丝等形态，可在干发或湿发上塑造卷度、蓬松或线条，部分含热保护成分，使用后无需冲洗，次日可通过洗发清除。
核心定义
造型产品是临时定型类美发产品，核心是「成膜 / 支撑 + 临时改变发型 + 免冲洗 + 洗发可清除」，区别于护发、染发等护理 / 染烫类产品。
快速区分要点
1. 定位：临时造型定型，效果随洗发消失；
2. 功效：塑造发型轮廓、质感、蓬松度，部分带热防护；
3. 形态：喷雾、啫喱、发蜡、发泥、摩丝等；
4. 使用方式：干发 / 湿发涂抹，无需冲洗；
5. 成分：成膜剂、增粘剂、定型树脂等，无深层修护 / 染发成分。
一句话结论
造型产品 = 临时定型 + 免冲洗 + 洗发可清除 + 美发造型制剂。","1. 喷雾类造型产品（最主流）
定型喷雾、干发喷雾、蓬松喷雾等
2. 膏状 / 蜡状造型产品
发蜡、发泥、发油、啫喱膏等
3. 泡沫类造型产品
摩丝、泡沫发蜡等
4. 其他造型产品
蓬松粉、造型发胶、碎发整理膏等","1. 护发类产品（核心区分）
护发素、发膜、护发精油等护理产品 → 归为对应护发类目，不按造型产品
2. 染发 / 漂发类产品
染发剂、漂发剂等染烫产品 → 归为染发 / 漂发产品类目，不是造型产品
3. 头皮护理类产品
头皮精华、头皮磨砂膏等 → 归为头皮护理类目，不是造型产品
4. 洗发水 / 清洁类产品
洗发水、洗发膏等清洁产品 → 归为对应清洁类目，不是造型产品
5. 非美发造型产品
发夹、发卷等造型工具 → 归为工具类，不是造型产品",海飞丝,,定型,,喷雾罐,,,,,,,
,,,,,,,,,飘柔,,蓬松,,软管,,,,,,,
,,,,,,,,,潘婷,,柔顺,,罐装,,,,,,,
,,,,,,,,,清扬,,保湿,,瓶装,,,,,,,
,,,,,,,,,沙宣,,光泽,,泵瓶,,,,,,,
,,,,,,,,,,,防毛躁,,管状,,,,,,,
,,,,,,,,,,,热保护,,摩丝瓶,,,,,,,
,,,,,,,,,,,持久保持,,其他包装,,,,,,,
,,,,,,,,,,,卷度塑形,,,,,,,,,
,,,,,,,,,,,哑光,,,,,,,,,
,,,,,,,,,,,纹理感,,,,,,,,,
,,,,,,,,,,,丰盈,,,,,,,,,
,,,,,,,,,,,修复,,,,,,,,,
,,,,,,,,,,,其他,,,,,,,,,
,,,,,,,,,,,,,,,,,,,,
,,,,,,,,,,,,,,,,,,,,
,,,,,,,,,,,,,,,,,,,,
,,,,,,,,,,,,,,,,,,,,
,,,,,,,,,,,,,,,,,,,,
,,,,,,,,,,,,,,,,,,,,
,,,,,,,,,,,,,,,,,,,,
,,,,,,,,,,,,,,,,,,,,
350.0,非食品,个人护理,洗发护发,染发/漂发产品,B,"定义：通过氧化染料、直接染料或漂粉改变头发天然或现有颜色的化学制剂，通常包含染料中间体、碱剂、双氧乳等多剂组合，作用机制为打开毛鳞片、扩散人工色素或去除天然色素，可覆盖白发或实现时尚色，需精确控制时间与比例，使用后需冲洗并配合护色护理，可能对发质造成一定损伤。
核心定义
染发 / 漂发产品是化学改色类美发产品，核心是「化学作用改变头发颜色 + 需冲洗 + 可能损伤发质」，区别于造型、烫发、护发等非染烫类产品。
快速区分要点
看核心成分与作用：以氧化染料、直接染料或漂粉为核心，通过化学作用打开毛鳞片，改变头发天然 / 现有颜色，非护理 / 造型类产品；
看工艺与使用方式：多为多剂组合（染料 + 双氧乳等），需精确控制时间与比例，使用后必须彻底冲洗；
看效果与属性：可覆盖白发、实现时尚色，属于化学改色类美发产品，使用后可能对发质造成一定损伤；
看区分边界：区别于造型、烫发、护发等非染烫类产品，非一次性染发喷雾 / 粉等临时上色产品。","1. 氧化型染发剂（最主流）
永久性染发剂、染膏、泡泡染等
2. 直接染料 / 半永久染发剂
半永久染发剂、一次性染发喷雾、染发棒等
3. 漂发 / 褪色产品
漂粉、褪色剂、退色膏等
4. 补染 / 护色产品
补染膏、护色洗发水、锁色护发素（染后专用）等","1. 烫发剂等化学重塑发型产品（核心区分）
冷烫精、离子烫药水等烫发产品 → 归为烫发剂类目，不按染发 / 漂发产品
2. 造型类产品
发胶、发蜡、发泥等定型产品 → 归为造型产品类目，不是染发 / 漂发产品
3. 护发类产品
护发素、发膜、护发精油等护理产品 → 归为对应护发类目，不是染烫产品
4. 头皮护理类产品
头皮精华、头皮磨砂膏等 → 归为头皮护理类目，不是染烫产品
5. 非美发染烫产品
美甲染料、衣物染料等 → 归为对应品类，不是美发产品",施华蔻,,遮盖白发,,盒装（多剂组合）,,,,,,,
,,,,,,,,,欧莱雅,,时尚彩染,,管装（膏体）,,,,,,,
,,,,,,,,,潘婷,,头发漂浅,,瓶装（液体）,,,,,,,
,,,,,,,,,海飞丝,,均匀上色,,泡沫瓶,,,,,,,
,,,,,,,,,沙宣,,快速上色,,染发梳,,,,,,,
,,,,,,,,,,,植物染发,,其他,,,,,,,
,,,,,,,,,,,护发染发,,,,,,,,,
,,,,,,,,,,,锁色固色,,,,,,,,,
,,,,,,,,,,,其他,,,,,,,,,
,,,,,,,,,,,,,,,,,,,,
,,,,,,,,,,,,,,,,,,,,
,,,,,,,,,,,,,,,,,,,,
,,,,,,,,,,,,,,,,,,,,
,,,,,,,,,,,,,,,,,,,,
,,,,,,,,,,,,,,,,,,,,
,,,,,,,,,,,,,,,,,,,,
,,,,,,,,,,,,,,,,,,,,
,,,,,,,,,,,,,,,,,,,,
,,,,,,,,,,,,,,,,,,,,
,,,,,,,,,,,,,,,,,,,,
,,,,,,,,,,,,,,,,,,,,
,,,,,,,,,,,,,,,,,,,,
351.0,非食品,个人护理,洗发护发,烫发剂,B,"定义：通过化学键重组改变头发弯曲形态的造型产品，通常包含两剂：第一剂（软化剂）打破头发中的二硫键使头发变软，第二剂（定型剂）重建键结以固定新卷度或直度。产品多为液态或膏状，需由专业操作或按说明分步骤使用，作用后需彻底清洗，属于化学性发型重塑类别。
核心定义
烫发剂是化学重塑发型类美发产品，核心是「化学键重组 + 改变头发弯曲形态 + 需专业操作 + 彻底冲洗」，区别于染发、造型、护发等非烫发类产品。
快速区分要点
1. 定位：永久性改变头发弯曲形态，通过化学作用实现；
2. 功效：烫卷、拉直、重塑发型，需严格控制操作；
3. 形态：两剂式药水、冷烫精、离子烫药水等；
4. 使用方式：分步骤涂抹，停留指定时间，彻底冲洗；
5. 成分：巯基乙酸盐等软化剂、氧化剂等定型剂，有一定刺激性。
一句话结论
烫发剂 = 化学键重组 + 化学重塑发型 + 两剂式 + 需彻底冲洗。","1. 冷烫 / 热烫烫发剂（最主流）
冷烫精、热烫药水、离子烫药水等
2. 直发 / 卷发专用烫发剂
拉直膏、卷发烫发水、蛋白矫正药水等
3. 不同功效烫发剂
受损发质专用烫发剂、快速烫发药水等
4. 烫发配套护理产品
烫前护理液、烫后修护精华等（烫发配套使用）","1. 染发 / 漂发产品等化学改色产品（核心区分）
染发剂、漂粉等改色产品 → 归为染发 / 漂发产品类目，不按烫发剂
2. 造型类产品
发胶、发蜡、发泥等临时定型产品 → 归为造型产品类目，不是烫发剂
3. 护发类产品
护发素、发膜、护发精油等护理产品 → 归为对应护发类目，不是烫发剂
4. 头皮护理类产品
头皮精华、头皮磨砂膏等 → 归为头皮护理类目，不是烫发剂
5. 非美发化学产品
其他工业 / 家用化学制剂 → 归为对应品类，不是美发产品",施华蔻,,烫卷发,,瓶装（两剂套装）,,,,,,,
,,,,,,,,,欧莱雅,,烫直发,,管装（膏状）,,,,,,,
,,,,,,,,,潘婷,,烫大卷,,一次性用量袋装,,,,,,,
,,,,,,,,,海飞丝,,烫小卷,,,,,,,,,
,,,,,,,,,沙宣,,纹理烫,,,,,,,,,
,,,,,,,,,,,柔顺烫,,,,,,,,,
,,,,,,,,,,,发根烫,,,,,,,,,
,,,,,,,,,,,其他,,,,,,,,,
,,,,,,,,,,,,,,,,,,,,
,,,,,,,,,,,,,,,,,,,,
,,,,,,,,,,,,,,,,,,,,
,,,,,,,,,,,,,,,,,,,,
,,,,,,,,,,,,,,,,,,,,
,,,,,,,,,,,,,,,,,,,,
,,,,,,,,,,,,,,,,,,,,
,,,,,,,,,,,,,,,,,,,,
,,,,,,,,,,,,,,,,,,,,
,,,,,,,,,,,,,,,,,,,,
,,,,,,,,,,,,,,,,,,,,
,,,,,,,,,,,,,,,,,,,,
,,,,,,,,,,,,,,,,,,,,
,,,,,,,,,,,,,,,,,,,,
352.0,非食品,个人护理,洗发护发,其他洗发护发,,"定义：无法归入护发素、发膜 / 焗油膏、护发精油 / 免洗精华、头皮护理、造型产品、染发 / 漂发产品、烫发剂等明确子类的洗发护发类产品，以清洁、护理、修护、造型等为核心功能，专门用于头发 / 头皮护理场景，属于洗发护发类目的兜底归类，用于收纳未单独列类的洗发护发相关产品。
快速区分要点
1. 定位：兜底归类，仅用于未单独列类的洗发护发产品；
2. 场景：专门用于头发、头皮的洗护、护理、造型，非身体 / 面部护理；
3. 核心排除：所有符合已单独分类子类目定义的产品，均归入对应类目，不进入本类；
4. 形态：预制品、半成品、配套用品等，适配头发 / 头皮护理需求。
一句话速记
洗发护发、未单独列类、用于头发 / 头皮护理的产品，才是其他洗发护发。","1. 未单独列类的洗发护发配套用品
洗发梳、护发梳、头皮按摩梳、发夹 / 发卷（造型工具类）、染发刷等洗护造型工具
2. 特殊功效洗发护发产品
防脱育发液、生发精华、头发营养液等未单独列类的护发产品
3. 洗护套装 / 组合装
未单独拆分的洗发护发套装、礼盒装洗护产品（单品归对应类目，套装归入本类）
4. 其他未单独列类的洗发护发品
头发去角质产品、护发素替换装、洗发水小样等","1. 已单独分类的洗发护发产品（核心区分）
护发素、发膜 / 焗油膏、护发精油 / 免洗精华、头皮护理、造型产品、染发 / 漂发产品、烫发剂 → 归为对应单独类目，不按其他洗发护发
2. 非洗发护发类产品
面部护肤、身体护理、口腔护理等 → 归为对应护理类目，不是洗发护发
3. 非洗护类美发工具
吹风机、卷发棒、直发器等电器类工具 → 归为小家电类目，不是洗发护发
4. 非头发 / 头皮护理产品
身体乳、面霜等 → 归为对应护肤类目，不是洗发护发
5. 非洗护类美发用品
假发、发片等装饰类产品 → 归为美发饰品类目，不是洗发护发",海飞丝,,头皮清洁,,瓶装,,,,,,,
,,,,,,,,,飘柔,,头发香氛,,喷雾,,,,,,,
,,,,,,,,,潘婷,,头皮舒缓,,袋装,,,,,,,
,,,,,,,,,清扬,,预洗护理,,盒装,,,,,,,
,,,,,,,,,沙宣,,防脱发,,,,,,,,,
,,,,,,,,,,,控油,,,,,,,,,
,,,,,,,,,,,去屑,,,,,,,,,
,,,,,,,,,,,滋养,,,,,,,,,
,,,,,,,,,,,柔顺,,,,,,,,,
,,,,,,,,,,,染后护色,,,,,,,,,
,,,,,,,,,,,头皮健康养护,,,,,,,,,
,,,,,,,,,,,其他,,,,,,,,,
,,,,,,,,,,,,,,,,,,,,
,,,,,,,,,,,,,,,,,,,,
,,,,,,,,,,,,,,,,,,,,
,,,,,,,,,,,,,,,,,,,,
,,,,,,,,,,,,,,,,,,,,
,,,,,,,,,,,,,,,,,,,,
,,,,,,,,,,,,,,,,,,,,
,,,,,,,,,,,,,,,,,,,,
,,,,,,,,,,,,,,,,,,,,
,,,,,,,,,,,,,,,,,,,,
353.0,非食品,个人护理,面部护理,洗面奶,A,"定义：用于清洁面部皮肤、去除污垢和多余油脂的乳膏状或液体状清洁产品，通常含有表面活性剂、保湿剂及护肤成分。使用时加水揉搓起泡，按摩后以清水冲洗，旨在维持皮肤洁净而不紧绷，常见于管状或泵瓶等包装形式。

快速判断一句话
专门用来洗脸、清洁面部肌肤的产品 = 洗面奶。","1. 洁面乳、洁面膏、洁面泡沫
2. 洁面凝胶、洁面慕斯
3. 控油、保湿、美白、抗痘、修护洗面奶
4. 氨基酸洁面、皂基洁面
5. 男士洗面奶、女士洗面奶、儿童洁面产品","1. 沐浴露、洗发水、护发素
2. 卸妆水、卸妆油、卸妆膏
3. 面膜、爽肤水、乳液、面霜
4. 香皂、内衣皂、洗手液
5. 身体磨砂膏、洁面仪（工具类）",兰蔻,洁面乳,清洁,无香型,管状,,,,,,,
,,,,,,,,,雅诗兰黛,洁面膏,保湿,清新型,泵瓶,,,,,,,
,,,,,,,,,资生堂,洁面泡沫/慕斯,控油,花香,挤压瓶,,,,,,,
,,,,,,,,,欧莱雅,洁面凝胶,去角质,草本,袋装,,,,,,,
,,,,,,,,,玉兰油,,美白,奶香型,礼盒装,,,,,,,
,,,,,,,,,,,抗痘,男士,组合装,,,,,,,
,,,,,,,,,,,舒缓,其他,,,,,,,,
,,,,,,,,,,,紧致,,,,,,,,,
,,,,,,,,,,,深层清洁,,,,,,,,,
,,,,,,,,,,,温和无刺激,,,,,,,,,
,,,,,,,,,,,其他,,,,,,,,,
,,,,,,,,,,,,,,,,,,,,
,,,,,,,,,,,,,,,,,,,,
,,,,,,,,,,,,,,,,,,,,
,,,,,,,,,,,,,,,,,,,,
,,,,,,,,,,,,,,,,,,,,
,,,,,,,,,,,,,,,,,,,,
,,,,,,,,,,,,,,,,,,,,
,,,,,,,,,,,,,,,,,,,,
,,,,,,,,,,,,,,,,,,,,
,,,,,,,,,,,,,,,,,,,,
,,,,,,,,,,,,,,,,,,,,
354.0,非食品,个人护理,面部护理,面霜,A,"定义：以膏状质地为主，含高比例保湿、修护成分，用于面部肌肤锁水防护、功效养护等的护肤产品。通过在皮肤表面形成保护膜，锁住水分、修护屏障，同时可承载美白、抗老、舒缓等功效成分，适配不同肤质与护肤需求，是日常面部护肤的核心步骤产品。
核心定义
面霜是面部膏状护肤产品，核心是「膏状质地 + 高保湿修护 + 面部锁水防护 + 功效养护」，区别于乳液、卸妆品等其他护肤品类。
快速区分要点
1. 质地：膏状 / 霜状，质地厚重，封闭性强，锁水能力优于乳液；
2. 核心功效：锁水保湿、修护肌肤屏障，可叠加美白、抗老、舒缓等功效；
3. 使用场景：面部护肤，早晚均可使用，尤其适合干皮、秋冬干燥环境；
4. 成分：高比例保湿剂（如甘油、神经酰胺）、修护成分、功效活性物。
一句话结论
面霜 = 膏状质地 + 高保湿修护 + 面部锁水防护的护肤产品。","1. 基础保湿面霜（最主流）
补水保湿面霜、干皮滋润面霜、清爽型面霜等
2. 功效型面霜
美白面霜、抗老面霜、舒缓修护面霜、控油面霜等
3. 特殊场景面霜
晚霜、日霜、防晒面霜、敏感肌专用面霜等
4. 不同质地面霜
乳霜、凝霜、膏状面霜等","1. 乳液等液态 / 半液态面部护肤产品
保湿乳液、精华乳等 → 归为对应护肤类目，不按面霜
2. 卸妆用品等清洁类产品
卸妆油、卸妆膏等 → 归为卸妆用品类目，不是面霜
3. 身体乳、护手霜等身体护理产品
身体乳、护手霜、足霜等 → 归为身体护理类目，不是面霜
4. 面膜、精华等其他面部护肤产品
面膜、精华液、爽肤水等 → 归为对应护肤类目，不是面霜
5. 彩妆类产品
粉底、遮瑕等彩妆 → 归为彩妆类目，不是面霜",兰蔻,,保湿,,罐装,,,,,,,
,,,,,,,,,雅诗兰黛,,补水,,瓶装,,,,,,,
,,,,,,,,,资生堂,,滋润,,软管装,,,,,,,
,,,,,,,,,欧莱雅,,修护,,礼盒装,,,,,,,
,,,,,,,,,玉兰油,,舒缓,,组合套装,,,,,,,
,,,,,,,,,,,抗皱,,,,,,,,,
,,,,,,,,,,,紧致,,,,,,,,,
,,,,,,,,,,,淡纹,,,,,,,,,
,,,,,,,,,,,提亮,,,,,,,,,
,,,,,,,,,,,美白,,,,,,,,,
,,,,,,,,,,,祛斑,,,,,,,,,
,,,,,,,,,,,控油,,,,,,,,,
,,,,,,,,,,,清爽,,,,,,,,,
,,,,,,,,,,,抗氧,,,,,,,,,
,,,,,,,,,,,抗衰,,,,,,,,,
,,,,,,,,,,,维稳,,,,,,,,,
,,,,,,,,,,,修复屏障,,,,,,,,,
,,,,,,,,,,,敏感肌适用,,,,,,,,,
,,,,,,,,,,,祛痘,,,,,,,,,
,,,,,,,,,,,其他,,,,,,,,,
,,,,,,,,,,,,,,,,,,,,
,,,,,,,,,,,,,,,,,,,,
355.0,非食品,个人护理,面部护理,卸妆用品,B,"定义：以油脂为主要成分，通过以油溶油的原理溶解并清除顽固彩妆（如防定义：以油脂为主要成分，通过以油溶油的原理溶解并清除顽固彩妆（如防水睫毛膏、唇膏）及皮肤油污的清洁产品。使用时需干手干脸按摩乳化，再以清水冲洗，其清洁力较强，常见于瓶装液态形式，也包含膏状、乳状等形态，是彩妆清洁的核心产品。
快速区分要点
1. 核心原理：以油溶油，溶解顽固彩妆、防水妆容；
2. 使用方式：干手干脸按摩乳化，清水冲洗，不可直接水洗；
3. 质地：液态油状、膏状、乳状等，清洁力强于普通洗面奶；
4. 核心功效：彻底清除彩妆、防晒、皮肤油污，避免彩妆残留。
一句话结论
卸妆用品 = 以油溶油 + 溶解彩妆 + 需乳化冲洗的清洁产品。水睫毛膏、唇膏）及皮肤油污的清洁产品。使用时需干手干脸按摩乳化，再以清水冲洗，其清洁力较强，常见于瓶装液态形式。","1. 卸妆油（最主流）
水感卸妆油、植萃卸妆油、眼唇专用卸妆油等
2. 其他形态卸妆用品
卸妆膏、卸妆乳、卸妆霜等
3. 特殊场景卸妆用品
眼唇卸妆液、卸妆湿巾、免洗卸妆水等
4. 敏感肌专用卸妆用品
温和卸妆油、无刺激卸妆膏等","1. 面霜等护肤产品（核心区分）
保湿面霜、功效面霜等 → 归为面霜类目，不是卸妆用品
2. 洗面奶等普通清洁产品
氨基酸洗面奶、皂基洗面奶等 → 归为洁面类目，不是卸妆用品
3. 爽肤水、精华等护肤产品
爽肤水、精华液、乳液等 → 归为对应护肤类目，不是卸妆用品
4. 彩妆类产品
粉底、睫毛膏、唇膏等彩妆 → 归为彩妆类目，不是卸妆用品
5. 身体清洁产品
沐浴露、身体乳等 → 归为身体护理类目，不是卸妆用品",兰蔻,,抗光老,,瓶装（按压泵头）,,,,,,,
,,,,,,,,,雅诗兰黛,,滋养,,瓶装（倾倒式）,,,,,,,
,,,,,,,,,资生堂,,紧致轮廓,,其他,,,,,,,
,,,,,,,,,欧莱雅,,舒缓泛红,,,,,,,,,
,,,,,,,,,玉兰油,,保湿滋润,,,,,,,,,
,,,,,,,,,,,敏感肌适用,,,,,,,,,
,,,,,,,,,,,抗氧焕亮,,,,,,,,,
,,,,,,,,,,,滋养修护,,,,,,,,,
,,,,,,,,,,,其他,,,,,,,,,
,,,,,,,,,,,,,,,,,,,,
,,,,,,,,,,,,,,,,,,,,
,,,,,,,,,,,,,,,,,,,,
,,,,,,,,,,,,,,,,,,,,
,,,,,,,,,,,,,,,,,,,,
,,,,,,,,,,,,,,,,,,,,
,,,,,,,,,,,,,,,,,,,,
,,,,,,,,,,,,,,,,,,,,
,,,,,,,,,,,,,,,,,,,,
,,,,,,,,,,,,,,,,,,,,
,,,,,,,,,,,,,,,,,,,,
,,,,,,,,,,,,,,,,,,,,
,,,,,,,,,,,,,,,,,,,,
356.0,非食品,个人护理,面部护理,护肤水乳,B,"定义：以化妆水、乳液为核心，用于面部基础护理的基础护肤类化妆品，主要作用是补水、保湿、调理肌肤、维持水油平衡。

化妆水：透明液态护肤品，用于洁面后、乳液前，二次清洁、补水、调理角质、平衡皮肤 pH 值，为后续护肤打底。
乳液：水油混合的乳状液态护肤品，质地介于水和霜之间，主要作用是锁住水分、长效保湿、修护皮肤屏障。
快速区分要点
看原料与形态：以化妆水、乳液为核心，分为透明液态「水」和乳状液态「乳」，非面霜、精华等非水非乳形态；
看使用顺序与场景：洁面后使用，「水」用于二次清洁、补水打底，「乳」用于锁水保湿，为后续护肤做铺垫；
看核心功效：核心为补水、保湿、调理肌肤、维持水油平衡，非美白、抗衰等特殊功效精华类产品；
看区分边界：区别于面霜、精华、面膜等其他面部护理品类，非彩妆、非身体护理、非食品。","1. 化妆水 / 爽肤水类（最主流）
爽肤水、柔肤水、精华水、保湿水、收敛水等
2. 乳液类
保湿乳液、修护乳液、清爽乳液、敏感肌专用乳液等
3. 水乳套装 / 组合产品
补水保湿水乳套装、控油水乳套装、敏感肌水乳套装等
4. 细分功效型水乳
美白水乳、抗初老水乳、舒缓修护水乳、控油祛痘水乳等","1. 面霜等厚质锁水产品（核心区分）
保湿面霜、功效面霜等 → 归为面霜类目，不按护肤水乳
2. 精华等高活性进阶产品
美白精华、抗老精华等 → 归为精华类目，不是护肤水乳
3. 卸妆 / 洁面等清洁类产品
卸妆油、洗面奶等 → 归为对应清洁类目，不是护肤水乳
4. 身体乳 / 身体护理产品
身体乳、身体水等 → 归为身体护理类目，不是面部水乳
5. 彩妆类产品
粉底、隔离等彩妆 → 归为彩妆类目，不是护肤水乳",珂润（Curel）,保湿,基础保湿,,单瓶装,,,,,,,
,,,,,,,,,理肤泉,控油,控油清爽,,套装（水 + 乳）,,,,,,,
,,,,,,,,,雅漾,修护,舒缓修护,,礼盒装,,,,,,,
,,,,,,,,,肌研,美白,美白提亮,,旅行装,,,,,,,
,,,,,,,,,无印良品（MUJI）,抗老,抗初老/紧致,,,,,,,,,
,,,,,,,,,百雀羚,祛痘,祛痘控油,,,,,,,,,
,,,,,,,,,珀莱雅,,其他,,,,,,,,,
,,,,,,,,,薇诺娜,,,,,,,,,,,
,,,,,,,,,溪木源,,,,,,,,,,,
,,,,,,,,,瑷尔博士,,,,,,,,,,,
,,,,,,,,,自然堂,,,,,,,,,,,
,,,,,,,,,至本,,,,,,,,,,,
,,,,,,,,,,,,,,,,,,,,
,,,,,,,,,,,,,,,,,,,,
,,,,,,,,,,,,,,,,,,,,
,,,,,,,,,,,,,,,,,,,,
,,,,,,,,,,,,,,,,,,,,
,,,,,,,,,,,,,,,,,,,,
,,,,,,,,,,,,,,,,,,,,
,,,,,,,,,,,,,,,,,,,,
,,,,,,,,,,,,,,,,,,,,
,,,,,,,,,,,,,,,,,,,,
357.0,非食品,个人护理,面部护理,棉柔巾,B,"定义：以棉纤维、植物纤维等为原料制成的一次性清洁护理用品，质地柔软亲肤、吸水性强，可干湿两用，替代传统毛巾用于面部清洁、卸妆、擦脸、婴儿护理等多场景，使用后即弃，避免细菌滋生，是日常清洁护理的便捷用品。
核心定义
棉柔巾是一次性干湿两用的纤维清洁用品，核心是「一次性使用 + 柔软亲肤 + 强吸水性 + 多场景清洁」，区别于毛巾、湿巾等其他清洁用品。
快速区分要点
1. 定位：一次性清洁用品，替代传统毛巾，使用后即弃；
2. 质地：柔软亲肤，吸水性强，韧性好，不易破；
3. 使用方式：干湿两用，干用擦脸、卸妆，湿用洁面、清洁；
4. 原料：棉纤维、植物纤维等天然材质，无刺激，适配敏感肌、婴儿。
一句话结论
棉柔巾 = 一次性 + 干湿两用 + 柔软亲肤 + 多场景清洁护理用品。","1. 常规洁面棉柔巾（最主流）
加厚棉柔巾、卷筒式棉柔巾、抽取式棉柔巾等
2. 多场景专用棉柔巾
婴儿棉柔巾、卸妆棉柔巾、洗脸巾、擦脸巾等
3. 不同材质棉柔巾
纯棉棉柔巾、植物纤维棉柔巾、可降解棉柔巾等
4. 不同规格棉柔巾
便携装棉柔巾、大包装家庭装棉柔巾等","1. 毛巾等非一次性清洁用品
纯棉毛巾、洗脸巾（非一次性）等 → 归为毛巾类目，不按棉柔巾
2. 湿巾等含液清洁用品
湿纸巾、消毒湿巾、卸妆湿巾等 → 归为湿巾类目，不是棉柔巾
3. 化妆棉 / 卸妆棉等专用护理用品
化妆棉、卸妆棉、棉片等 → 归为化妆棉类目，不是棉柔巾
4. 卫生纸 / 抽纸等纸类用品
卫生纸、抽纸、厨房纸等 → 归为纸品类目，不是棉柔巾
5. 洁面 / 卸妆等护肤清洁产品
洗面奶、卸妆油等 → 归为对应护肤类目，不是棉柔巾",全棉时代,成人棉柔巾,干湿两用棉柔巾,,袋装（抽取式）,,,,,,,
,,,,,,,,,Babycare,婴儿棉柔巾,加厚加大棉柔巾,,袋装带盖,,,,,,,
,,,,,,,,,可心柔,,敏感肌专用棉柔巾,,卷筒装,,,,,,,
,,,,,,,,,德佑,,洁面专用棉柔巾,,单包 / 多连包,,,,,,,
,,,,,,,,,十月结晶,,其他,,量贩装,,,,,,,
,,,,,,,,,好孩子,,,,便携装,,,,,,,
,,,,,,,,,安慕斯,,,,组合装,,,,,,,
,,,,,,,,,心相印,,,,礼盒装,,,,,,,
,,,,,,,,,得宝,,,,,,,,,,,
,,,,,,,,,,,,,,,,,,,,
,,,,,,,,,,,,,,,,,,,,
,,,,,,,,,,,,,,,,,,,,
,,,,,,,,,,,,,,,,,,,,
,,,,,,,,,,,,,,,,,,,,
,,,,,,,,,,,,,,,,,,,,
,,,,,,,,,,,,,,,,,,,,
,,,,,,,,,,,,,,,,,,,,
,,,,,,,,,,,,,,,,,,,,
,,,,,,,,,,,,,,,,,,,,
,,,,,,,,,,,,,,,,,,,,
,,,,,,,,,,,,,,,,,,,,
,,,,,,,,,,,,,,,,,,,,
358.0,非食品,个人护理,面部护理,剃须用品,B,"定义：用于刮除男性胡须和个人体毛的手持工具，具有一个或多个锋利的刀片固定在一个安全架上。现代剃须刀种类繁多，从手动到电动不等，其中手动剃须刀又分为直柄式和旋转式两种基本类型。优质的剃须刀设计注重舒适度与安全性，减少对皮肤的刺激，并确保剃须过程顺畅高效。

快速区分要点
1. 定位：刮除毛发的工具，非涂抹型护肤品；
2. 类型：手动剃须刀（直柄、旋转）、电动剃须刀（往复式、旋转式）；
3. 核心诉求：舒适、顺滑、低刺激、高效刮毛；
4. 材质：金属刀片、塑料手柄、刀网、刀头组件等。
一句话结论
剃须用品 = 刮除毛发 + 手动 / 电动 + 低刺激顺畅的护理工具。","1. 手动剃须刀（最主流）
双层 / 多层刀片剃须刀、直柄式剃须刀、旋转式剃须刀等
2. 电动剃须刀
往复式电动剃须刀、旋转式电动剃须刀、剃毛器等
3. 剃须配套工具
剃须刀片、剃须刀头、剃须刷、修眉刀等
4. 男士剃须护理套装
包含刀架、刀片、剃须泡等组合的套装剃须用品","1. 精华等护肤产品（核心区分）
高活性护肤精华、面霜等 → 归为精华类目，不按剃须用品
2. 剃须护理 / 辅助产品
剃须泡沫、剃须膏、须后水等 → 归为身体 / 面部护理类目，不是剃须工具
3. 脱毛 / 除毛类产品
脱毛膏、蜜蜡、脱毛仪等 → 归为脱毛类目，不是剃须刀
4. 美妆工具 / 器械
剪刀、梳子、化妆刷等 → 归为美妆工具类目，不是剃须用品
5. 非个人护理刀具
美工刀、手术刀等工业 / 医用刀具 → 归为对应工具类目，不是剃须用品",吉列,,干湿两用,,纸盒,,,,,,,
,,,,,,,,,飞利浦,,全身水洗,,金属收纳盒,,,,,,,
,,,,,,,,,松下,,智能感应,,挂卡包装,,,,,,,
,,,,,,,,,博朗,,快速充电,,,,,,,,,
,,,,,,,,,飞科,,长续航,,,,,,,,,
,,,,,,,,,,,防滑设计,,,,,,,,,
,,,,,,,,,,,旋转刀头,,,,,,,,,
,,,,,,,,,,,浮动刀网,,,,,,,,,
,,,,,,,,,,,精准修剪,,,,,,,,,
,,,,,,,,,,,可替换刀头,,,,,,,,,
,,,,,,,,,,,其他,,,,,,,,,
,,,,,,,,,,,,,,,,,,,,
,,,,,,,,,,,,,,,,,,,,
,,,,,,,,,,,,,,,,,,,,
,,,,,,,,,,,,,,,,,,,,
,,,,,,,,,,,,,,,,,,,,
,,,,,,,,,,,,,,,,,,,,
,,,,,,,,,,,,,,,,,,,,
,,,,,,,,,,,,,,,,,,,,
,,,,,,,,,,,,,,,,,,,,
,,,,,,,,,,,,,,,,,,,,
,,,,,,,,,,,,,,,,,,,,
359.0,非食品,个人护理,面部护理,精华,A,"定义：含高浓度功效性成分（如维生素 C、玻尿酸、视黄醇等），质地轻薄易吸收，用于针对性解决皮肤问题的高活性护肤产品。精华通常承载美白、抗衰、补水、舒缓、祛痘等核心护肤功效，分子细小易渗透，是日常护肤中实现高效改善的核心步骤产品，适配不同肌肤诉求。
核心定义
精华是高活性、高渗透的针对性护肤产品，核心是「高浓度功效成分 + 轻薄易吸收 + 针对性解决肌肤问题」，区别于剃须用品、面霜等其他护肤 / 护理品类。
快速区分要点
1. 质地：液态 / 凝露状，分子细小，渗透性强，吸收快；
2. 功效：高浓度承载，针对性解决美白、抗老、修护、控油等单一 / 复合问题；
3. 定位：日常护肤核心步骤，叠加使用于水后乳前；
4. 成分：高纯度活性成分（如玻色因、胜肽、酸类等），功效明确。
一句话结论
精华 = 高浓度功效成分 + 轻薄易吸收 + 针对性解决肌肤问题的护肤产品。","1. 保湿修护精华（最主流）
玻尿酸精华、神经酰胺修护精华、补水精华等
2. 功效型精华
美白精华、抗老精华、视黄醇精华、舒缓精华、祛痘精华等
3. 特殊场景 / 肤质精华
男士精华、敏感肌精华、孕妇可用精华等
4. 不同质地精华
肌底精华、精华液、安瓶精华、精华油等","1. 面霜等厚质护肤产品
保湿面霜、功效面霜等 → 归为面霜类目，不是精华
2. 爽肤水 / 水类护肤产品
爽肤水、化妆水、精华水等 → 归为护肤水类目，不是精华
3. 面膜类产品
贴片面膜、涂抹面膜等 → 归为面膜类目，不是精华
4. 身体护理类产品
身体精华、身体乳等 → 归为身体护理类目，不是面部精华",兰蔻,,保湿,,罐装,,,,,,,
,,,,,,,,,雅诗兰黛,,补水,,瓶装,,,,,,,
,,,,,,,,,资生堂,,修护,,软管装,,,,,,,
,,,,,,,,,欧莱雅,,舒缓,,礼盒装,,,,,,,
,,,,,,,,,玉兰油,,抗皱,,滴管瓶,,,,,,,
,,,,,,,,,,,紧致,,按压瓶,,,,,,,
,,,,,,,,,,,淡纹,,,,,,,,,
,,,,,,,,,,,提亮,,,,,,,,,
,,,,,,,,,,,美白,,,,,,,,,
,,,,,,,,,,,祛斑,,,,,,,,,
,,,,,,,,,,,抗氧,,,,,,,,,
,,,,,,,,,,,抗衰,,,,,,,,,
,,,,,,,,,,,控油,,,,,,,,,
,,,,,,,,,,,祛痘,,,,,,,,,
,,,,,,,,,,,淡化痘印,,,,,,,,,
,,,,,,,,,,,收缩毛孔,,,,,,,,,
,,,,,,,,,,,抗糖,,,,,,,,,
,,,,,,,,,,,维稳,,,,,,,,,
,,,,,,,,,,,舒缓泛红,,,,,,,,,
,,,,,,,,,,,初抗老,,,,,,,,,
,,,,,,,,,,,其他,,,,,,,,,
,,,,,,,,,,,,,,,,,,,,
360.0,非食品,个人护理,面部护理,眼部护理,B,"定义：专门针对眼周脆弱皮肤（厚度仅为面部皮肤的 1/3）设计的，用于改善黑眼圈、眼袋、细纹、浮肿等问题的膏霜、精华、膜贴类产品。眼周肌肤屏障薄、易干燥，产品配方更温和、渗透力更强，可针对性解决眼周衰老、循环不畅等问题，是面部护肤的专属细分品类。
核心定义
眼部护理是眼周专属的温和型护肤产品，核心是「眼周专用 + 温和配方 + 针对性改善眼周问题」，区别于面部面霜、精华等通用护肤品类。
快速区分要点
1. 定位：眼周专属，适配眼周薄嫩肌肤，配方温和低刺激；
2. 功效：改善黑眼圈、眼袋、细纹、浮肿、眼周松弛等眼周专属问题；
3. 形态：眼霜、眼精华、眼膜贴、眼部滚珠精华等；
4. 使用场景：面部护肤最后一步，眼周局部涂抹 / 敷贴。
一句话结论
眼部护理 = 眼周专用 + 温和配方 + 改善眼周问题的专属护肤产品。","1. 眼霜类（最主流）
保湿眼霜、抗老眼霜、淡化黑眼圈眼霜、去浮肿眼霜等
2. 眼部精华类
眼部精华液、眼部滚珠精华、眼部肌底液等
3. 眼膜 / 膜贴类
眼膜贴、蒸汽眼膜、睡眠眼膜等
4. 细分功效眼部产品
敏感肌专用眼霜、熬夜修护眼霜、孕妇可用眼霜等","1. 面部面霜 / 精华等通用护肤产品（核心区分）
面部面霜、面部精华等 → 归为对应护肤类目，不按眼部护理
2. 面膜等面部密集护理产品
贴片面膜、涂抹面膜等 → 归为面膜类目，不是眼部护理
3. 彩妆类产品
眼影、眼线、睫毛膏等眼妆产品 → 归为彩妆类目，不是眼部护理
4. 身体护理类产品
身体乳、身体精华等 → 归为身体护理类目，不是眼部护理
5. 非护肤类眼部产品
蒸汽眼罩、眼贴（保健类）等 → 归为保健 / 工具类目，不是眼部护理",兰蔻,,淡黑眼圈,,广口罐,,,,,,淡黑眼圈,
,,,,,,,,,雅诗兰黛,,淡化细纹,,真空按压瓶,,,,,,,
,,,,,,,,,资生堂,,去浮肿,,独立片状包装,,,,,,,
,,,,,,,,,欧莱雅,,抗老化,,滚珠瓶,,,,,,,
,,,,,,,,,玉兰油,,其他,,礼盒装,,,,,,,
,,,,,,,,,,,,,,,,,,,,
,,,,,,,,,,,,,,,,,,,,
,,,,,,,,,,,,,,,,,,,,
,,,,,,,,,,,,,,,,,,,,
,,,,,,,,,,,,,,,,,,,,
,,,,,,,,,,,,,,,,,,,,
,,,,,,,,,,,,,,,,,,,,
,,,,,,,,,,,,,,,,,,,,
,,,,,,,,,,,,,,,,,,,,
,,,,,,,,,,,,,,,,,,,,
,,,,,,,,,,,,,,,,,,,,
,,,,,,,,,,,,,,,,,,,,
,,,,,,,,,,,,,,,,,,,,
,,,,,,,,,,,,,,,,,,,,
,,,,,,,,,,,,,,,,,,,,
,,,,,,,,,,,,,,,,,,,,
,,,,,,,,,,,,,,,,,,,,
361.0,非食品,个人护理,面部护理,面膜,A,"定义：一种涂抹或敷贴于面部皮肤，在一段时间内形成封闭环境，通过集中补水、营养渗透或物理吸附作用，实现护肤功效的密集型护理产品。可快速为肌肤补充水分、营养，改善干燥、暗沉、出油等问题，是周期性密集护肤的核心品类，适配不同肤质与护肤需求。
核心定义
面膜是面部周期性密集护理产品，核心是「封闭环境 + 集中护肤 + 周期性使用」，区别于日常水乳、面霜等常规护肤品类。
快速区分要点
1. 定位：周期性密集护理，非日常每日必用，每周 1-3 次；
2. 功效：集中补水、美白、抗老、清洁、舒缓等，快速改善肌肤状态；
3. 形态：贴片面膜、涂抹面膜、泥膜、睡眠面膜、冻膜等；
4. 使用方式：敷贴 / 涂抹于面部，停留指定时间后清洗 / 吸收。
一句话结论
面膜 = 封闭环境 + 集中护肤 + 周期性使用的面部密集护理产品。","1. 贴片面膜（最主流）
补水面膜、美白面膜、抗老面膜、舒缓面膜等
2. 涂抹面膜
泥膜、清洁面膜、睡眠面膜、冻膜、涂抹式补水面膜等
3. 细分功效面膜
控油清洁面膜、敏感肌修护面膜、刷酸面膜、孕妇可用面膜等
4. 特殊场景面膜
急救面膜、妆前面膜、晒后修护面膜等","1. 日常水乳 / 面霜等常规护肤产品（核心区分）
护肤水、乳液、面霜等 → 归为对应护肤类目，不按面膜
2. 眼部护理等专属护肤产品
眼霜、眼膜等 → 归为眼部护理类目，不是面膜
3. 卸妆 / 洁面等清洁类产品
卸妆油、洗面奶等 → 归为对应清洁类目，不是面膜
4. 身体护理类产品
身体膜、身体乳等 → 归为身体护理类目，不是面膜
5. 彩妆类产品
粉底、隔离等彩妆 → 归为彩妆类目，不是面膜",兰蔻,,保湿,,单片独立铝箔袋,,,,,,,
,,,,,,,,,雅诗兰黛,,补水,,广口罐 / 瓶,,,,,,,
,,,,,,,,,资生堂,,美白,,软管包装,,,,,,,
,,,,,,,,,欧莱雅,,提亮,,礼盒装,,,,,,,
,,,,,,,,,玉兰油,,淡斑,,,,,,,,,
,,,,,,,,,,,抗皱,,,,,,,,,
,,,,,,,,,,,紧致,,,,,,,,,
,,,,,,,,,,,淡纹,,,,,,,,,
,,,,,,,,,,,修护,,,,,,,,,
,,,,,,,,,,,舒缓,,,,,,,,,
,,,,,,,,,,,维稳,,,,,,,,,
,,,,,,,,,,,修复屏障,,,,,,,,,
,,,,,,,,,,,祛痘,,,,,,,,,
,,,,,,,,,,,控油,,,,,,,,,
,,,,,,,,,,,淡化痘印,,,,,,,,,
,,,,,,,,,,,收缩毛孔,,,,,,,,,
,,,,,,,,,,,抗氧,,,,,,,,,
,,,,,,,,,,,抗衰,,,,,,,,,
,,,,,,,,,,,抗糖,,,,,,,,,
,,,,,,,,,,,清洁,,,,,,,,,
,,,,,,,,,,,去角质,,,,,,,,,
,,,,,,,,,,,其他,,,,,,,,,
362.0,非食品,个人护理,面部护理,润唇膏,B,"定义：以油脂、蜡质、保湿成分为主要原料，制成的棒状膏体唇部护理产品，用于涂抹在嘴唇表面，起到滋润、保湿、修护、防干裂作用，属于唇部护理类化妆品。
核心定义
润唇膏是棒状膏体的唇部专属护理产品，核心是「棒状膏体 + 唇部专用 + 滋润防干裂」，区别于口红、唇膜等彩妆 / 其他唇部产品。
快速区分要点
1. 定位：唇部日常护理，主打滋润修护，非彩妆类产品；
2. 质地：棒状膏体，方便涂抹，封闭性强，锁水防干裂；
3. 功效：滋润保湿、修护唇炎、改善干裂、长效护唇；
4. 成分：以油脂、蜡质、保湿剂为核心，配方温和，适配唇部娇嫩肌肤。
一句话快速判断
涂在嘴唇上、棒状膏体、主打滋润防干裂的唇部护理产品。","1. 基础保湿润唇膏（最主流）
常规补水润唇膏、无色润唇膏、滋润防干裂润唇膏等
2. 修护型润唇膏
唇炎修护润唇膏、去死皮润唇膏、夜间修护润唇膏等
3. 淡彩润唇膏（有色但以护理为主）
淡彩润唇膏、变色润唇膏、有色护唇润唇膏等
4. 细分人群 / 场景润唇膏
儿童润唇膏、男士润唇膏、孕妇可用润唇膏等
5. 特殊配方润唇膏
凡士林棒、小蓝罐类棒状护唇、天然植物润唇膏等","1. 口红、唇釉、唇泥（彩妆类）
各类彩妆口红、唇釉、唇泥等 → 归为彩妆类目，不按润唇膏
2. 唇膜（涂抹式、罐装、睡眠护理）
罐装唇膜、睡眠唇膜、涂抹式护唇产品等 → 归为唇部护理其他类目，不是润唇膏
3. 唇部精华、唇部精油
唇部精华液、唇部精油等 → 归为精华类目，不是润唇膏
4. 护手霜、面霜、身体乳（非唇部专用）
各类身体 / 面部护肤产品 → 归为对应护肤类目，不是润唇膏
5. 唇釉、染唇液等彩妆类产品
染唇液、唇釉等 → 归为彩妆类目，不是润唇膏",,,基础保湿型,,,,,,,,舒缓泛红,
,,,,,,,,,,,滋润修护型,,,,,,,,滋养,
,,,,,,,,,,,补水锁水型,,,,,,,,紧致轮廓,
,,,,,,,,,,,淡化唇纹型,,,,,,,,敏感肌适用,
,,,,,,,,,,,防干裂型,,,,,,,,,
,,,,,,,,,,,舒缓敏感型,,,,,,,,,
,,,,,,,,,,,防晒润唇型,,,,,,,,,
,,,,,,,,,,,哑光打底型,,,,,,,,,
,,,,,,,,,,,变色润唇型,,,,,,,,,
,,,,,,,,,,,丰盈唇釉型,,,,,,,,,
,,,,,,,,,,,夜间修护型,,,,,,,,,
,,,,,,,,,,,温和去死皮型,,,,,,,,,
,,,,,,,,,,,孕妇儿童温和型,,,,,,,,,
,,,,,,,,,,,其他,,,,,,,,,
,,,,,,,,,,,,,,,,,,,,
,,,,,,,,,,,,,,,,,,,,
,,,,,,,,,,,,,,,,,,,,
,,,,,,,,,,,,,,,,,,,,
,,,,,,,,,,,,,,,,,,,,
,,,,,,,,,,,,,,,,,,,,
,,,,,,,,,,,,,,,,,,,,
,,,,,,,,,,,,,,,,,,,,
363.0,非食品,个人护理,面部护理,其他洁面用品,,"定义：无法归入洗面奶、面霜、卸妆用品、护肤水乳、棉柔巾、剃须用品、精华、眼部护理、面膜、润唇膏等明确子类的面部护理类产品，以清洁、护理、修护、美容等为核心功能，专门用于面部 / 唇部 / 眼周等面部相关护理场景，属于面部护理类目的兜底归类，用于收纳未单独列类的面部护理相关产品。
快速区分要点
1. 定位：兜底归类，仅用于未单独列类的面部护理产品；
2. 场景：专门用于面部、唇部、眼周等面部相关护理，非身体 / 头发护理；
3. 核心排除：所有符合已单独分类子类目定义的产品，均归入对应类目，不进入本类；
4. 形态：工具、精华、皂类、仪器配件等，适配面部护理需求。
一句话速记
面部护理、未单独列类、用于面部 / 唇部 / 眼周护理的产品，才是其他面部护理用品。","1. 面部清洁类（非洗面奶）
洁面皂、洁面仪等
2. 唇部 / 眼周护理类（非润唇膏 / 眼部护理）
唇部精华、唇部精油、唇膜、眼周精华（非眼霜款）等
3. 面部护理工具 / 配件
洁面仪刷头、面膜刷、化妆棉（棉柔巾除外）、面部按摩仪、美容仪配件等
4. 特殊功效面部护理品
面部去角质产品、面部护理油、面部磨砂膏等
5. 其他未单独列类的面部护理品
面部护理套装、礼盒装面部护理产品（单品归对应类目，套装归入本类）等","1. 已单独分类的面部护理产品（核心区分）
洗面奶、面霜、卸妆用品、护肤水乳、棉柔巾、剃须用品、精华、眼部护理、面膜、润唇膏 → 归为对应单独类目，不按其他面部护理用品
2. 非面部护理类产品
身体护理、洗发护发、口腔护理等 → 归为对应护理类目，不是面部护理
3. 彩妆类产品
口红、粉底、眼影等 → 归为彩妆类目，不是面部护理
4. 医疗器械类
面部美容仪器、医用面部耗材等 → 归为医疗器械类目，不是日常面部护理
5. 非护理类面部用品
洁面仪主机、美容仪主机等电器类 → 归为小家电类目，不是面部护理用品",兰蔻,,深层清洁,,压缩罐,,,,,,,
,,,,,,,,,雅诗兰黛,,温和清洁,,泵装,,,,,,,
,,,,,,,,,资生堂,,控油,,瓶装,,,,,,,
,,,,,,,,,欧莱雅,,去角质,,软管,,,,,,,
,,,,,,,,,玉兰油,,保湿,,其他,,,,,,,
,,,,,,,,,,,舒缓,,慕斯瓶,,,,,,,
,,,,,,,,,,,提亮,,,,,,,,,
,,,,,,,,,,,抗痘,,,,,,,,,
,,,,,,,,,,,卸妆,,,,,,,,,
,,,,,,,,,,,收缩毛孔,,,,,,,,,
,,,,,,,,,,,平衡水油,,,,,,,,,
,,,,,,,,,,,其他,,,,,,,,,
,,,,,,,,,,,,,,,,,,,,
,,,,,,,,,,,,,,,,,,,,
,,,,,,,,,,,,,,,,,,,,
,,,,,,,,,,,,,,,,,,,,
,,,,,,,,,,,,,,,,,,,,
,,,,,,,,,,,,,,,,,,,,
,,,,,,,,,,,,,,,,,,,,
,,,,,,,,,,,,,,,,,,,,
,,,,,,,,,,,,,,,,,,,,
,,,,,,,,,,,,,,,,,,,,
364.0,非食品,个人护理,女性卫生用品,卫生巾,S,"定义：用于吸收并锁住经血的一次性外用吸收垫，由表层无纺布、吸收芯体及防漏底膜三层复合而成，通过背胶固定于内裤裆部；按长度与吸收量分为日用、夜用、超长夜用等规格，单片独立密封包装，成袋或成盒销售，是经期最普遍使用的女性卫生用品。

快速判断一句话
女性经期专用、吸收经血的一次性贴身护理品 = 卫生巾。","1. 日用卫生巾
2. 夜用卫生巾
3. 加长夜用
4. 迷你巾
5. 产妇专用卫生巾","1. 卫生纸、抽纸、卷纸
2. 湿巾、卸妆湿巾
3. 纸尿裤、拉拉裤、成人纸尿裤
4. 护理垫、产褥垫
5. 湿巾、纸巾、洗脸巾
6. 护垫
7. 安睡裤 / 裤型卫生巾",护舒宝,日用：240mm–260mm,日用,无香型,单包便携装,,,,,,,
,,,,,,,,,苏菲,夜用：280mm–330mm,夜用,清香型,多包组合装,,,,,,,
,,,,,,,,,高洁丝,超长夜用：350mm–420mm,超长夜用,,日夜组合套装,,,,,,,
,,,,,,,,,ABC,护垫：150mm–180mm,超薄,,箱装 / 量贩装,,,,,,,
,,,,,,,,,七度空间,迷你巾：180mm–220mm,瞬吸,,独立单片包装,,,,,,,
,,,,,,,,,,,防侧漏,,组合装,,,,,,,
,,,,,,,,,,,护翼,,,,,,,,,
,,,,,,,,,,,抗菌,,,,,,,,,
,,,,,,,,,,,超净绵,,,,,,,,,
,,,,,,,,,,,超净吸,,,,,,,,,
,,,,,,,,,,,超吸收,,,,,,,,,
,,,,,,,,,,,干爽,,,,,,,,,
,,,,,,,,,,,防漏,,,,,,,,,
,,,,,,,,,,,零侧漏,,,,,,,,,
,,,,,,,,,,,零触感,,,,,,,,,
,,,,,,,,,,,贴身舒适,,,,,,,,,
,,,,,,,,,,,透气,,,,,,,,,
,,,,,,,,,,,其他,,,,,,,,,
,,,,,,,,,,,,,,,,,,,,
,,,,,,,,,,,,,,,,,,,,
,,,,,,,,,,,,,,,,,,,,
,,,,,,,,,,,,,,,,,,,,
365.0,非食品,个人护理,女性卫生用品,卫生护垫,A,"定义：用于吸收日常分泌物或经期前后少量出血的轻薄型一次性吸收垫，结构与卫生巾相似但厚度更薄、长度更短，背胶同样固定于内裤；产品通常以10片至50片不等的软袋或盒装形式出售，便于随身携带与每日更换。

快速判断一句话
轻薄短款、日常非经期使用的卫生垫 = 卫生护垫。","日常卫生护垫
透气护垫、清香护垫
无香护垫、敏感肌护垫
迷你护垫（一般长度 150mm–180mm 左右）","日用 / 夜用卫生巾
迷你巾、加长护垫
安睡裤 / 裤型卫生巾
产妇卫生巾、产褥垫
湿巾、纸巾、抽纸、卷纸
纸尿裤、成人护理垫",护舒宝,无香护垫,日用,无香型,单包便携装,,,,,,,
,,,,,,,,,苏菲,清香护垫,夜用,清香型,多连包组合装,,,,,,,
,,,,,,,,,高洁丝,敏感肌/温和护垫,超薄,,量贩装 / 箱装,,,,,,,
,,,,,,,,,ABC,透气护垫,透气,,独立单片包装,,,,,,,
,,,,,,,,,七度空间,,防漏,,组合装,,,,,,,
,,,,,,,,,,,抑菌,,,,,,,,,
,,,,,,,,,,,无香,,,,,,,,,
,,,,,,,,,,,敏感肌适用,,,,,,,,,
,,,,,,,,,,,清凉感,,,,,,,,,
,,,,,,,,,,,超净吸,,,,,,,,,
,,,,,,,,,,,其他,,,,,,,,,
,,,,,,,,,,,,,,,,,,,,
,,,,,,,,,,,,,,,,,,,,
,,,,,,,,,,,,,,,,,,,,
,,,,,,,,,,,,,,,,,,,,
,,,,,,,,,,,,,,,,,,,,
,,,,,,,,,,,,,,,,,,,,
,,,,,,,,,,,,,,,,,,,,
,,,,,,,,,,,,,,,,,,,,
,,,,,,,,,,,,,,,,,,,,
,,,,,,,,,,,,,,,,,,,,
,,,,,,,,,,,,,,,,,,,,
366.0,非食品,个人护理,女性卫生用品,经期裤,B,"定义：专为经期设计的一次性 / 可重复使用的防漏内裤式卫生用品，内置高吸收性吸水层，可替代卫生巾使用，能全方位包裹防侧漏、后漏，穿着舒适贴合，适合经期日常、睡眠、运动等场景，核心作用是承接经血、避免渗漏，属于女性经期护理用品。
核心定义
经期裤是内裤形态的经期防漏护理用品，核心是「内裤式设计 + 高吸收防漏 + 经期专用」，区别于卫生巾、卫生棉条等其他经期用品。
快速区分要点
1. 定位：经期专用护理用品，替代卫生巾，内裤式穿戴；
2. 结构：内置高吸水层，全方位包裹，防侧漏、后漏；
3. 类型：一次性免洗款、可重复水洗款；
4. 适用场景：经期日常、睡眠、运动、出行等，适配量大、夜间等易漏场景。
一句话结论
经期裤 = 内裤式设计 + 高吸收防漏 + 经期专用护理用品。","1. 一次性经期裤（最主流）
安睡裤、夜用经期裤、一次性防漏生理裤等
2. 可重复使用经期裤
水洗款经期裤、可循环生理裤等
3. 细分规格 / 场景经期裤
大码经期裤、运动款经期裤、敏感肌专用经期裤等
4. 经期裤配套用品
经期裤专用清洗液、护理液等","1. 卫生巾 / 卫生棉条等其他经期用品（核心区分）
卫生巾、卫生棉条、月经杯等 → 归为对应经期护理类目，不按经期裤
2. 普通内裤（非经期专用）
日常内裤、打底裤等 → 归为内衣类目，不是经期裤
3. 护垫等轻量经期用品
护垫、迷你巾等 → 归为对应护理类目，不是经期裤
4. 非经期护理用品
私处洗液、护理液等 → 归为对应护理类目，不是经期裤
5. 纸尿裤等成人 / 婴儿护理用品
成人纸尿裤、婴儿纸尿裤等 → 归为对应护理类目，不是经期裤",护舒宝,,防侧漏,,单条装,,,,,,,
,,,,,,,,,苏菲,,防后漏,,两条装,,,,,,,
,,,,,,,,,高洁丝,,高吸收量,,三条装,,,,,,,
,,,,,,,,,ABC,,干爽透气,,盒装,,,,,,,
,,,,,,,,,七度空间,,抗菌抑味,,袋装,,,,,,,
,,,,,,,,,,,贴身舒适,,,,,,,,,
,,,,,,,,,,,无感穿着,,,,,,,,,
,,,,,,,,,,,防漏护围,,,,,,,,,
,,,,,,,,,,,其他,,,,,,,,,
,,,,,,,,,,,,,,,,,,,,
,,,,,,,,,,,,,,,,,,,,
,,,,,,,,,,,,,,,,,,,,
,,,,,,,,,,,,,,,,,,,,
,,,,,,,,,,,,,,,,,,,,
,,,,,,,,,,,,,,,,,,,,
,,,,,,,,,,,,,,,,,,,,
,,,,,,,,,,,,,,,,,,,,
,,,,,,,,,,,,,,,,,,,,
,,,,,,,,,,,,,,,,,,,,
,,,,,,,,,,,,,,,,,,,,
,,,,,,,,,,,,,,,,,,,,
,,,,,,,,,,,,,,,,,,,,
367.0,非食品,个人护理,女性卫生用品,卫生棉条,B,"定义：由压缩棉纤维或人造纤维制成的圆柱形一次性体内吸收体，通过导管或手指置入阴道吸收经血；产品按吸收量分为轻量、普通、超量等规格，每支独立无菌包装，常见盒装或袋装形式，适合运动、游泳等场景使用，属于女性经期体内吸收类护理用品。
核心定义
卫生棉条是圆柱形一次性体内吸收的经期用品，核心是「体内置入 + 吸收经血 + 一次性无菌」，区别于卫生巾、经期裤等体外经期用品。
快速区分要点
1. 定位：经期体内吸收用品，一次性使用，独立无菌包装；
2. 形态：圆柱形棉体，分导管式、指入式两种置入方式；
3. 规格：按吸收量分轻量、普通、超量等，适配不同经量；
4. 适用场景：日常、运动、游泳等，无异物感，不影响活动。
一句话结论
卫生棉条 = 体内置入 + 一次性吸收 + 无菌独立包装的经期护理用品。","1. 导管式卫生棉条（最主流）
普通型、量大型、超量型导管棉条等
2. 指入式卫生棉条
无导管指入式棉条、长导管棉条等
3. 细分规格 / 场景棉条
新手专用棉条、运动款棉条、敏感肌专用棉条等
4. 棉条配套用品
棉条专用导管、经期护理液等","1. 卫生巾 / 经期裤等体外经期用品（核心区分）
卫生巾、经期裤、护垫等 → 归为对应经期护理类目，不按卫生棉条
2. 月经杯等可重复使用经期用品
月经杯、月事杯等 → 归为对应经期护理类目，不是卫生棉条
3. 普通卫生用品
棉签、化妆棉等 → 归为对应用品类目，不是卫生棉条
4. 非经期护理用品
私处洗液、护理液等 → 归为对应护理类目，不是卫生棉条
5. 成人 / 婴儿纸尿裤等护理用品
成人纸尿裤、婴儿纸尿裤等 → 归为对应护理类目，不是卫生棉条",护舒宝,,吸收经血,,盒装,,,,,,,
,,,,,,,,,苏菲,,防漏,,袋装,,,,,,,
,,,,,,,,,高洁丝,,运动适用,,,,,,,,,
,,,,,,,,,ABC,,游泳适用,,,,,,,,,
,,,,,,,,,七度空间,,隐形无痕,,,,,,,,,
,,,,,,,,,,,舒适置入,,,,,,,,,
,,,,,,,,,,,其他,,,,,,,,,
,,,,,,,,,,,,,,,,,,,,
,,,,,,,,,,,,,,,,,,,,
,,,,,,,,,,,,,,,,,,,,
,,,,,,,,,,,,,,,,,,,,
,,,,,,,,,,,,,,,,,,,,
,,,,,,,,,,,,,,,,,,,,
,,,,,,,,,,,,,,,,,,,,
,,,,,,,,,,,,,,,,,,,,
,,,,,,,,,,,,,,,,,,,,
,,,,,,,,,,,,,,,,,,,,
,,,,,,,,,,,,,,,,,,,,
,,,,,,,,,,,,,,,,,,,,
,,,,,,,,,,,,,,,,,,,,
,,,,,,,,,,,,,,,,,,,,
,,,,,,,,,,,,,,,,,,,,
368.0,非食品,个人护理,女性卫生用品,其他女性卫生用品,,"定义：除卫生巾、卫生护垫、经期裤、卫生棉条以外，用于经期或日常女性私处护理的一次性或可重复使用产品，属于女性卫生用品的兜底归类，用于收纳未单独列类的女性经期 / 私处护理相关产品，产品形态多样，包装方式依品类而异，满足差异化使用需求。

快速区分要点
1. 定位：兜底归类，仅用于未单独列类的女性卫生用品；
2. 场景：专门用于女性经期、日常私处护理，非身体其他部位护理；
3. 形态：一次性或可重复使用，适配女性私处护理需求；
4. 核心排除：所有符合卫生巾、护垫、经期裤、棉条定义的产品，均归入对应类目，不进入本类。
一句话速记
女性私处 / 经期护理、无法归入上述明确子类的产品，才是其他女性卫生用品。","1. 经期护理类（非单独列类）
月经杯、月事杯、可洗布卫生巾、可重复使用经期杯等
2. 私处清洁 / 护理类
私处清洁湿巾、私处护理液、私处洗液、私处护理喷雾等
3. 一次性护理用品
一次性内裤、私处清洁棉、经期护理湿巾等
4. 其他未单独列类的女性卫生用品
符合女性卫生用品属性，无法划入上述明确子类的产品","1. 已单独分类的女性卫生用品（核心区分）
卫生巾、卫生护垫、经期裤、卫生棉条 → 归为对应单独类目，不按其他女性卫生用品
2. 非女性卫生用品
面部护理、身体护理、洗发护发等 → 归为对应护理类目，不是女性卫生用品
3. 非私处 / 经期护理用品
卫生巾 / 护垫 / 经期裤 / 棉条以外的非护理类女性用品 → 归为对应类目，不是女性卫生用品
4. 非一次性 / 非护理类用品
女性服饰、饰品等 → 归为对应类目，不是女性卫生用品
5. 非食品类 / 非护理类产品
非护理类女性用品等 → 归为对应类目，不是卫生用品",护舒宝,,吸收经血,,盒装,,,,,,,
,,,,,,,,,苏菲,,私处清洁,,袋装,,,,,,,
,,,,,,,,,高洁丝,,抗菌消炎,,瓶装,,,,,,,
,,,,,,,,,ABC,,缓解不适,,,,,,,,,
,,,,,,,,,七度空间,,透气防漏,,,,,,,,,
,,,,,,,,,,,可重复使用,,,,,,,,,
,,,,,,,,,,,一次性使用,,,,,,,,,
,,,,,,,,,,,减少异味,,,,,,,,,
,,,,,,,,,,,提高舒适度,,,,,,,,,
,,,,,,,,,,,其他,,,,,,,,,
,,,,,,,,,,,,,,,,,,,,
,,,,,,,,,,,,,,,,,,,,
,,,,,,,,,,,,,,,,,,,,
,,,,,,,,,,,,,,,,,,,,
,,,,,,,,,,,,,,,,,,,,
,,,,,,,,,,,,,,,,,,,,
,,,,,,,,,,,,,,,,,,,,
,,,,,,,,,,,,,,,,,,,,
,,,,,,,,,,,,,,,,,,,,
,,,,,,,,,,,,,,,,,,,,
,,,,,,,,,,,,,,,,,,,,
,,,,,,,,,,,,,,,,,,,,
369.0,非食品,个人护理,手部护理,洗手液,A,"定义：一种以表面活性剂为主要清洁成分，辅以护肤、杀菌或香氛成分的液体或泡沫状皮肤清洁产品，用于清除手部污垢、油脂及附着细菌。

快速判断一句话
专门用来洗手、清洁双手的液态 / 泡沫清洁品 = 洗手液。","1. 瓶装洗手液、泡沫洗手液
2. 抑菌洗手液、抗菌洗手液
3. 滋润 / 保湿 / 温和洗手液
4. 儿童专用洗手液
5. 免洗洗手液（含酒精 / 无酒精）
6. 洗手液补充装","1. 香皂、肥皂、内衣皂
2. 洗面奶、沐浴露、洗发水
3. 洗洁精、洗衣液、衣物除菌液
4. 消毒液、84 消毒液、酒精喷雾
5. 洗洁精、洁厕灵、地板清洁剂",舒肤佳,液体洗手液,抑菌,无香型,塑料瓶装（泵头）,,,,,,,
,,,,,,,,,蓝月亮,泡沫洗手液,杀菌,清新型,补充装 / 袋装,,,,,,,
,,,,,,,,,滴露,免洗洗手液（凝胶/喷雾）,抗菌,花香,便携小瓶,,,,,,,
,,,,,,,,,威露士,,保湿,果香,家庭多瓶装,,,,,,,
,,,,,,,,,六神,,滋润,儿童款,量贩装,,,,,,,
,,,,,,,,,,,清爽,其他,组合装,,,,,,,
,,,,,,,,,,,温和,,,,,,,,,
,,,,,,,,,,,儿童适用,,,,,,,,,
,,,,,,,,,,,敏感肌适用,,,,,,,,,
,,,,,,,,,,,去污,,,,,,,,,
,,,,,,,,,,,去油,,,,,,,,,
,,,,,,,,,,,清香,,,,,,,,,
,,,,,,,,,,,草本,,,,,,,,,
,,,,,,,,,,,无香,,,,,,,,,
,,,,,,,,,,,泡沫型,,,,,,,,,
,,,,,,,,,,,深层清洁,,,,,,,,,
,,,,,,,,,,,护手,,,,,,,,,
,,,,,,,,,,,舒缓,,,,,,,,,
,,,,,,,,,,,消毒,,,,,,,,,
,,,,,,,,,,,植物精华,,,,,,,,,
,,,,,,,,,,,多效护理,,,,,,,,,
,,,,,,,,,,,其他,,,,,,,,,
370.0,非食品,个人护理,手部护理,护手霜,A,"定义：是一种以油脂、保湿剂和润肤成分为主的乳液或霜状护肤品，专门用于涂抹手部皮肤，旨在形成保护膜，防止水分流失，改善干燥、粗糙、倒刺等问题。
核心定义
护手霜是手部专属的保湿修护类护肤品，核心是「手部专用 + 油脂 / 保湿剂为核心 + 锁水防干」，区别于面霜、身体乳等其他护肤品类。
快速区分要点
1. 定位：手部专属护理，适配手部频繁接触水、易干燥的肌肤特点；
2. 质地：乳液或霜状，封闭性强，能形成保护膜锁水；
3. 功效：改善干燥、粗糙、倒刺、干裂，长效保湿修护；
4. 成分：以油脂、保湿剂、润肤剂为核心，配方温和，适配手部肌肤。
一句话结论
护手霜 = 手部专用 + 油脂 / 保湿剂为核心 + 锁水防干的手部护肤品。","1. 基础保湿护手霜（最主流）
常规补水护手霜、滋润防干裂护手霜、清爽护手霜等
2. 功效型护手霜
美白护手霜、修护倒刺护手霜、防裂护手霜、去角质护手霜等
3. 细分人群 / 场景护手霜
儿童护手霜、男士护手霜、孕妇可用护手霜、便携装护手霜等
4. 特殊配方护手霜
凡士林护手霜、天然植物护手霜、精油护手霜等","1. 面霜、身体乳等非手部专用护肤产品（核心区分）
面霜、身体乳、身体油等 → 归为对应护肤类目，不按护手霜
2. 润唇膏等唇部护理产品
润唇膏、唇膜等 → 归为唇部护理类目，不是护手霜
3. 洗手液、免洗消毒凝胶等清洁 / 消毒产品
洗手液、消毒凝胶等 → 归为清洁类目，不是护手霜
4. 彩妆类产品
指甲油、美甲产品等 → 归为彩妆类目，不是护手霜
5. 其他身体护理产品
足霜、脚膜等 → 归为对应护理类目，不是护手霜",凡士林,,保湿,,泵装,,,,,,,
,,,,,,,,,多芬,,滋润,,软管装,,,,,,,
,,,,,,,,,力士,,补水,,便携装,,,,,,,
,,,,,,,,,玉兰油,,修护,,挤压装,,,,,,,
,,,,,,,,,六神,,防干裂,,礼盒装,,,,,,,
,,,,,,,,,,,防冻,,,,,,,,,
,,,,,,,,,,,清爽,,,,,,,,,
,,,,,,,,,,,紧致,,,,,,,,,
,,,,,,,,,,,淡纹,,,,,,,,,
,,,,,,,,,,,抗皱,,,,,,,,,
,,,,,,,,,,,提亮,,,,,,,,,
,,,,,,,,,,,舒缓,,,,,,,,,
,,,,,,,,,,,温和,,,,,,,,,
,,,,,,,,,,,敏感肌适用,,,,,,,,,
,,,,,,,,,,,儿童适用,,,,,,,,,
,,,,,,,,,,,留香,,,,,,,,,
,,,,,,,,,,,嫩肤,,,,,,,,,
,,,,,,,,,,,去角质,,,,,,,,,
,,,,,,,,,,,多效护理,,,,,,,,,
,,,,,,,,,,,滋养,,,,,,,,,
,,,,,,,,,,,护甲,,,,,,,,,
,,,,,,,,,,,其他,,,,,,,,,
371.0,非食品,个人护理,身体护理,沐浴露/沐浴乳,S,"定义：以水为主要基质，加入表面活性剂、保湿剂、润肤剂、香精等制成，用于清洁和滋润身体皮肤的液态个人清洁用品。

快速判断一句话
洗澡时用来清洁全身肌肤的液态 / 乳状产品 = 沐浴露 / 沐浴乳。","1. 沐浴露、沐浴乳、沐浴液
2. 滋润、保湿、清爽、香氛沐浴露
3. 男士沐浴露、女士沐浴露、儿童沐浴露
4. 沐浴啫喱、沐浴泡泡
5. 沐浴露补充装","1. 香皂、肥皂、内衣皂
2. 洗发水、护发素、发膜
3. 洗面奶、洁面产品
4. 洗手液、免洗洗手液
5. 身体乳、身体精油、磨砂膏
6. 洗衣液、洗洁精、消毒液",舒肤佳,成人沐浴露,保湿,花香型,瓶装（按压泵）,,,,,,,
,,,,,,,,,多芬,男士沐浴露,滋润,果香型,补充袋装,,,,,,,
,,,,,,,,,力士,女士沐浴露,清爽,清新型,旅行小瓶装,,,,,,,
,,,,,,,,,玉兰油,儿童沐浴露,控油,木质香 / 古龙香,家庭多支装,,,,,,,
,,,,,,,,,六神,,祛痘,奶香型,礼盒装,,,,,,,
,,,,,,,,,,,舒缓,无香型,组合装,,,,,,,
,,,,,,,,,,,止痒,其他,,,,,,,,
,,,,,,,,,,,香氛,,,,,,,,,
,,,,,,,,,,,留香,,,,,,,,,
,,,,,,,,,,,温和,,,,,,,,,
,,,,,,,,,,,敏感肌适用,,,,,,,,,
,,,,,,,,,,,儿童适用,,,,,,,,,
,,,,,,,,,,,深层清洁,,,,,,,,,
,,,,,,,,,,,去角质,,,,,,,,,
,,,,,,,,,,,嫩肤,,,,,,,,,
,,,,,,,,,,,美白,,,,,,,,,
,,,,,,,,,,,抗干燥,,,,,,,,,
,,,,,,,,,,,草本滋养,,,,,,,,,
,,,,,,,,,,,男士专用,,,,,,,,,
,,,,,,,,,,,女士专用,,,,,,,,,
,,,,,,,,,,,其他,,,,,,,,,
,,,,,,,,,,,,,,,,,,,,
372.0,非食品,个人护理,身体护理,香皂,B,"定义：香皂是以脂肪酸钠为主要成分，添加保湿剂、香精、色素等制成的固体洗涤护理用品，用于清洁皮肤、去除油脂和污垢。
核心定义
香皂是以脂肪酸钠为核心的固体清洁用品，核心是「固体形态 + 清洁皮肤 + 去除油污」，区别于止汗 / 香体、洗手液等其他护理 / 清洁品类。
快速区分要点
1. 定位：固体清洁用品，用于皮肤清洁，可用于洗手、沐浴等；
2. 成分：以脂肪酸钠为核心，添加保湿剂、香精等，适配不同肤质；
3. 形态：固体块状，使用时遇水起泡，清洁后冲洗；
4. 功效：去除皮肤表面油脂、污垢，部分带保湿、抑菌功效。
一句话结论
香皂 = 脂肪酸钠为核心 + 固体形态 + 清洁皮肤的洗涤用品。","1. 普通清洁香皂（最主流）
洗手皂、沐浴皂、日常俗称的「肥皂」（皮肤清洁用）等
2. 功效型香皂
抑菌香皂、保湿香皂、美白香皂、除螨香皂等
3. 细分场景 / 人群香皂
儿童香皂、男士香皂、敏感肌专用香皂等
4. 特殊配方香皂
手工皂、精油皂、天然植物皂等","1. 止汗 / 香体等抑汗护理产品（核心区分）
止汗露、香体喷雾等 → 归为止汗 / 香体类目，不按香皂
2. 洗手液、沐浴露等液态清洁产品
洗手液、沐浴露等 → 归为对应清洁类目，不是香皂
3. 洗衣皂等衣物专用清洁产品
衣物专用洗衣皂、工业用皂等 → 归为衣物清洁类目，不是香皂
4. 身体乳、护手霜等护肤产品
身体乳、护手霜等 → 归为对应护肤类目，不是香皂",舒肤佳,,清洁肌肤,,,,,,,,多效护理,
,,,,,,,,,多芬,,温和洗护,,,,,,,,补水舒缓,
,,,,,,,,,力士,,保湿滋润,,,,,,,,,
,,,,,,,,,玉兰油,,清新舒缓,,,,,,,,,
,,,,,,,,,六神,,护理肌肤,,,,,,,,,
,,,,,,,,,,,其他,,,,,,,,,
,,,,,,,,,,,,,,,,,,,,
,,,,,,,,,,,,,,,,,,,,
,,,,,,,,,,,,,,,,,,,,
,,,,,,,,,,,,,,,,,,,,
,,,,,,,,,,,,,,,,,,,,
,,,,,,,,,,,,,,,,,,,,
,,,,,,,,,,,,,,,,,,,,
,,,,,,,,,,,,,,,,,,,,
,,,,,,,,,,,,,,,,,,,,
,,,,,,,,,,,,,,,,,,,,
,,,,,,,,,,,,,,,,,,,,
,,,,,,,,,,,,,,,,,,,,
,,,,,,,,,,,,,,,,,,,,
,,,,,,,,,,,,,,,,,,,,
,,,,,,,,,,,,,,,,,,,,
,,,,,,,,,,,,,,,,,,,,
373.0,非食品,个人护理,身体护理,止汗/香体,B,"定义：以减少汗液分泌为目的，通过抑汗成分作用于皮肤表面，抑制汗液排出、减轻潮湿的个人护理用品，同时可添加香精成分遮盖异味，实现香体效果，适配日常、运动等易出汗场景。
核心定义
止汗 / 香体是以抑汗成分为核心的个人护理用品，核心是「抑制汗液 + 遮盖异味 + 皮肤表面使用」，区别于香皂、洗手液等清洁品类。
快速区分要点
1. 定位：抑汗香体护理，作用于皮肤表面，非清洁用品；
2. 成分：以抑汗剂（如铝盐）、香精为核心，部分带抑菌成分；
3. 形态：止汗露、香体喷雾、止汗膏、香体走珠等；
4. 功效：抑制汗液分泌、减轻潮湿、遮盖汗味，长效清爽。
一句话结论
止汗 / 香体 = 抑汗成分 + 抑制汗液 + 遮盖异味的个人护理用品。","1. 止汗露 / 走珠（最主流）
滚珠止汗露、香体走珠、清爽止汗露等
2. 香体 / 止汗喷雾
香体喷雾、止汗喷雾、腋下香体喷雾等
3. 止汗膏 / 止汗棒
固体止汗膏、止汗棒等
4. 细分功效 / 场景产品
敏感肌专用止汗露、男士香体喷雾、孕妇可用止汗产品等","1. 香皂等清洁类产品（核心区分）
香皂、洗手液、沐浴露等 → 归为对应清洁类目，不按止汗 / 香体
2. 香水等香氛类产品
香水、香氛等 → 归为香氛类目，不是止汗 / 香体
3. 身体乳、护手霜等护肤产品
身体乳、护手霜等 → 归为对应护肤类目，不是止汗 / 香体
4. 爽身粉等其他干爽用品
爽身粉、痱子粉等 → 归为对应品类，不是止汗 / 香体
5. 非个人护理用品
工业抑汗剂、消毒用品等 → 归为对应品类，不是止汗 / 香体",舒肤佳,,止汗干爽,,,,,,,,,
,,,,,,,,,多芬,,祛味抑味,,,,,,,,,
,,,,,,,,,力士,,持久香体,,,,,,,,,
,,,,,,,,,玉兰油,,温和护肤,,,,,,,,,
,,,,,,,,,六神,,其他,,,,,,,,,
,,,,,,,,,,,,,,,,,,,,
,,,,,,,,,,,,,,,,,,,,
,,,,,,,,,,,,,,,,,,,,
,,,,,,,,,,,,,,,,,,,,
,,,,,,,,,,,,,,,,,,,,
,,,,,,,,,,,,,,,,,,,,
,,,,,,,,,,,,,,,,,,,,
,,,,,,,,,,,,,,,,,,,,
,,,,,,,,,,,,,,,,,,,,
,,,,,,,,,,,,,,,,,,,,
,,,,,,,,,,,,,,,,,,,,
,,,,,,,,,,,,,,,,,,,,
,,,,,,,,,,,,,,,,,,,,
,,,,,,,,,,,,,,,,,,,,
,,,,,,,,,,,,,,,,,,,,
,,,,,,,,,,,,,,,,,,,,
,,,,,,,,,,,,,,,,,,,,
374.0,非食品,个人护理,身体护理,成人纸尿裤,B,"定义
专为成人（含失禁人群、术后护理人群、老年人群等）设计，以无纺布、绒毛浆、高吸水性树脂（SAP）为核心原料，可添加防漏边、弹性腰围等功能性结构，经裁切、复合、成型工艺制成的一次性卫生护理用品，具有吸收尿液、体液及防漏功能，贴合人体臀部曲线，适配成人身体尺寸与活动需求。
快速区分要点
必须满足（缺一不可）
适用人群：明确面向成人设计，适配成人腰围、臀围尺寸（通常腰围≥70cm，区别于婴儿纸尿裤）
核心原料：含高吸水性树脂（SAP）+ 绒毛浆 / 无纺布复合结构，具备高效锁水吸水能力
功能属性：主要用于吸收尿液、体液，具备防漏、透气、贴合等护理功能
形态工艺：一次性使用设计，含防漏护围、弹性腰围等成人适配结构，经复合成型工艺制成
标签标识：明确标注 “成人纸尿裤” 品类名称，标注适用人群、吸收量等级等关键信息
一句话速记
成人尺寸、含 SAP 吸水结构、一次性防漏护理，三者同时满足即为成人纸尿裤；人群适配不符或无核心吸水结构则不属于。","腰贴型成人纸尿裤、裤型拉拉裤
日用、夜用加厚型成人纸尿裤
产妇专用一次性成人纸尿裤
护理型、防漏型、加大码失禁纸尿裤","婴儿纸尿裤、拉拉裤、尿片
卫生巾、护垫、经期裤
宠物尿垫、护理垫、成人护理垫
湿巾、纸巾、清洁洗涤用品
成人内衣、内裤、尿不湿外裤",帮宝适,,干爽,,袋装,,,,,,,
,,,,,,,,,好奇,,吸收,,盒装,,,,,,,
,,,,,,,,,花王,,透气,,,,,,,,,
,,,,,,,,,尤妮,,抗菌,,,,,,,,,
,,,,,,,,,雀氏,,防反渗,,,,,,,,,
,,,,,,,,,,,除臭,,,,,,,,,
,,,,,,,,,,,护臀,,,,,,,,,
,,,,,,,,,,,弹性腰围,,,,,,,,,
,,,,,,,,,,,可调节,,,,,,,,,
,,,,,,,,,,,超薄,,,,,,,,,
,,,,,,,,,,,夜用,,,,,,,,,
,,,,,,,,,,,其他,,,,,,,,,
,,,,,,,,,,,,,,,,,,,,
,,,,,,,,,,,,,,,,,,,,
,,,,,,,,,,,,,,,,,,,,
,,,,,,,,,,,,,,,,,,,,
,,,,,,,,,,,,,,,,,,,,
,,,,,,,,,,,,,,,,,,,,
,,,,,,,,,,,,,,,,,,,,
,,,,,,,,,,,,,,,,,,,,
,,,,,,,,,,,,,,,,,,,,
,,,,,,,,,,,,,,,,,,,,
375.0,非食品,个人护理,身体护理,身体乳/身体霜,S,"定义：以油脂、乳化剂及保湿成分为基底的乳液或膏霜状护理产品，用于身体皮肤长效保湿与滋润。产品质地从轻薄乳液至厚重霜体不等，常含甘油、神经酰胺或天然植物油，密封于泵瓶、广口瓶或软管中，洗澡后取适量涂抹于全身并按摩吸收，按功能侧重可分为基础保湿型、修护型及香氛型。

快速判断一句话
只滋润保湿身体肌肤、不清洁、洗完澡涂抹的产品 = 身体乳 / 身体霜。","1. 身体乳、身体霜、身体润肤乳
2. 身体凝露、身体精华乳
3. 保湿、滋润、美白、香氛身体乳
4. 男士身体乳、女士身体乳、儿童身体乳
5. 秋冬滋润款、清爽款身体乳","1. 沐浴露、香皂、磨砂膏
2. 洗发水、护发素
3. 洗面奶、面霜、护手霜
4. 身体精油、按摩油
5. 香水、止汗露",凡士林,成人身体乳,保湿,花香型,瓶装（按压 / 泵头）,,,,,,,
,,,,,,,,,多芬,男士身体乳,滋润,果香型,软管装,,,,,,,
,,,,,,,,,力士,女士身体乳,修护,清新型,罐装,,,,,,,
,,,,,,,,,玉兰油,儿童身体乳,美白,木质香/古龙香,旅行装,,,,,,,
,,,,,,,,,六神,,紧致,奶香型,家庭装,,,,,,,
,,,,,,,,,,,抗老化,无香型,礼盒装,,,,,,,
,,,,,,,,,,,舒缓,其他,组合装,,,,,,,
,,,,,,,,,,,去角质,,,,,,,,,
,,,,,,,,,,,香氛,,,,,,,,,
,,,,,,,,,,,防晒,,,,,,,,,
,,,,,,,,,,,柔肤,,,,,,,,,
,,,,,,,,,,,其他,,,,,,,,,
,,,,,,,,,,,,,,,,,,,,
,,,,,,,,,,,,,,,,,,,,
,,,,,,,,,,,,,,,,,,,,
,,,,,,,,,,,,,,,,,,,,
,,,,,,,,,,,,,,,,,,,,
,,,,,,,,,,,,,,,,,,,,
,,,,,,,,,,,,,,,,,,,,
,,,,,,,,,,,,,,,,,,,,
,,,,,,,,,,,,,,,,,,,,
,,,,,,,,,,,,,,,,,,,,
376.0,非食品,个人护理,身体护理,身体磨砂/去角质,B,"定义
以磨砂颗粒（天然颗粒/合成颗粒）、保湿基底（油脂/乳液/凝胶）为核心原料，可添加植物提取物、维生素、舒缓成分等，经混合、均质工艺制成的用于身体皮肤清洁护理的护肤品。通过物理摩擦或温和化学作用去除身体皮肤老废角质与污垢，兼具清洁与基础保湿功效，适用于成人全身皮肤（除面部敏感区域外），适配日常护理、周期性去角质等场景。
快速区分要点
必须满足（缺一不可）
- 核心成分：含明确磨砂颗粒（天然类如胡桃壳粉、燕麦颗粒、海盐；合成类如聚乙烯颗粒、硅胶颗粒），颗粒大小适配身体皮肤（通常100-500μm，区别于面部去角质产品的细颗粒）
- 功能定位：核心功能为去除老废角质，兼具清洁效果，无单纯保湿、美白等非去角质主导功能
- 质地形态：膏状、乳状或凝胶状，含可触摸的颗粒感，无纯液态/固态粉末形态
- 适用场景：专为身体皮肤设计，避开面部、眼周等敏感部位，适配四肢、躯干等角质易堆积区域
- 标签标识：明确标注“身体磨砂膏”“身体去角质产品”等品类名称，标注颗粒类型、适用肤质及使用频率建议
一句话速记
身体专用、含磨砂颗粒、去角质主导功能，三者同时满足即为身体磨砂/去角质产品；无颗粒或部位功能不符则不属于。","身体磨砂膏、去角质啫喱、搓泥宝
海盐磨砂、咖啡磨砂、植物颗粒磨砂
全身去角质凝胶、去死皮膏
沐浴兼去角质产品、鸡皮护理磨砂","面部磨砂膏、面部去角质产品
沐浴露、香皂、身体清洁液
身体乳、身体精油、润肤霜
手部磨砂、足部专用磨砂膏
洁面乳、卸妆产品",凡士林,,去角质,无香型,罐装,无糖,,,,,,
,,,,,,,,,多芬,,深层清洁,花香型,管状,含糖,,,,,,
,,,,,,,,,力士,,保湿滋润,果香型,瓶装,,,,,,,
,,,,,,,,,玉兰油,,提亮肤色,草本香型,袋装,,,,,,,
,,,,,,,,,六神,,紧致肌肤,奶香型,挤压软管,,,,,,,
,,,,,,,,,,,改善鸡皮肤,海洋香型,,,,,,,,
,,,,,,,,,,,舒缓修复,木质香型,,,,,,,,
,,,,,,,,,,,其他,,,,,,,,,
,,,,,,,,,,,,,,,,,,,,
,,,,,,,,,,,,,,,,,,,,
,,,,,,,,,,,,,,,,,,,,
,,,,,,,,,,,,,,,,,,,,
,,,,,,,,,,,,,,,,,,,,
,,,,,,,,,,,,,,,,,,,,
,,,,,,,,,,,,,,,,,,,,
,,,,,,,,,,,,,,,,,,,,
,,,,,,,,,,,,,,,,,,,,
,,,,,,,,,,,,,,,,,,,,
,,,,,,,,,,,,,,,,,,,,
,,,,,,,,,,,,,,,,,,,,
,,,,,,,,,,,,,,,,,,,,
,,,,,,,,,,,,,,,,,,,,
377.0,非食品,个人护理,身体护理,足部护理,B,"定义
专为成人足部（含脚掌、脚跟、脚趾及足部周边皮肤）设计，以保湿软化成分、角质修护成分、舒缓防护成分为核心原料，适配足部角质层厚、易干燥开裂、易滋生细菌的生理特性，经乳化、混合、无菌工艺制成的非食品类专用身体护理产品，可添加植物提取物、维生素、抗菌成分等辅助成分，无刺激足部皮肤的高危添加剂。
快速区分要点
适用部位：明确针对足部皮肤，聚焦足部专属护理需求，区别于身体乳、护手霜等通用护理品
核心成分：含足部针对性成分（如尿素、水杨酸用于软化角质；神经酰胺、羊毛脂用于修护干裂；薄荷醇、生姜提取物用于舒缓）
功能定位：以保湿软化、角质修护、干裂改善、舒缓减压、抗菌防护为核心功能，无美白、去角质等非足部主导功能
标签标识：明确标注 “足部护理” 相关品类名称（如足部修护霜、足膜、足部去角质膏等），标注适用足部问题及使用方式
一句话速记
足部专用、针对性护理成分、适配足部需求 + 明确标注，四者同时满足即为足部护理产品；缺任一或通用配方则不属于。","护足霜、足裂膏、脚后跟防裂膏
足膜、脚膜、去死皮足贴
足部去角质霜、磨砂膏、搓脚板配套护理产品
脚臭喷雾、足爽粉、抑菌护理液","身体乳、身体磨砂膏、护手霜
面部护理、头发护理产品
沐浴露、香皂、清洁类产品
鞋子除臭剂、鞋袜清新喷雾
灰指甲类药用产品、医用药膏",凡士林,,保湿滋润,,管装,无糖,,,,,,
,,,,,,,,,多芬,,软化角质,,瓶装,含糖,,,,,,
,,,,,,,,,力士,,去角质,,喷雾瓶,,,,,,,
,,,,,,,,,玉兰油,,缓解疲劳,,袋装（粉剂）,,,,,,,
,,,,,,,,,六神,,清凉舒缓,,罐装,,,,,,,
,,,,,,,,,,,杀菌抑菌,,贴片包装,,,,,,,
,,,,,,,,,,,修复干裂,,泡脚袋,,,,,,,
,,,,,,,,,,,止汗除臭,,其他,,,,,,,
,,,,,,,,,,,舒缓瘙痒,,,,,,,,,
,,,,,,,,,,,促进血液循环,,,,,,,,,
,,,,,,,,,,,其他,,,,,,,,,
,,,,,,,,,,,,,,,,,,,,
,,,,,,,,,,,,,,,,,,,,
,,,,,,,,,,,,,,,,,,,,
,,,,,,,,,,,,,,,,,,,,
,,,,,,,,,,,,,,,,,,,,
,,,,,,,,,,,,,,,,,,,,
,,,,,,,,,,,,,,,,,,,,
,,,,,,,,,,,,,,,,,,,,
,,,,,,,,,,,,,,,,,,,,
,,,,,,,,,,,,,,,,,,,,
,,,,,,,,,,,,,,,,,,,,
378.0,非食品,个人护理,身体护理,私处护理,B,"定义
专为成人私处（女性外阴、男性外阴及肛周周边皮肤黏膜）设计，以温和清洁成分、保湿修护成分、抗菌舒缓成分为核心原料，严格遵循私处黏膜弱酸性生理环境及皮肤娇嫩特性，经温和配方调制、无菌工艺制成的非食品类专用身体护理产品，可添加植物提取物、益生元等辅助成分，无刺激黏膜的皂基、强碱性成分及致敏添加剂。
快速区分要点
适用部位：明确针对私处黏膜及周边皮肤，适配私处生理结构与环境，区别于身体乳、沐浴露等通用护理品
配方标准：pH 值符合私处生理范围（女性 3.8-4.5，男性 4.0-5.5），无皂基、强刺激清洁成分、人工香精及高危防腐剂
工艺要求：经无菌生产工艺制成，包装密封防污染，部分特殊场景产品需符合医疗器械级卫生标准
标签标识：明确标注 “私处护理” 相关品类名称（如私处护理液、私处修护霜等），标注 pH 值范围、适用人群及卫生标准编号
一句话速记
私处专用、弱酸性温和配方、无菌工艺 + 明确标注，四者同时满足即为私处护理产品；缺任一或通用配方则不属于。","私处洗液、清洁慕斯、护理液
男女通用抑菌护理液、经期专用清洁液
私处湿巾、清爽喷雾
温和保湿舒缓类私处养护产品","妇科药品、阴道内用药、栓剂、洗剂
沐浴露、香皂、身体清洁产品
卫生巾、护垫、成人纸尿裤
内服药物、消炎处方药
皮肤外用软膏、激素药膏",洁尔阴,,日常清洁,,避光瓶,,,,,,,
,,,,,,,,,妇炎洁,,炎症舒缓,,独立铝袋,,,,,,,
,,,,,,,,,ABC,,经期护理,,喷雾瓶,,,,,,,
,,,,,,,,,苏菲,,pH平衡调节,,软管,,,,,,,
,,,,,,,,,护舒宝,,抗菌消炎,,泵头瓶,,,,,,,
,,,,,,,,,,,止痒,,,,,,,,,
,,,,,,,,,,,保湿滋润,,,,,,,,,
,,,,,,,,,,,其他,,,,,,,,,
,,,,,,,,,,,,,,,,,,,,
,,,,,,,,,,,,,,,,,,,,
,,,,,,,,,,,,,,,,,,,,
,,,,,,,,,,,,,,,,,,,,
,,,,,,,,,,,,,,,,,,,,
,,,,,,,,,,,,,,,,,,,,
,,,,,,,,,,,,,,,,,,,,
,,,,,,,,,,,,,,,,,,,,
,,,,,,,,,,,,,,,,,,,,
,,,,,,,,,,,,,,,,,,,,
,,,,,,,,,,,,,,,,,,,,
,,,,,,,,,,,,,,,,,,,,
,,,,,,,,,,,,,,,,,,,,
,,,,,,,,,,,,,,,,,,,,
379.0,非食品,个人护理,身体护理,脱毛/抑毛,B,"定义：专为成人身体毛发管理设计，以脱毛活性成分（物理脱毛介质 / 化学脱毛成分）、抑毛修护成分为核心原料，适配四肢、腋下、比基尼线等身体部位毛发特性，经配方调制、成型工艺制成的非食品类专用身体护理产品。核心功能包括去除体表毛发、延缓毛发生长速度，可添加舒缓、保湿、修护成分减少皮肤刺激，无损伤皮肤屏障的高危添加剂，适配日常毛发管理、特殊场景（如夏季、重要场合）护理需求。
快速区分要点
适用场景：聚焦身体毛发去除与生长抑制，明确适配四肢、腋下等身体部位，区别于面部脱毛产品（需更温和配方）
核心成分 / 介质：脱毛类含物理剥离介质（如蜡纸、脱毛膏基质）或化学脱毛成分（如巯基乙酸盐、植物脱毛提取物）；抑毛类含毛发生长抑制成分（如维生素、植物提取物、酶制剂）
功能定位：核心为脱毛或延缓毛发生长，兼具皮肤舒缓修护功能，无清洁、保湿等非毛发管理主导功能
标签标识：明确标注 “脱毛膏”“脱毛蜡”“抑毛精华” 等品类名称，标注适用部位、使用方法及皮肤测试提示
一句话速记
身体毛发管理、含脱毛 / 抑毛核心成分、明确标注适配部位，三者同时满足即为脱毛 / 抑毛产品；缺任一或功能偏离则不属于。","脱毛膏、脱毛慕斯、脱毛喷雾
脱毛蜡纸、蜜蜡、脱毛贴
抑毛液、抑毛精华、舒缓修护液
温和脱毛乳、敏感肌专用脱毛产品","电动脱毛仪、剃毛刀、刮毛器等工具
面部清洁、身体乳、沐浴露
药品、医用脱毛制剂
私处洗液、足部护理、身体磨砂",薇婷（Veet）,,暂时性脱毛,,管状,,,,,,,
,,,,,,,,,舒肤佳,,永久性脱毛,,罐装,,,,,,,
,,,,,,,,,多芬,,延缓毛发生长,,喷雾瓶,,,,,,,
,,,,,,,,,力士,,滋润肌肤,,挤压装,,,,,,,
,,,,,,,,,玉兰油,,减少刺激,,,,,,,,,
,,,,,,,,,,,其他,,,,,,,,,
,,,,,,,,,,,,,,,,,,,,
,,,,,,,,,,,,,,,,,,,,
,,,,,,,,,,,,,,,,,,,,
,,,,,,,,,,,,,,,,,,,,
,,,,,,,,,,,,,,,,,,,,
,,,,,,,,,,,,,,,,,,,,
,,,,,,,,,,,,,,,,,,,,
,,,,,,,,,,,,,,,,,,,,
,,,,,,,,,,,,,,,,,,,,
,,,,,,,,,,,,,,,,,,,,
,,,,,,,,,,,,,,,,,,,,
,,,,,,,,,,,,,,,,,,,,
,,,,,,,,,,,,,,,,,,,,
,,,,,,,,,,,,,,,,,,,,
,,,,,,,,,,,,,,,,,,,,
,,,,,,,,,,,,,,,,,,,,
380.0,非食品,个人护理,身体护理,按摩油/身体精油,B,"定义
专为成人身体按摩与护理设计，以植物精油（单方 / 复方）、基础油（如荷荷巴油、甜杏仁油等）为核心原料，可添加保湿修护成分、舒缓香氛成分，经调配、均质工艺制成的非食品类专用身体护理产品。质地以油状为主，具备润滑肌肤、辅助按摩、保湿修护、舒缓放松等功能，适配日常身体护理、专业按摩、SPA 等场景，无刺激皮肤的矿物油、致敏香精及高危添加剂。
快速区分要点
核心原料：以植物来源的精油（单方如薰衣草精油、复方如舒缓修护精油）+ 基础油为主要成分，无纯水基底或乳液状核心基质
质地形态：呈纯油状（含少量可溶性成分），具备按摩所需的润滑度，无乳状、膏状、液态喷雾等非油状形态
功能定位：核心为辅助身体按摩、保湿修护肌肤、舒缓身心，兼具香氛放松效果，无清洁、美白等非按摩护理主导功能
标签标识：明确标注 “按摩油”“身体精油”“复方按摩精油” 等品类名称，标注核心精油成分、基础油类型及适用场景
一句话速记
纯油质地、植物精油 + 基础油为核心、适配身体按摩，三者同时满足即为按摩油 / 身体精油；缺任一或形态功能偏离则不属于。
是否需要补充单方精油与复方精油的具体判定标准，或明确不同肤质（如敏感肌、干燥肌）的产品适配成分建议？","身体按摩油、推拿精油、SPA 专用精油
润肤精油、保湿身体油、复方护理精油
舒缓放松精油、生姜艾草按摩油
婴儿抚触油、孕期护理按摩油","面部精华油、护肤油、护发精油
香水、香薰精油、扩香精油
药用跌打药酒、药膏、药油
身体乳、身体磨砂、沐浴露
可食用精油、调味精油",凡士林,,舒缓放松,薰衣草香,玻璃滴管瓶,,,,,,,
,,,,,,,,,多芬,,滋润保湿,玫瑰香,塑料挤压瓶,,,,,,,
,,,,,,,,,力士,,缓解肌肉酸痛,柑橘香,泵头瓶,,,,,,,
,,,,,,,,,玉兰油,,改善睡眠,檀木香,深色玻璃瓶,,,,,,,
,,,,,,,,,六神,,芳香疗法,薄荷香,铝罐,,,,,,,
,,,,,,,,,,,运动恢复,茉莉香,,,,,,,,
,,,,,,,,,,,促进血液循环,迷迭香,,,,,,,,
,,,,,,,,,,,其他,无香型,,,,,,,,
,,,,,,,,,,,,其他,,,,,,,,
,,,,,,,,,,,,,,,,,,,,
,,,,,,,,,,,,,,,,,,,,
,,,,,,,,,,,,,,,,,,,,
,,,,,,,,,,,,,,,,,,,,
,,,,,,,,,,,,,,,,,,,,
,,,,,,,,,,,,,,,,,,,,
,,,,,,,,,,,,,,,,,,,,
,,,,,,,,,,,,,,,,,,,,
,,,,,,,,,,,,,,,,,,,,
,,,,,,,,,,,,,,,,,,,,
,,,,,,,,,,,,,,,,,,,,
,,,,,,,,,,,,,,,,,,,,
,,,,,,,,,,,,,,,,,,,,
381.0,非食品,个人护理,身体护理,身体防晒,A,"定义
专为成人身体皮肤设计，含物理 / 化学防晒活性成分，经乳化工艺制成的非食品类护理产品，核心功能为抵御 UVA/UVB，SPF≥15、PA≥+，适配日常及户外防晒场景。
快速区分要点
含合规防晒成分，SPF≥15、PA≥+
身体专用，适配大面积涂抹
核心功能为防晒，符合国家防晒标准
标签标注 “身体防晒” 及 SPF/PA 值
一句话速记
含防晒成分（SPF≥15/PA≥+）、身体专用、防晒为主，三者满足即为身体防晒产品。","身体防晒乳、防晒霜、防晒喷雾
高倍防水防汗身体防晒、户外专用防晒
清爽型、保湿型、敏感肌身体防晒
大容量全身适用防晒产品","面部专用防晒霜、防晒隔离
防晒衣、遮阳伞、帽子等物理防晒用品
晒后修复、身体乳、美白精华
彩妆类带防晒值的粉底、素颜霜",安耐晒（ANESSA）,,防晒,,挤压瓶,,,,,,,
,,,,,,,,,资生堂,,防水防汗,,喷雾罐,,,,,,,
,,,,,,,,,欧莱雅,,保湿,,软管,,,,,,,
,,,,,,,,,玉兰油,,清爽,,滚珠瓶,,,,,,,
,,,,,,,,,曼秀雷敦,,控油,,棒状,,,,,,,
,,,,,,,,,,,修护,,气垫,,,,,,,
,,,,,,,,,,,舒缓,,,,,,,,,
,,,,,,,,,,,提亮肤色,,,,,,,,,
,,,,,,,,,,,抗光老化,,,,,,,,,
,,,,,,,,,,,敏感肌适用,,,,,,,,,
,,,,,,,,,,,其他,,,,,,,,,
,,,,,,,,,,,,,,,,,,,,
,,,,,,,,,,,,,,,,,,,,
,,,,,,,,,,,,,,,,,,,,
,,,,,,,,,,,,,,,,,,,,
,,,,,,,,,,,,,,,,,,,,
,,,,,,,,,,,,,,,,,,,,
,,,,,,,,,,,,,,,,,,,,
,,,,,,,,,,,,,,,,,,,,
,,,,,,,,,,,,,,,,,,,,
,,,,,,,,,,,,,,,,,,,,
,,,,,,,,,,,,,,,,,,,,
382.0,非食品,个人护理,身体护理,爽身粉/痱子粉,C,"定义
专为成人及儿童身体皮肤设计，以滑石粉、玉米淀粉、松花粉等为核心吸汗原料，可添加薄荷脑、金银花提取物等舒缓成分，经研磨、灭菌工艺制成的粉状护理产品，核心功能为吸汗、干爽肌肤、减少摩擦刺激，适配闷热天气、沐浴后及日常护理场景。
快速区分要点
形态：细腻粉状，无结块，易涂抹
核心成分：含滑石粉 / 淀粉类吸汗原料，可含温和舒缓成分
用途：身体专用，侧重吸汗干爽、缓解肌肤闷热不适
标签：明确标注 “爽身粉” 或 “痱子粉”，标注适用人群
一句话速记
粉状形态、含吸汗成分、身体专用，三者满足即为爽身粉 / 痱子粉。","成人爽身粉、痱子粉、清凉爽身粉
玉米淀粉、滑石粉类清爽粉
夏季祛痱止痒粉、止汗干爽粉
男女通用身体清香爽身粉","婴儿专用爽身粉
止汗露、走珠、香体喷雾
身体乳、身体精油、沐浴露
定妆散粉、香体粉、足部爽足粉
药用药膏、皮肤消炎制剂",强生,,吸湿干爽,无味,带粉扑盒装,,,,,,,
,,,,,,,,,舒肤佳,,舒缓痱痒,薄荷香,旋盖罐装,,,,,,,
,,,,,,,,,多芬,,防摩擦,淡花香,挤压瓶,,,,,,,
,,,,,,,,,力士,,清凉止痒,婴儿奶香,其他,,,,,,,
,,,,,,,,,六神,,预防痱子,草本香,,,,,,,,
,,,,,,,,,,,温和护理,其他,,,,,,,,
,,,,,,,,,,,祛味留香,,,,,,,,,
,,,,,,,,,,,祛痱,,,,,,,,,
,,,,,,,,,,,其他,,,,,,,,,
,,,,,,,,,,,,,,,,,,,,
,,,,,,,,,,,,,,,,,,,,
,,,,,,,,,,,,,,,,,,,,
,,,,,,,,,,,,,,,,,,,,
,,,,,,,,,,,,,,,,,,,,
,,,,,,,,,,,,,,,,,,,,
,,,,,,,,,,,,,,,,,,,,
,,,,,,,,,,,,,,,,,,,,
,,,,,,,,,,,,,,,,,,,,
,,,,,,,,,,,,,,,,,,,,
,,,,,,,,,,,,,,,,,,,,
,,,,,,,,,,,,,,,,,,,,
,,,,,,,,,,,,,,,,,,,,
383.0,非食品,个人护理,身体护理,其他身体护理,,"定义
专为成人身体皮肤设计，未归入身体乳、磨砂去角质等明确细分品类，以保湿、修护、舒缓等为核心功能，经适配工艺制成的非食品类专用身体护理产品，适配日常及特殊身体护理场景。
快速区分要点
品类属性：属身体护理范畴，不归属其他明确四级类目
功能定位：围绕身体皮肤护理需求，无清洁、防晒等非护理主导功能
形态适配：适配身体使用场景，为乳状、膏状、液态等常规护理形态
标签标识：标注 “身体护理” 相关用途，明确适配身体皮肤
一句话速记
身体专用、护理为主功能、非明确细分品类，三者满足即为其他身体护理产品。","1. 身体清洁类补充
沐浴盐、沐浴球配套清洁产品、身体清洁湿巾、免洗身体清洁喷雾
2. 身体香氛与留香类
身体香氛喷雾、身体香膏、香氛身体油（非按摩精油）
3. 身体修护与功效类
妊娠纹修护霜 / 精华、身体紧致精华、身体纤体霜、颈霜、肩颈舒缓膏
疤痕修护凝胶（身体用）、鸡皮修护乳、身体提亮精华
4. 特殊身体护理
防干裂膏（身体部位用，非手足专用）、身体抗皱精华、背部祛痘喷雾 / 凝胶
身体保湿喷雾、身体精华油、免洗身体保湿乳
5. 身体舒缓与护理工具配套产品
身体热敷贴、身体舒缓凝胶、身体护理膜、体膜、身体泥膜","1. 明确排除品类
沐浴露 / 沐浴乳、香皂、止汗 / 香体、成人纸尿裤、身体乳 / 身体霜、身体磨砂 / 去角质、足部护理、私处护理、脱毛 / 抑毛、按摩油 / 身体精油、身体防晒、爽身粉 / 痱子粉
2. 面部护理产品
洗面奶、面霜、精华、面膜、眼霜、面部防晒等
3. 头发与头皮护理
洗发水、护发素、发膜、精油、造型产品等
4. 手部护理单独品类
护手霜、手膜、手部磨砂（归手部护理，不属于此处）
5. 彩妆、香水、药品
香水、身体彩妆、药膏、药妆药品、消毒用品
6. 卫生用品与成人护理用品
卫生巾、护垫、湿巾（卫生用）、成人护理垫等",凡士林,,止痒,,单支装,,,,,,,
,,,,,,,,,多芬,,降温,,小瓶装,,,,,,,
,,,,,,,,,力士,,舒缓,,喷雾装,,,,,,,
,,,,,,,,,玉兰油,,保湿,,软管装,,,,,,,
,,,,,,,,,六神,,抗菌,,贴片装,,,,,,,
,,,,,,,,,,,消炎,,其他,,,,,,,
,,,,,,,,,,,修复,,,,,,,,,
,,,,,,,,,,,去角质,,,,,,,,,
,,,,,,,,,,,紧致,,,,,,,,,
,,,,,,,,,,,美白,,,,,,,,,
,,,,,,,,,,,抗皱,,,,,,,,,
,,,,,,,,,,,清凉提神,,,,,,,,,
,,,,,,,,,,,其他,,,,,,,,,
,,,,,,,,,,,,,,,,,,,,
,,,,,,,,,,,,,,,,,,,,
,,,,,,,,,,,,,,,,,,,,
,,,,,,,,,,,,,,,,,,,,
,,,,,,,,,,,,,,,,,,,,
,,,,,,,,,,,,,,,,,,,,
,,,,,,,,,,,,,,,,,,,,
,,,,,,,,,,,,,,,,,,,,
,,,,,,,,,,,,,,,,,,,,
384.0,非食品,个人护理,计生用品,避孕用品,A,"定义：用于阻碍精子与卵子结合、抑制排卵、阻止受精卵着床，或通过物理 / 化学方式阻断受孕环节，从而达到避孕目的的各类医疗器械、外用产品及计生用品

快速判断一句话
直接用于避孕、外用、非口服的计生产品 = 避孕用品。","1. 男用避孕套（安全套、光面 / 螺纹 / 浮点 / 超薄等）
2. 女用避孕套
3. 避孕膜、避孕栓、避孕片
4. 外用避孕凝胶、外用杀精剂","1. 口服避孕药、长效 / 短效 / 紧急避孕药（药品）
2. 验孕棒、早孕试纸、排卵试纸
3. 润滑液、私处护理湿巾
4. 成人情趣器具、玩具
5. 验孕、备孕、护理类产品",杜蕾斯（Durex）,避孕套（安全套）,避孕,无香型,单片独立包装,,,,,,,
,,,,,,,,,杰士邦（Jissbon）,避孕凝胶,润滑,果香型,多片组合包装,,,,,,,
,,,,,,,,,冈本（Okamoto）,避孕膜 / 避孕栓,延时,花香型,量贩大盒装,,,,,,,
,,,,,,,,,诺丝（NOX）,计生护理类用品,超薄,薄荷清凉型,礼盒装,,,,,,,
,,,,,,,,,倍力乐,,紧致,奶香型,组合装,,,,,,,
,,,,,,,,,,,滋养,其他,,,,,,,,
,,,,,,,,,,,果香,,,,,,,,,
,,,,,,,,,,,花香,,,,,,,,,
,,,,,,,,,,,无味,,,,,,,,,
,,,,,,,,,,,薄荷清凉,,,,,,,,,
,,,,,,,,,,,温热,,,,,,,,,
,,,,,,,,,,,浮点刺激,,,,,,,,,
,,,,,,,,,,,螺纹刺激,,,,,,,,,
,,,,,,,,,,,玻尿酸,,,,,,,,,
,,,,,,,,,,,杀精,,,,,,,,,
,,,,,,,,,,,女用避孕,,,,,,,,,
,,,,,,,,,,,男用避孕,,,,,,,,,
,,,,,,,,,,,计生护理,,,,,,,,,
,,,,,,,,,,,敏感肌适用,,,,,,,,,
,,,,,,,,,,,持久,,,,,,,,,
,,,,,,,,,,,其他,,,,,,,,,
,,,,,,,,,,,,,,,,,,,,
385.0,非食品,个人护理,计生用品,验孕试纸,C,"定义
专为女性设计的计生检测产品，以胶体金免疫层析为核心技术，含人绒毛膜促性腺激素（HCG）检测试剂，经精准配比、无菌工艺制成，核心功能为快速检测尿液中 HCG 含量，辅助判断是否妊娠，适配备孕及疑似妊娠场景。
快速区分要点
核心用途：检测尿液中 HCG，辅助判断妊娠状态
技术原理：采用免疫层析法，含特异性检测试剂
形态适配：试纸条、卡型等便携检测形态，需尿液样本
标签标识：明确标注 “验孕试纸 / 验孕棒”，标注检测阈值、使用方法
一句话速记
含 HCG 检测试剂、尿液检测、妊娠判断，三者满足即为验孕试纸。","早孕试纸、验孕棒、验孕卡
早早孕快速检测试纸
笔型、条型、卡型验孕产品
验孕检测套装","排卵试纸、半定量排卵检测产品
避孕套、避孕药等避孕用品
妇科药品、早孕诊断药物
血压计、血糖试纸等其他医用试纸",大卫,,hCG 定性检测,,条型验孕试纸,,,,,,,
,,,,,,,,,毓婷,,结果可视化显示,,笔型验孕试纸,,,,,,,
,,,,,,,,,可丽蓝（Clearblue）,,尿液样本适配,,卡型验孕试纸,,,,,,,
,,,,,,,,,金秀儿,,其他,,,,,,,,,
,,,,,,,,,康乃格,,,,,,,,,,,
,,,,,,,,,,,,,,,,,,,,
,,,,,,,,,,,,,,,,,,,,
,,,,,,,,,,,,,,,,,,,,
,,,,,,,,,,,,,,,,,,,,
,,,,,,,,,,,,,,,,,,,,
,,,,,,,,,,,,,,,,,,,,
,,,,,,,,,,,,,,,,,,,,
,,,,,,,,,,,,,,,,,,,,
,,,,,,,,,,,,,,,,,,,,
,,,,,,,,,,,,,,,,,,,,
,,,,,,,,,,,,,,,,,,,,
,,,,,,,,,,,,,,,,,,,,
,,,,,,,,,,,,,,,,,,,,
,,,,,,,,,,,,,,,,,,,,
,,,,,,,,,,,,,,,,,,,,
,,,,,,,,,,,,,,,,,,,,
,,,,,,,,,,,,,,,,,,,,
386.0,非食品,个人护理,计生用品,排卵检测,C,"定义
专为女性设计的计生检测产品，以胶体金免疫层析为核心技术，含黄体生成素（LH）检测试剂，经精准配比、无菌工艺制成，核心功能为快速检测尿液中 LH 含量，辅助判断排卵高峰期，适配备孕监测场景。
快速区分要点
核心用途：检测尿液中 LH，辅助判断排卵高峰期技术原理：采用免疫层析法，含特异性检测试剂形态适配：试纸条、卡型等便携检测形态，需尿液样本标签标识：明确标注 “排卵检测试纸 / 排卵笔”，标注检测阈值、使用方法
一句话速记
含 LH 检测试剂、尿液检测、排卵判断，三者满足即为排卵检测产品。","排卵试纸、排卵检测笔、排卵卡
半定量排卵试纸
排卵期快速检测套装
备孕用排卵监测用品","验孕试纸、验孕棒
避孕套、避孕药、避孕凝胶
妇科药品、洗液、护理产品
血糖、尿酸等其他医用检测试纸",大卫,,LH 定性检测,,条型排卵试纸,,,,,,,
,,,,,,,,,毓婷,,双标线质控显示,,笔型排卵检测笔,,,,,,,
,,,,,,,,,可丽蓝（Clearblue）,,尿液样本适配,,卡型排卵检测卡,,,,,,,
,,,,,,,,,金秀儿,,结果时效保障,,电子定量排卵检测款,,,,,,,
,,,,,,,,,康乃格,,其他,,,,,,,,,
,,,,,,,,,,,,,,,,,,,,
,,,,,,,,,,,,,,,,,,,,
,,,,,,,,,,,,,,,,,,,,
,,,,,,,,,,,,,,,,,,,,
,,,,,,,,,,,,,,,,,,,,
,,,,,,,,,,,,,,,,,,,,
,,,,,,,,,,,,,,,,,,,,
,,,,,,,,,,,,,,,,,,,,
,,,,,,,,,,,,,,,,,,,,
,,,,,,,,,,,,,,,,,,,,
,,,,,,,,,,,,,,,,,,,,
,,,,,,,,,,,,,,,,,,,,
,,,,,,,,,,,,,,,,,,,,
,,,,,,,,,,,,,,,,,,,,
,,,,,,,,,,,,,,,,,,,,
,,,,,,,,,,,,,,,,,,,,
,,,,,,,,,,,,,,,,,,,,
387.0,非食品,个人护理,个人护理套装/组合装,个人护理套装/组合装,,"定义
将两种及以上个人护理类产品，按使用场景或功能搭配组合，统一包装后整体销售的日化组合产品，多用于日常护理、旅行便携、礼品赠送等场景。

核心区分要点
1. 此组合装属于三级类目中跨品类的组合装，要区分于同品类中的组合装。
2. 比如：沐浴露 + 洗发水属于此组合装；沐浴露中的不同规格组合属于本品类中的组合装。","洗护组合套装
口腔护理组合
面部护理组合
身体护理组合
手足护理组合
旅行便携护理套装
礼盒装护理组合
男士专用护理套装
女士专用护理套装
儿童专用护理套装","单一规格个人护理产品
彩妆组合套装
家居清洁类产品
医疗器械类护理用品
散装无包装护理用品
食品、饮料等非护理类产品",宝洁,洗护发套装,,清香型,礼盒装,,,,,,,
,,,,,,,,,联合利华,口腔护理套装,,花香型,手提袋装,,,,,,,
,,,,,,,,,欧莱雅,面部护理套装,,果香型,塑封组合装,,,,,,,
,,,,,,,,,曼秀雷敦,身体护理套装,,草本香型,盒装套装,,,,,,,
,,,,,,,,,妮维雅,手足护理套装,,薄荷香型,旅行收纳装,,,,,,,
,,,,,,,,,资生堂,男士护理套装,,无味型,量贩组合装,,,,,,,
,,,,,,,,,舒客,女士护理套装,,奶香型,,,,,,,,
,,,,,,,,,云南白药,儿童护理套装,,木质香型,,,,,,,,
,,,,,,,,,多芬,旅行便携套装,,,,,,,,,,
,,,,,,,,,施华蔻,,,,,,,,,,,
,,,,,,,,,,,,,,,,,,,,
,,,,,,,,,,,,,,,,,,,,
,,,,,,,,,,,,,,,,,,,,
,,,,,,,,,,,,,,,,,,,,
,,,,,,,,,,,,,,,,,,,,
,,,,,,,,,,,,,,,,,,,,
,,,,,,,,,,,,,,,,,,,,
,,,,,,,,,,,,,,,,,,,,
,,,,,,,,,,,,,,,,,,,,
,,,,,,,,,,,,,,,,,,,,
,,,,,,,,,,,,,,,,,,,,
,,,,,,,,,,,,,,,,,,,,
388.0,非食品,纸制品,计生用品,卫生纸,S,"定义：用于个人如厕后清洁或日常擦拭的一次性纸质产品，通常以原生木浆、竹浆或再生纤维为主要原料制成，具有柔软、吸水、可溶于水的特性。产品克重范围14–22 g/m²，单层或多层复合，表面可压花或打孔以增强吸液性。常见规格为每卷100–400节或每包100–200抽，按卷筒、抽取、平板三种形式销售，是家庭及公共场所常备的消耗性纸品。

快速判断一句话
厕所用、可冲散、主要用于如厕清洁的纸 = 卫生纸。","1. 卷纸（厕纸、卷筒纸）
2. 抽取式卫生纸
3. 平板卫生纸、方块纸","1. 抽纸 / 面巾纸（纸巾纸、擦手纸）
2. 餐巾纸、手帕纸
3. 洗脸巾、棉柔巾
4. 湿巾、卫生湿巾
5. 厨房湿巾
6. 纸尿裤、卫生巾、护垫
7. 擦手纸（商用大卷擦手纸）",维达,卷筒卫生纸,柔肤,,单卷装,,,,,,,
,,,,,,,,,心相印,抽取式卫生纸,加厚,,提装,,,,,,,
,,,,,,,,,清风,平板卫生纸,湿水不易破,,箱装,,,,,,,
,,,,,,,,,洁柔,,抑菌,,组合装,,,,,,,
,,,,,,,,,舒洁,,可降解,,,,,,,,,
,,,,,,,,,,,母婴适用,,,,,,,,,
,,,,,,,,,,,敏感肌适用,,,,,,,,,
,,,,,,,,,,,其他,,,,,,,,,
,,,,,,,,,,,,,,,,,,,,
,,,,,,,,,,,,,,,,,,,,
,,,,,,,,,,,,,,,,,,,,
,,,,,,,,,,,,,,,,,,,,
,,,,,,,,,,,,,,,,,,,,
,,,,,,,,,,,,,,,,,,,,
,,,,,,,,,,,,,,,,,,,,
,,,,,,,,,,,,,,,,,,,,
,,,,,,,,,,,,,,,,,,,,
,,,,,,,,,,,,,,,,,,,,
,,,,,,,,,,,,,,,,,,,,
,,,,,,,,,,,,,,,,,,,,
,,,,,,,,,,,,,,,,,,,,
,,,,,,,,,,,,,,,,,,,,
389.0,非食品,纸制品,面纸巾,面纸巾,S,"定义：面纸巾是以原生木浆或再生纤维为原料，经湿法成纸、压花、分切、折叠制成的单层或多层柔软薄纸，主要用于面部清洁、吸油或擦拭口鼻；产品具有较高湿韧性和亲肤性，遇水不易破碎，区别于质地较粗糙的卫生纸或厨房用纸。通常按100–400抽预先折叠成长方形小片，密封于塑料软包或纸盒内，开封后逐张抽取，适用于家庭、办公及随身场景的一次性卫生用纸。

快速判断一句话
擦脸擦手、不可冲马桶、抽纸 / 盒装 / 手帕纸 = 面纸巾。","1. 盒装面巾纸
2. 软抽 / 抽取式面巾纸
3. 家用抽纸、商用抽纸
4. 餐巾纸（餐厅用方巾纸）
5. 手帕纸 / 迷你纸巾","1. 卫生纸 / 卷纸 / 厕纸
2. 厨房用纸、擦手纸
3. 洗脸巾、棉柔巾
4. 湿巾、卫生湿巾
5. 纸尿裤、卫生巾、护垫
6. 无尘纸、工业用纸",维达,软抽面巾纸（家用软抽）,清洁,无香型,软包抽取装,,,,,,,
,,,,,,,,,心相印,盒装面巾纸（硬盒抽）,吸水,淡香,硬盒装,,,,,,,
,,,,,,,,,清风,手帕纸（迷你纸手帕）,柔肤,,单条手帕纸,,,,,,,
,,,,,,,,,洁柔,餐巾纸（方餐巾纸）,保湿,,多包组合提装,,,,,,,
,,,,,,,,,舒洁,,卸妆,,量贩箱装,,,,,,,
,,,,,,,,,,,抑菌,,独立小包装（手帕纸）,,,,,,,
,,,,,,,,,,,无香,,箱装,,,,,,,
,,,,,,,,,,,清香,,,,,,,,,
,,,,,,,,,,,加厚,,,,,,,,,
,,,,,,,,,,,柔韧,,,,,,,,,
,,,,,,,,,,,湿水强韧,,,,,,,,,
,,,,,,,,,,,母婴适用,,,,,,,,,
,,,,,,,,,,,敏感肌适用,,,,,,,,,
,,,,,,,,,,,便携,,,,,,,,,
,,,,,,,,,,,商用,,,,,,,,,
,,,,,,,,,,,家用,,,,,,,,,
,,,,,,,,,,,餐巾使用,,,,,,,,,
,,,,,,,,,,,其他,,,,,,,,,
,,,,,,,,,,,,,,,,,,,,
,,,,,,,,,,,,,,,,,,,,
,,,,,,,,,,,,,,,,,,,,
,,,,,,,,,,,,,,,,,,,,
390.0,非食品,纸制品,湿纸巾,湿纸巾,A,"定义
以水刺无纺布为载体，浸渍纯水、保湿剂及温和抑菌成分，经裁切、折叠、密封包装制成的一次性清洁用品，用于手部、皮肤及日常物品擦拭清洁，温和无刺激，适用于居家、外出等场景。
快速区分要点
材质：采用无纺布基材，含浸润液体形态：单片或多片密封包装，湿润柔软用途：用于清洁、擦拭、保湿、抑菌标签：明确标注 “湿纸巾”“湿巾”，标注适用范围
一句话速记
无纺布浸润液体、密封包装、清洁擦拭，三者满足即为湿纸巾。","普通清洁湿巾
手口湿巾
婴儿湿巾
杀菌抑菌湿巾
无酒精湿巾
便携单片湿巾
桶装抽取湿巾
袋装抽取湿巾
成人护肤湿巾
私处清洁湿巾
厨房清洁湿巾
玻璃清洁湿巾
地板清洁湿巾
皮具护理湿巾
擦鞋湿巾
卸妆湿巾
防晒湿巾
宠物清洁湿巾","干纸巾
抽纸
卷纸
餐巾纸
手帕纸
厨房用纸
毛巾
洗脸巾
棉柔巾
无尘纸
无纺布抹布
消毒喷雾
消毒凝胶
纸尿裤
拉拉裤
卫生巾
护垫
湿厕纸
一次性湿巾手套
医用纱布
医用棉球",维达,婴儿湿巾,清洁护理,无香,多片抽取式软包装,,,,,,,
,,,,,,,,,心相印,手口湿巾,消毒杀菌,淡香,独立密封单片,,,,,,,
,,,,,,,,,清风,卸妆湿巾,婴儿护理,芦荟,翻盖硬盒,,,,,,,
,,,,,,,,,洁柔,女性护理湿巾,卸妆,洋甘菊,便携迷你包,,,,,,,
,,,,,,,,,舒洁,湿厕纸,保湿滋润,绿茶,桶装,,,,,,,
,,,,,,,,,,厨房湿巾,敏感肌专用,薄荷,其他,,,,,,,
,,,,,,,,,,家居清洁湿巾,去油去污,柠檬,,,,,,,,
,,,,,,,,,,消毒湿巾,便携出行,薰衣草,,,,,,,,
,,,,,,,,,,宠物湿巾,除味,玫瑰,,,,,,,,
,,,,,,,,,,通用清洁湿巾,天然护肤,其他,,,,,,,,
,,,,,,,,,,,水润爽肤,,,,,,,,,
,,,,,,,,,,,其他,,,,,,,,,
,,,,,,,,,,,,,,,,,,,,
,,,,,,,,,,,,,,,,,,,,
,,,,,,,,,,,,,,,,,,,,
,,,,,,,,,,,,,,,,,,,,
,,,,,,,,,,,,,,,,,,,,
,,,,,,,,,,,,,,,,,,,,
,,,,,,,,,,,,,,,,,,,,
,,,,,,,,,,,,,,,,,,,,
,,,,,,,,,,,,,,,,,,,,
,,,,,,,,,,,,,,,,,,,,
391.0,非食品,纸制品,厨房用纸,厨房用纸,A,"定义
以原生木浆为原料，经多层压花、加厚工艺制成的一次性纸质用品，吸水吸油性强、韧性好不易破，专用于厨房台面、餐具、厨具及油污清洁，适配烹饪、餐后清洁等场景。
快速区分要点
材质：加厚原生木浆，多层压花结构特性：高吸水、高吸油，干强韧性好不易破损用途：专用于厨房油污、水渍清洁及食物吸水标签：明确标注 “厨房用纸”“厨房纸巾”，标注加厚、吸油吸水等特性
一句话速记
加厚木浆、高吸油吸水、厨房专用，三者满足即为厨房用纸。","卷状厨房纸巾、抽取式厨房纸
加厚吸油厨房用纸、油炸食物专用吸油纸
可水洗懒人抹布型厨房纸
料理吸水、灶台清洁用厨房纸","普通抽纸、卷纸、餐巾纸
湿纸巾、消毒湿巾
保鲜膜、保鲜袋、铝箔纸
抹布、百洁布、海绵擦
餐巾、餐垫、一次性桌布",维达,,吸油,,卷筒装,,,,,,,
,,,,,,,,,心相印,,吸水,,抽纸装,,,,,,,
,,,,,,,,,清风,,去污,,折叠装,,,,,,,
,,,,,,,,,洁柔,,加厚,,盒装,,,,,,,
,,,,,,,,,舒洁,,强韧,,塑装,,,,,,,
,,,,,,,,,,,湿水不易破,,其他,,,,,,,
,,,,,,,,,,,可水洗,,,,,,,,,
,,,,,,,,,,,一次性清洁,,,,,,,,,
,,,,,,,,,,,食品接触,,,,,,,,,
,,,,,,,,,,,无香,,,,,,,,,
,,,,,,,,,,,抑菌,,,,,,,,,
,,,,,,,,,,,厨房专用,,,,,,,,,
,,,,,,,,,,,吸油烟渍,,,,,,,,,
,,,,,,,,,,,擦灶台,,,,,,,,,
,,,,,,,,,,,擦餐具,,,,,,,,,
,,,,,,,,,,,可降解,,,,,,,,,
,,,,,,,,,,,原生木浆,,,,,,,,,
,,,,,,,,,,,其他,,,,,,,,,
,,,,,,,,,,,,,,,,,,,,
,,,,,,,,,,,,,,,,,,,,
,,,,,,,,,,,,,,,,,,,,
,,,,,,,,,,,,,,,,,,,,
392.0,非食品,纸制品,其他纸制品,其他纸制品,,"定义
以纸浆、纸板或无纺布为原料，经加工制成的一次性纸质用品，未归入抽纸、卷纸、厨房用纸、湿纸巾等明确细分品类，适用于日常清洁、擦拭、包装及生活辅助等场景。

核心属性
原料以纸浆、纸张为主
多用于生活、餐饮、办公、包装、一次性使用
不属于日常擦手、擦嘴、擦桌、擦屁屁的四大基础用纸

快速区分要点
材质：以纸、纸板、纤维类为主要基材品类属性：属于纸制品类，不归属其他明确细分品类用途：用于日常清洁、擦拭、包装或辅助使用标签：标注纸制品相关名称及适用场景
一句话速记
纸质基材、日常用途、非明确细分品类，三者满足即为其他纸制品。","1. 一次性餐用纸质品
纸杯、纸碗、纸盘、纸质餐盒、纸盖、纸质吸管、牛皮纸餐袋
2. 擦拭类专用纸
擦鞋纸、吸油纸（面部 / 厨房油炸用）、无尘纸、吸水纸、除尘纸
3. 生活与收纳用纸
纸袋、礼品纸、包装纸、礼盒内衬纸、收纳用纸、墙纸、挂历纸
4. 文具与办公用纸
打印纸、复印纸、草稿纸、信纸、便签纸、笔记本、信封、文件夹
5. 母婴及特殊用纸
抽纸式洗脸巾、隔尿垫用纸、一次性纸围兜
6. 其他功能性纸制品
烘焙油纸、空气炸锅纸、蒸笼纸、蜡烛芯纸、香薰用纸","1. 明确排除品类
卫生纸、面纸巾、湿纸巾、厨房用纸
2. 非纸类制品
无纺布、棉柔布、塑料膜、铝箔、海绵、清洁布、纺织品
3. 工业 / 工业用纸
工业滤纸、工业擦拭纸、工业包装用纸（非民用）
4. 卫生与医疗用品
医用纱布、医用棉片、口罩、防护服、医疗耗材
5. 明显不属于纸制品的品类
塑料制品、金属制品、玻璃、陶瓷、木制品",维达,,西柚,,抽取式盒装,,,,,,,
,,,,,,,,,心相印,,烘焙,,卷筒式,,,,,,,
,,,,,,,,,清风,,防溅保洁,,,,,,,,,
,,,,,,,,,洁柔,,其他,,,,,,,,,
,,,,,,,,,舒洁,,,,,,,,,,,
,,,,,,,,,,,,,,,,,,,,
,,,,,,,,,,,,,,,,,,,,
,,,,,,,,,,,,,,,,,,,,
,,,,,,,,,,,,,,,,,,,,
,,,,,,,,,,,,,,,,,,,,
,,,,,,,,,,,,,,,,,,,,
,,,,,,,,,,,,,,,,,,,,
,,,,,,,,,,,,,,,,,,,,
,,,,,,,,,,,,,,,,,,,,
,,,,,,,,,,,,,,,,,,,,
,,,,,,,,,,,,,,,,,,,,
,,,,,,,,,,,,,,,,,,,,
,,,,,,,,,,,,,,,,,,,,
,,,,,,,,,,,,,,,,,,,,
,,,,,,,,,,,,,,,,,,,,
,,,,,,,,,,,,,,,,,,,,
,,,,,,,,,,,,,,,,,,,,
393.0,非食品,家居用品,家用清洁产品,卫浴清洁用品,B,"定义
专为卫生间、浴室场景设计，以表面活性剂、除菌剂、除垢剂为主要成分，经调配制成的家用清洁产品，可去除水垢、皂垢、霉菌及污渍，兼具除菌去污功能，适用于马桶、瓷砖、玻璃、水龙头等卫浴表面清洁。

核心定义
用于卫生间、浴室内各类设施、表面及管道的去污、除垢、除菌、防霉、去异味的专用清洁制剂及辅助清洁用品，统称卫浴清洁用品。

快速区分要点
适用场景：专用于卫生间、浴室环境功能特点：去污、除垢、除菌、防霉使用对象：马桶、瓷砖、玻璃、五金卫浴等表面标签：明确标注卫浴清洁、除垢除菌等字样
一句话速记
卫浴专用、除垢除菌、清洁卫浴表面，三者满足即为卫浴清洁用品。","1. 马桶清洁类
洁厕灵、洁厕液、洁厕剂、洁厕宝、洁厕块、马桶泡泡、马桶清洁剂
2. 浴室除垢类
玻璃清洁剂、浴室水垢清洁剂、瓷砖清洁剂、不锈钢清洁亮洁剂、水龙头除垢剂
3. 防霉除菌类
除霉剂、防霉剂、浴室除菌喷雾、墙体 / 胶条除霉啫喱
4. 地漏 / 管道疏通类
管道疏通剂、地漏除臭剂、下水道疏通粉、毛发分解剂
5. 卫浴专用清洁工具类
马桶刷、厕刷架、浴室清洁刷、缝隙刷、刮水器、百洁布（卫浴专用）","1. 厨房专用清洁用品
洗洁精、油污净、厨房重油污清洁剂、灶台清洁剂
2. 衣物清洁用品
洗衣粉、洗衣液、肥皂、消毒液（衣物专用）、柔顺剂
3. 地面 / 全屋通用清洁
地板清洁剂、全能水、通用消毒液、拖地清洁剂
4. 个人清洁与护肤
洗手液、沐浴露、香皂、洗面奶、身体护理产品
5. 非清洁类卫浴用品
毛巾、浴巾、浴球、置物架、卫生纸、香薰、收纳用品",蓝月亮,,除水垢,,喷雾瓶,,,,,,,
,,,,,,,,,立白,,除皂垢,,挤压瓶,,,,,,,
,,,,,,,,,雕牌,,除尿碱,,桶装,,,,,,,
,,,,,,,,,白猫,,防霉,,袋装,,,,,,,
,,,,,,,,,威露士,,杀菌,,其他,,,,,,,
,,,,,,,,,,,光亮表面,,,,,,,,,
,,,,,,,,,,,其他,,,,,,,,,
,,,,,,,,,,,,,,,,,,,,
,,,,,,,,,,,,,,,,,,,,
,,,,,,,,,,,,,,,,,,,,
,,,,,,,,,,,,,,,,,,,,
,,,,,,,,,,,,,,,,,,,,
,,,,,,,,,,,,,,,,,,,,
,,,,,,,,,,,,,,,,,,,,
,,,,,,,,,,,,,,,,,,,,
,,,,,,,,,,,,,,,,,,,,
,,,,,,,,,,,,,,,,,,,,
,,,,,,,,,,,,,,,,,,,,
,,,,,,,,,,,,,,,,,,,,
,,,,,,,,,,,,,,,,,,,,
,,,,,,,,,,,,,,,,,,,,
,,,,,,,,,,,,,,,,,,,,
394.0,非食品,家居用品,家用清洁产品,厨房重油污清洁用品,B,"定义
专为厨房重油污场景设计，以强碱性去污成分、表面活性剂为主要原料，经配方调配制成的家用清洁产品，可快速分解顽固油渍、焦渍，适用于油烟机、灶台、橱柜、排烟管道等重油污表面清洁。

核心定义
专门针对厨房中长期积累的厚重油脂、油烟垢、焦渍研发，具有强力去油、乳化分解油污功能的专用清洁制剂，主要用于油烟机、灶台、排烟罩等重油污场景。

快速区分要点
适用场景：专用于厨房重油污区域功能特点：强力去油、分解顽固焦渍油垢使用对象：油烟机、灶台、排烟管等重油污表面标签：明确标注厨房重油污净、去重油等字样
一句话速记
厨房专用、强力去重油污、清洁油烟灶具，三者满足即为厨房重油污清洁用品。","1. 油烟机清洗剂、重油污净、重油污清洁剂喷雾
2. 厨房去油剂、除油剂、去重油泡沫清洁剂
3. 灶台重油清洁剂、排烟罩 / 排风扇除油剂
4. 厨房油污清洁膏、油污清洁粉、工业级厨房去油剂
5. 集成灶专用重油污清洁剂","1. 温和型日常厨房清洁用品
洗洁精、餐具净、果蔬清洗剂、普通厨房清洁剂
2. 非油污类厨房清洁用品
水垢清洁剂、不锈钢光亮剂、除霉剂、消毒液
3. 全屋通用清洁产品
地板清洁剂、玻璃水、全能清洁剂、多用途消毒液
4. 其他场景清洁用品
卫浴洁厕剂、瓷砖清洁剂、衣物洗涤剂
5. 清洁工具类
百洁布、钢丝球、抹布、刷子、清洁海绵",蓝月亮,,去油污,,喷雾瓶,,,,,,,
,,,,,,,,,立白,,除焦糊,,挤压瓶,,,,,,,
,,,,,,,,,雕牌,,杀菌消毒,,泡沫罐,,,,,,,
,,,,,,,,,白猫,,防锈,,膏状管,,,,,,,
,,,,,,,,,威露士,,其他,,桶装,,,,,,,
,,,,,,,,,,,,,袋装,,,,,,,
,,,,,,,,,,,,,瓶加袋装,,,,,,,
,,,,,,,,,,,,,其他,,,,,,,
,,,,,,,,,,,,,,,,,,,,
,,,,,,,,,,,,,,,,,,,,
,,,,,,,,,,,,,,,,,,,,
,,,,,,,,,,,,,,,,,,,,
,,,,,,,,,,,,,,,,,,,,
,,,,,,,,,,,,,,,,,,,,
,,,,,,,,,,,,,,,,,,,,
,,,,,,,,,,,,,,,,,,,,
,,,,,,,,,,,,,,,,,,,,
,,,,,,,,,,,,,,,,,,,,
,,,,,,,,,,,,,,,,,,,,
,,,,,,,,,,,,,,,,,,,,
,,,,,,,,,,,,,,,,,,,,
,,,,,,,,,,,,,,,,,,,,
395.0,非食品,家居用品,家用清洁产品,洗洁精,A,"定义：是一种以表面活性剂为主要成分的液体清洁产品，用于清洗餐具、厨具、果蔬表面附着的油脂、污渍及残留农药。

快速判断一句话
洗碗、洗果蔬、去油污专用的液态清洁剂 = 洗洁精。","1. 餐具洗洁精、洗涤灵、餐具净
2. 果蔬洗洁精（可洗果蔬）
3. 柠檬 / 生姜 / 护手 / 除菌洗洁精
4. 洗洁精补充装、袋装、桶装
5. 商用大桶洗洁精","1. 洗衣液、洗衣凝珠、皂液
2. 洗手液、香皂
3. 消毒液、84、酒精
4. 地板清洁剂、洁厕灵、油烟净
5. 沐浴露、洗发水
6. 厨房湿巾、油污净",蓝月亮,餐具洗洁精,去污,柠檬香,瓶装,,,,,,,
,,,,,,,,,立白,果蔬洗洁精,去油,橙香,瓶装（按压泵头）,,,,,,,
,,,,,,,,,雕牌,,去腥,柑橘香,袋装补充装,,,,,,,
,,,,,,,,,白猫,,去农残,生姜香,桶装,,,,,,,
,,,,,,,,,威露士,,温和护手,绿茶香,组合装,,,,,,,
,,,,,,,,,,,抑菌,薄荷香,量贩箱装,,,,,,,
,,,,,,,,,,,除菌,无香型,,,,,,,,
,,,,,,,,,,,无磷,其他,,,,,,,,
,,,,,,,,,,,无香,,,,,,,,,
,,,,,,,,,,,清香,,,,,,,,,
,,,,,,,,,,,食品可用,,,,,,,,,
,,,,,,,,,,,可洗果蔬,,,,,,,,,
,,,,,,,,,,,可洗餐具,,,,,,,,,
,,,,,,,,,,,浓缩,,,,,,,,,
,,,,,,,,,,,易漂洗,,,,,,,,,
,,,,,,,,,,,不伤手,,,,,,,,,
,,,,,,,,,,,中性配方,,,,,,,,,
,,,,,,,,,,,强力去渍,,,,,,,,,
,,,,,,,,,,,多效清洁,,,,,,,,,
,,,,,,,,,,,母婴适用,,,,,,,,,
,,,,,,,,,,,敏感肌适用,,,,,,,,,
,,,,,,,,,,,其他,,,,,,,,,
396.0,非食品,家居用品,家用清洁产品,家居清洁消毒用品,B,"定义
专为家居环境设计，以消毒剂、表面活性剂为主要有效成分，经调配制成的家用清洁产品，兼具清洁去污与杀菌消毒功能，适用于家具、地板、家居表面及室内环境清洁除菌。
快速区分要点
适用场景：全屋家居环境、家具及家居表面功能特点：清洁去污、杀菌消毒、抑菌防护使用对象：地板、桌面、家居用品等硬质表面标签：明确标注家居消毒、杀菌清洁等字样
一句话速记
家居适用、清洁兼消毒、杀菌抑菌，三者满足即为家居清洁消毒用品。","1. 家用含氯消毒液、季铵盐类家居消毒液，漂白水、漂白剂
2. 多功能家居清洁消毒喷雾、消毒片剂
3. 室内环境除菌液、家具表面清洁消毒剂
4. 空气消毒喷雾、环境抑菌清洁剂","1. 洁厕灵、浴室除垢剂、厨房油污净
2. 洗衣液、衣物除菌液、内衣专用除菌剂
3. 医用酒精、碘伏、皮肤消毒药水
4. 洗洁精、洗手液、宠物专用消毒剂
5. 拖把、抹布、百洁布等清洁工具
6. 厨房重油污清洁用品
7. 卫浴清洁用品",蓝月亮,,表面清洁消毒,,喷雾瓶装,,,,,,,
,,,,,,,,,立白,,地板清洁消毒,,桶装,,,,,,,
,,,,,,,,,雕牌,,厨房油污清洁,,袋装,,,,,,,
,,,,,,,,,白猫,,浴室除垢消毒,,湿巾盒装,,,,,,,
,,,,,,,,,威露士,,玻璃清洁,,片剂瓶装,,,,,,,
,,,,,,,,,,,多用途清洁,,替换装,,,,,,,
,,,,,,,,,,,除菌,,浓缩液瓶装,,,,,,,
,,,,,,,,,,,除异味,,,,,,,,,
,,,,,,,,,,,其他,,,,,,,,,
,,,,,,,,,,,,,,,,,,,,
,,,,,,,,,,,,,,,,,,,,
,,,,,,,,,,,,,,,,,,,,
,,,,,,,,,,,,,,,,,,,,
,,,,,,,,,,,,,,,,,,,,
,,,,,,,,,,,,,,,,,,,,
,,,,,,,,,,,,,,,,,,,,
,,,,,,,,,,,,,,,,,,,,
,,,,,,,,,,,,,,,,,,,,
,,,,,,,,,,,,,,,,,,,,
,,,,,,,,,,,,,,,,,,,,
,,,,,,,,,,,,,,,,,,,,
,,,,,,,,,,,,,,,,,,,,
397.0,非食品,家居用品,家用清洁产品,防潮/除臭/芳香用品,B,"定义
专为家居空间及密闭环境设计，以吸附剂、除臭成分、香氛精油为主要原料制成的家用用品，可吸附湿气、去除异味、释放清香，适用于衣柜、鞋柜、卫生间、室内等场景改善空气环境。
快速区分要点
功能特点：吸湿防潮、去除异味、清新芳香使用场景：家居室内、衣柜、橱柜、卫生间等密闭空间产品形态：香薰、香包、除湿盒、除臭剂、芳香剂等标签：明确标注防潮、除臭、芳香、清新空气等字样
一句话速记
防潮除臭或芳香、家居环境使用、改善空气异味，三者满足即为防潮 / 除臭 / 芳香用品。","除湿盒、除湿袋、干燥剂、防潮剂
空气清新剂、芳香剂、香薰、香包
鞋柜除臭剂、衣柜除味包、活性炭包
室内消臭剂、异味中和剂、留香凝胶","消毒液、漂白水、洁厕剂等清洁药剂
洗衣液、洗洁精、衣物除菌液
香水、香体喷雾、个人香氛
厨房吸油纸、卫浴清洁用品
加湿器、空气净化器等电器",蓝月亮,,吸湿防潮,无香型,盒装,,,,,,,
,,,,,,,,,立白,,去除异味,薰衣草香,袋装,,,,,,,
,,,,,,,,,雕牌,,释放香气,柠檬香,悬挂式除湿袋,,,,,,,
,,,,,,,,,白猫,,防霉抑菌,茉莉香,固体芳香膏,,,,,,,
,,,,,,,,,威露士,,净化空气,玫瑰香,凝胶状,,,,,,,
,,,,,,,,,,,其他,海洋香,活性炭包,,,,,,,
,,,,,,,,,,,,绿茶香,罐装,,,,,,,
,,,,,,,,,,,,桂花香,其他,,,,,,,
,,,,,,,,,,,,薄荷香,,,,,,,,
,,,,,,,,,,,,柑橘香,,,,,,,,
,,,,,,,,,,,,木质香,,,,,,,,
,,,,,,,,,,,,其他,,,,,,,,
,,,,,,,,,,,,,,,,,,,,
,,,,,,,,,,,,,,,,,,,,
,,,,,,,,,,,,,,,,,,,,
,,,,,,,,,,,,,,,,,,,,
,,,,,,,,,,,,,,,,,,,,
,,,,,,,,,,,,,,,,,,,,
,,,,,,,,,,,,,,,,,,,,
,,,,,,,,,,,,,,,,,,,,
,,,,,,,,,,,,,,,,,,,,
,,,,,,,,,,,,,,,,,,,,
398.0,非食品,家居用品,家用清洁产品,空气清新剂,B,"定义
专为室内及密闭空间改善气味设计，以天然或合成香精、除臭因子、缓释载体、助溶剂及抛射剂为主要成分，经配比灌装制成，通过挥发、喷雾或缓释扩散香气，中和异味、净化嗅觉环境，适用于家庭、卫生间、卧室、办公室等多种场景，使用便捷且气味温和。
快速区分要点
功能特点：中和异味、遮盖臭味、持久留香、清新空气使用场景：卫生间、客厅、卧室、车内、办公室等密闭空间产品形态：气雾剂喷雾、凝胶香膏、固体香块、液体挥发液、自动喷香机补充液标签：明确标注空气清新剂，标明香型、使用方式及适用范围
一句话速记
空间除臭留香、多形态挥发使用、标注空气清新剂，三者满足即为空气清新剂。","喷雾型空气清新剂、固体香膏、凝胶香氛
自动喷香机补充液、室内消臭芳香剂
卫生间 / 房间 / 车内通用清新剂","消毒液、消毒喷雾、家居消毒剂
香薰精油、扩香木、香薰蜡烛
除湿盒、干燥剂、活性炭包
香水、个人香体喷雾
厨卫专用清洁剂、洁厕剂",蓝月亮,,除臭,清新花香,压力罐喷雾,,,,,,,
,,,,,,,,,立白,,净化空气,水果香,电热挥发器,,,,,,,
,,,,,,,,,雕牌,,提神醒脑,森林香,固体凝胶,,,,,,,
,,,,,,,,,白猫,,其他,海洋香,挂饰,,,,,,,
,,,,,,,,,威露士,,,薰衣草香,纸质香片,,,,,,,
,,,,,,,,,,,,柠檬香,其他,,,,,,,
,,,,,,,,,,,,茉莉香,,,,,,,,
,,,,,,,,,,,,玫瑰香,,,,,,,,
,,,,,,,,,,,,绿茶香,,,,,,,,
,,,,,,,,,,,,檀香,,,,,,,,
,,,,,,,,,,,,柑橘香,,,,,,,,
,,,,,,,,,,,,薄荷香,,,,,,,,
,,,,,,,,,,,,其他,,,,,,,,
,,,,,,,,,,,,,,,,,,,,
,,,,,,,,,,,,,,,,,,,,
,,,,,,,,,,,,,,,,,,,,
,,,,,,,,,,,,,,,,,,,,
,,,,,,,,,,,,,,,,,,,,
,,,,,,,,,,,,,,,,,,,,
,,,,,,,,,,,,,,,,,,,,
,,,,,,,,,,,,,,,,,,,,
,,,,,,,,,,,,,,,,,,,,
399.0,非食品,家居用品,家用清洁产品,皮革/鞋类保养品,C,"定义
专为皮革制品、鞋类设计的护理保养产品，以护理油、蜡质、滋养成分、防护剂为主要原料，可清洁、滋养、上光、防水、防老化，适用于皮鞋、皮包、皮衣、皮沙发等各类皮革表面护理，延长皮革使用寿命。
快速区分要点
适用对象：皮革制品、皮鞋、皮包、皮沙发等功能特点：清洁去污、滋养保养、上光提亮、防水护色产品形态：鞋油、护理膏、保养油、喷雾、擦拭湿巾等标签：明确标注皮革护理、鞋油、鞋类保养、上光防水等字样
一句话速记
皮革鞋类专用、滋养护色上光、标注护理保养，三者满足即为皮革 / 鞋类保养品。","鞋油、鞋蜡、皮鞋保养油、补色膏
皮革护理剂、皮衣保养乳、皮包清洁剂
小白鞋清洁剂、擦鞋湿巾、防水喷雾
皮革去污膏、滋养油、防霉护理产品","洗衣液、洗洁精、消毒液等通用清洁剂
地板蜡、家具清洁剂
洗衣粉、漂白剂、衣物去渍剂
普通抹布、百洁布、刷子等工具",蓝月亮,,清洁,,液体,,,,,,,
,,,,,,,,,立白,,滋润,,软体膏状,,,,,,,
,,,,,,,,,雕牌,,上光,,固体膏状,,,,,,,
,,,,,,,,,白猫,,防水,,喷雾铁罐,,,,,,,
,,,,,,,,,威露士,,防霉,,其他,,,,,,,
,,,,,,,,,,,修复划痕,,,,,,,,,
,,,,,,,,,,,软化,,,,,,,,,
,,,,,,,,,,,去污,,,,,,,,,
,,,,,,,,,,,增色,,,,,,,,,
,,,,,,,,,,,其他,,,,,,,,,
,,,,,,,,,,,,,,,,,,,,
,,,,,,,,,,,,,,,,,,,,
,,,,,,,,,,,,,,,,,,,,
,,,,,,,,,,,,,,,,,,,,
,,,,,,,,,,,,,,,,,,,,
,,,,,,,,,,,,,,,,,,,,
,,,,,,,,,,,,,,,,,,,,
,,,,,,,,,,,,,,,,,,,,
,,,,,,,,,,,,,,,,,,,,
,,,,,,,,,,,,,,,,,,,,
,,,,,,,,,,,,,,,,,,,,
,,,,,,,,,,,,,,,,,,,,
400.0,非食品,家居用品,家用清洁产品,家居表面清洁辅助品,B,"定义
配合家居清洁使用的辅助类用品，以纤维、海绵、塑料、胶质等为主要材质制成，不具备自主清洁去污成分，主要用于辅助擦拭、刷洗、刮水、除尘，提升清洁效率，适用于地板、玻璃、家具、厨卫等各类家居表面清洁。
快速区分要点
产品属性：无清洁化学成分，为清洁工具辅助类使用方式：配合清洁剂或直接用于擦拭、刷洗、除尘适用对象：地板、玻璃、台面、厨具、家具等家居表面产品形态：抹布、海绵、百洁布、刮水器、除尘掸、清洁刷等标签：明确标注清洁布、海绵擦、清洁刷、家居清洁工具等字样
一句话速记
无清洁成分、辅助清洁擦拭、家居表面工具类，三者满足即为家居表面清洁辅助品。","家具抛光蜡、家私蜡、地板上光蜡
静电除尘纸、除尘掸替换头
玻璃擦拭布、多用途清洁湿巾
家具防尘护理液、家电外壳清洁布","洗衣液、洗洁精、消毒液、洁厕剂
拖把、扫把、垃圾桶等清洁工具
卫浴除垢剂、厨房重油污净
空气清新剂、除湿剂、香薰类",蓝月亮,,擦拭去污,,独立装,,,,,,,
,,,,,,,,,滴露,,吸水速干,,多片装,,,,,,,
,,,,,,,,,威露士,,防刮保护,,桶装,,,,,,,
,,,,,,,,,立白,,抗菌防霉,,盒装,,,,,,,
,,,,,,,,,雕牌,,不留水痕,,袋装,,,,,,,
,,,,,,,,,,,可重复使用,,补充装,,,,,,,
,,,,,,,,,,,静电吸附,,组合套装,,,,,,,
,,,,,,,,,,,加厚耐用,,,,,,,,,
,,,,,,,,,,,其他,,,,,,,,,
,,,,,,,,,,,,,,,,,,,,
,,,,,,,,,,,,,,,,,,,,
,,,,,,,,,,,,,,,,,,,,
,,,,,,,,,,,,,,,,,,,,
,,,,,,,,,,,,,,,,,,,,
,,,,,,,,,,,,,,,,,,,,
,,,,,,,,,,,,,,,,,,,,
,,,,,,,,,,,,,,,,,,,,
,,,,,,,,,,,,,,,,,,,,
,,,,,,,,,,,,,,,,,,,,
,,,,,,,,,,,,,,,,,,,,
,,,,,,,,,,,,,,,,,,,,
,,,,,,,,,,,,,,,,,,,,
401.0,非食品,家居用品,家用手套,家用手套,C,"定义
专为家庭日常清洁、洗护及家务劳作设计，以橡胶、乳胶、丁腈、PVC 等柔性防护材质制成，具备防水、防油、防污、防滑特性，可隔离清洁剂、污渍与手部接触，保护双手，适用于厨房清洁、卫浴洗刷、洗衣洗碗等多种家务场景。
快速区分要点
材质：橡胶、乳胶、丁腈、PVC 等柔性防水材质功能特点：防水防油、防滑耐磨、隔离清洁剂、防护手部使用场景：厨房洗碗、厨卫清洁、洗衣、园艺等家务劳作标签：明确标注家用手套、洗碗手套、家务清洁手套等字样
一句话速记
家务防护专用、防水防油防滑、保护手部清洁，三者满足即为家用手套。","橡胶洗碗手套、乳胶家务手套
丁腈耐用手套、PVC 防水手套
加绒保暖家务手套、薄款防滑手套
厨房 / 卫浴 / 清洁通用家用防护手套","医用手套、检查手套
工业劳保手套、电焊 / 作业手套
皮手套、保暖时尚手套
一次性食品手套、PE 薄膜手套",茶花禧,,防水,,成对装,,,,,,,
,,,,,,,,,天龙,,防滑,,单只装,,,,,,,
,,,,,,,,,美丽雅,,耐磨,,多对装,,,,,,,
,,,,,,,,,乐扣乐扣,,耐酸碱,,盒装,,,,,,,
,,,,,,,,,宜家（IKEA）,,防烫,,袋装,,,,,,,
,,,,,,,,,,,抗菌,,,,,,,,,
,,,,,,,,,,,其他,,,,,,,,,
,,,,,,,,,,,,,,,,,,,,
,,,,,,,,,,,,,,,,,,,,
,,,,,,,,,,,,,,,,,,,,
,,,,,,,,,,,,,,,,,,,,
,,,,,,,,,,,,,,,,,,,,
,,,,,,,,,,,,,,,,,,,,
,,,,,,,,,,,,,,,,,,,,
,,,,,,,,,,,,,,,,,,,,
,,,,,,,,,,,,,,,,,,,,
,,,,,,,,,,,,,,,,,,,,
,,,,,,,,,,,,,,,,,,,,
,,,,,,,,,,,,,,,,,,,,
,,,,,,,,,,,,,,,,,,,,
,,,,,,,,,,,,,,,,,,,,
,,,,,,,,,,,,,,,,,,,,
402.0,非食品,家居用品,家用清洁产品,其他家用清洁产品,,"定义
用于家庭环境清洁、去污、保养、整理的各类日用产品，未归入卫浴清洁、厨房重油污、家居消毒、空气清新、皮革护理等明确细分品类，适用于家居各类场景的辅助清洁与日常维护。
快速区分要点
适用场景：全屋家居各类清洁、整理、维护场景品类属性：属于家用清洁类，不属于现有细分清洁品类功能用途：具备清洁、去污、除尘、整理、辅助护理等功能标签：标注家用清洁相关名称及具体使用用途
一句话速记
家居清洁用途、不属于现有细分品类、家用清洁类产品，三者满足即为其他家用清洁产品。","多用途去渍粉、去污膏、除胶剂、除锈剂
不锈钢清洁粉、家电外壳清洁剂
墙面去污剂、涂鸦擦除、家具去痕膏
一次性清洁擦、魔力擦、纳米海绵","洗衣液、洗洁精、消毒液、洁厕剂
厨房重油污净、浴室除垢剂
地板蜡、皮革护理剂、鞋油
空气清新剂、除湿防潮剂
拖把、抹布、百洁布等清洁工具",蓝月亮,,去污,,瓶装,,,,,,,
,,,,,,,,,立白,,除菌,,喷雾装,,,,,,,
,,,,,,,,,雕牌,,消毒,,袋装,,,,,,,
,,,,,,,,,白猫,,除臭,,盒装,,,,,,,
,,,,,,,,,威露士,,防霉,,罐装,,,,,,,
,,,,,,,,,,,抛光,,替换装,,,,,,,
,,,,,,,,,,,疏通,,一次性使用装,,,,,,,
,,,,,,,,,,,防水,,其他,,,,,,,
,,,,,,,,,,,防静电,,,,,,,,,
,,,,,,,,,,,预处理,,,,,,,,,
,,,,,,,,,,,增香,,,,,,,,,
,,,,,,,,,,,其他,,,,,,,,,
,,,,,,,,,,,,,,,,,,,,
,,,,,,,,,,,,,,,,,,,,
,,,,,,,,,,,,,,,,,,,,
,,,,,,,,,,,,,,,,,,,,
,,,,,,,,,,,,,,,,,,,,
,,,,,,,,,,,,,,,,,,,,
,,,,,,,,,,,,,,,,,,,,
,,,,,,,,,,,,,,,,,,,,
,,,,,,,,,,,,,,,,,,,,
,,,,,,,,,,,,,,,,,,,,
403.0,非食品,家居用品,垃圾桶/垃圾袋,垃圾桶,C,"定义
专为家居、办公等室内环境收纳生活垃圾设计，以塑料、金属、不锈钢、竹木质等为主要材质，经成型加工制成的开放式或带盖收纳容器，用于分类存放垃圾，保持环境整洁，适用于客厅、厨房、卫生间、卧室等场景。
快速区分要点
材质：塑料、金属、不锈钢、竹木质等硬质成型材质结构特点：带开口或翻盖设计，用于收纳存放生活垃圾使用场景：家居室内、厨房、卫生间、客厅、办公室等标签：明确标注垃圾桶、废纸篓、分类垃圾桶等字样
一句话速记
室内垃圾收纳、硬质成型容器、带开口或翻盖，三者满足即为垃圾桶。","家用塑料垃圾桶、不锈钢垃圾桶
脚踏式垃圾桶、感应自动垃圾桶
厨房大号垃圾桶、卫生间小号垃圾桶
分类垃圾桶、带盖防臭垃圾桶","垃圾袋、抽绳垃圾袋、保鲜袋
收纳箱、储物盒、脏衣篮
工业垃圾桶、大型户外环卫桶
拖把、扫把、清洁工具类",茶花禧,,普通收纳型,,缠绕膜,,,,,,,
,,,,,,,,,天龙,,感应开盖型,,彩盒包装,,,,,,,
,,,,,,,,,美丽雅,,脚踏开盖型,,,,,,,,,
,,,,,,,,,乐扣乐扣,,按压开盖型,,,,,,,,,
,,,,,,,,,宜家（IKEA）,,分类垃圾桶,,,,,,,,,
,,,,,,,,,,,干湿分离型,,,,,,,,,
,,,,,,,,,,,密封防臭型,,,,,,,,,
,,,,,,,,,,,带盖防尘型,,,,,,,,,
,,,,,,,,,,,壁挂式,,,,,,,,,
,,,,,,,,,,,脚踏静音型,,,,,,,,,
,,,,,,,,,,,自动打包型,,,,,,,,,
,,,,,,,,,,,智能感应型,,,,,,,,,
,,,,,,,,,,,大容量收纳型,,,,,,,,,
,,,,,,,,,,,车载专用型,,,,,,,,,
,,,,,,,,,,,卫生间专用型,,,,,,,,,
,,,,,,,,,,,厨房专用型,,,,,,,,,
,,,,,,,,,,,办公家用型,,,,,,,,,
,,,,,,,,,,,移动带轮型,,,,,,,,,
,,,,,,,,,,,夹缝窄型,,,,,,,,,
,,,,,,,,,,,,,,,,,,,,
,,,,,,,,,,,,,,,,,,,,
,,,,,,,,,,,,,,,,,,,,
404.0,非食品,家居用品,垃圾桶/垃圾袋,垃圾袋,C,"定义
以聚乙烯（PE）等塑料原料为基材，经吹膜、裁切、热封制成的一次性柔性包装袋，具有承重、防漏、韧性好等特点，用于包裹、收纳生活垃圾，便于垃圾清运与保持环境清洁，适用于家庭、办公等各类室内场景。
快速区分要点
材质：聚乙烯 PE 等柔性塑料薄膜功能特点：承重收纳、防漏防污、一次性使用、易扎口使用场景：配合垃圾桶使用，收纳厨房、客厅、卫生间等生活垃圾标签：明确标注垃圾袋、加厚垃圾袋、家用垃圾袋等字样
一句话速记
塑料柔性材质、收纳包裹垃圾、配合垃圾桶使用，三者满足即为垃圾袋。","家用平口垃圾袋、抽绳垃圾袋
加厚垃圾袋、背心式垃圾袋
厨房大号垃圾袋、卫生间小号垃圾袋
可降解垃圾袋、彩色分类垃圾袋","垃圾桶、收纳桶
保鲜袋、食品袋、塑料袋
快递袋、包装袋
清洁布、拖把等清洁用品",茶花禧,,提手,,卷筒式,,,,,,,
,,,,,,,,,天龙,,抽绳,,抽取式,,,,,,,
,,,,,,,,,美丽雅,,,,,,,,,,,
,,,,,,,,,乐扣乐扣,,,,,,,,,,,
,,,,,,,,,宜家（IKEA）,,,,,,,,,,,
,,,,,,,,,,,,,,,,,,,,
,,,,,,,,,,,,,,,,,,,,
,,,,,,,,,,,,,,,,,,,,
,,,,,,,,,,,,,,,,,,,,
,,,,,,,,,,,,,,,,,,,,
,,,,,,,,,,,,,,,,,,,,
,,,,,,,,,,,,,,,,,,,,
,,,,,,,,,,,,,,,,,,,,
,,,,,,,,,,,,,,,,,,,,
,,,,,,,,,,,,,,,,,,,,
,,,,,,,,,,,,,,,,,,,,
,,,,,,,,,,,,,,,,,,,,
,,,,,,,,,,,,,,,,,,,,
,,,,,,,,,,,,,,,,,,,,
,,,,,,,,,,,,,,,,,,,,
,,,,,,,,,,,,,,,,,,,,
,,,,,,,,,,,,,,,,,,,,
405.0,非食品,家居用品,宠物主粮,猫粮,B,"定义
专为家养猫咪设计的全价或配方主粮，以肉类蛋白、谷物、果蔬、维生素及矿物质等为主要原料，经科学配比、膨化或烘焙工艺制成，可满足猫咪日常生长、维持所需全面营养，适用于幼猫、成猫、老年猫等不同阶段食用。
快速区分要点
适用对象：专用于家猫，含幼猫、成猫、老年猫营养特点：含动物蛋白、牛磺酸等猫咪必需营养，配方均衡产品形态：干粮、冻干、烘焙粮、湿粮主粮等标签：明确标注猫粮、全价猫粮、适用年龄段等信息
一句话速记
猫咪专用、营养均衡主粮、标注猫粮字样，三者满足即为猫粮。","幼猫粮、成猫粮、全价猫粮、老年猫粮
冻干猫粮、烘焙粮、膨化猫粮、主食罐
功能处方粮（肠胃、泌尿道、体重管理等）
无谷猫粮、鲜肉猫粮、奶糕粮","幼猫粮、成猫粮、全价猫粮、老年猫粮
冻干猫粮、烘焙粮、膨化猫粮、主食罐
功能处方粮（肠胃、泌尿道、体重管理等）
无谷猫粮、鲜肉猫粮、奶糕粮",皇家,,全价全期,鸡肉味,袋装（干粮）,,,,,,,
,,,,,,,,,渴望 ,,幼猫专用,鱼肉味,罐装（湿粮）,,,,,,,
,,,,,,,,,爱肯拿 ,,成猫专用,牛肉味,铝箔餐包,,,,,,,
,,,,,,,,,伟嘉 ,,老年猫专用,三文鱼味,桶装（干粮/冻干）,,,,,,,
,,,,,,,,,妙多乐 ,,体重管理,鸭肉味,盒装（湿粮/冻干）,,,,,,,
,,,,,,,,,,,肠胃呵护,金枪鱼味,条带装,,,,,,,
,,,,,,,,,,,泌尿健康,羊肉味,,,,,,,,
,,,,,,,,,,,美毛亮毛,鹿肉味,,,,,,,,
,,,,,,,,,,,其他,其他,,,,,,,,
,,,,,,,,,,,,,,,,,,,,
,,,,,,,,,,,,,,,,,,,,
,,,,,,,,,,,,,,,,,,,,
,,,,,,,,,,,,,,,,,,,,
,,,,,,,,,,,,,,,,,,,,
,,,,,,,,,,,,,,,,,,,,
,,,,,,,,,,,,,,,,,,,,
,,,,,,,,,,,,,,,,,,,,
,,,,,,,,,,,,,,,,,,,,
,,,,,,,,,,,,,,,,,,,,
,,,,,,,,,,,,,,,,,,,,
,,,,,,,,,,,,,,,,,,,,
,,,,,,,,,,,,,,,,,,,,
406.0,非食品,家居用品,宠物主粮,狗粮,B,"定义
专为家养犬只设计的全价营养主粮，以畜禽鱼肉、谷物、膳食纤维、维生素及矿物质等为主要原料，经科学配比、膨化或烘焙工艺制成，能满足狗狗日常生长、活动及健康所需全面营养，适用于幼犬、成犬、老年犬及不同体型犬只食用。
快速区分要点
适用对象：专用于家犬，含幼犬、成犬、老年犬及大小型犬营养特点：动物蛋白充足、营养配比均衡，符合犬类生理需求产品形态：膨化干粮、烘焙粮、软粮、冻干粮等主粮类标签：明确标注狗粮、全价狗粮、适用犬龄及体型等信息
一句话速记
狗狗专用、营养均衡主粮、标注狗粮字样，三者满足即为狗粮。","幼犬粮、成犬粮、老年犬粮、全价犬粮
小型犬粮、大型犬粮、通用型狗粮
无谷狗粮、鲜肉狗粮、烘焙粮、膨化粮
犬用处方粮、主食罐头、主食冻干","犬零食（肉干、磨牙棒、咬胶、零食罐头）
宠物营养品、钙片、益生菌、卵磷脂
猫粮、兔粮、仓鼠粮等其他宠物主粮
狗窝、狗绳、宠物玩具、清洁用品",皇家,,全价全期,鸡肉味,袋装（膨化干粮）,,,,,,,
,,,,,,,,,渴望 ,,幼犬专用,牛肉味,罐装（湿粮）,,,,,,,
,,,,,,,,,爱肯拿 ,,成犬专用,鱼肉味,盒装（湿粮/半湿粮）,,,,,,,
,,,,,,,,,伟嘉 ,,老年犬专用,鸭肉味,桶装（干粮）,,,,,,,
,,,,,,,,,妙多乐 ,,小型犬专用,羊肉味,条带装,,,,,,,
,,,,,,,,,,,大型犬专用,三文鱼味,,,,,,,,
,,,,,,,,,,,体重管理,鹿肉味,,,,,,,,
,,,,,,,,,,,美毛亮肤,果蔬味,,,,,,,,
,,,,,,,,,,,肠胃呵护,其他,,,,,,,,
,,,,,,,,,,,关节护理,,,,,,,,,
,,,,,,,,,,,口腔健康,,,,,,,,,
,,,,,,,,,,,其他,,,,,,,,,
,,,,,,,,,,,,,,,,,,,,
,,,,,,,,,,,,,,,,,,,,
,,,,,,,,,,,,,,,,,,,,
,,,,,,,,,,,,,,,,,,,,
,,,,,,,,,,,,,,,,,,,,
,,,,,,,,,,,,,,,,,,,,
,,,,,,,,,,,,,,,,,,,,
,,,,,,,,,,,,,,,,,,,,
,,,,,,,,,,,,,,,,,,,,
,,,,,,,,,,,,,,,,,,,,
407.0,非食品,家居用品,宠物主粮,其他宠物主粮,,"定义
专为猫、狗以外的各类家养宠物设计的营养主粮，以对应宠物所需的蛋白质、纤维、维生素、矿物质等为原料，经科学配比加工制成，可满足小宠日常生长、健康所需营养，适用于仓鼠、兔子、龙猫、鸟类、爬宠、鱼类等多种宠物食用。
快速区分要点
适用对象：非猫狗类小宠、鸟类、鱼类、爬宠等各类宠物营养特点：按不同物种生理需求配比，满足主食营养需求产品形态：颗粒粮、谷物粮、合成粮、饲料块、专用饵料等标签：明确标注对应宠物名称、主粮 / 饲料及适用物种
一句话速记
非猫狗宠物专用、主食营养供给、标注对应宠物主粮，三者满足即为其他宠物主粮。","全价小宠主粮（兔粮、仓鼠粮、龙猫粮、鸟粮等）
通用型宠物主粮、混合型主粮
特殊配方主粮、处方类主食主粮
其他未列明的全价宠物主食","常规猫粮、犬粮、主食罐头
宠物零食、肉干、冻干、磨牙棒
宠物保健品、营养膏、化毛膏、益生菌
宠物日用品、猫砂、笼具、玩具
人用粮食、食品、饲料原料",皇家,,全面营养,原味,袋装,,,,,,,
,,,,,,,,,渴望 ,,促进消化,肉味,罐装,,,,,,,
,,,,,,,,,爱肯拿 ,,增强免疫力,海鲜味,桶装,,,,,,,
,,,,,,,,,伟嘉 ,,美毛护肤,谷物味,盒装,,,,,,,
,,,,,,,,,妙多乐 ,,骨骼健康,蔬菜味,条装,,,,,,,
,,,,,,,,,,,控制体重,水果味,其他,,,,,,,
,,,,,,,,,,,牙齿清洁,奶香味,,,,,,,,
,,,,,,,,,,,泌尿健康,其他,,,,,,,,
,,,,,,,,,,,其他,,,,,,,,,
,,,,,,,,,,,,,,,,,,,,
,,,,,,,,,,,,,,,,,,,,
,,,,,,,,,,,,,,,,,,,,
,,,,,,,,,,,,,,,,,,,,
,,,,,,,,,,,,,,,,,,,,
,,,,,,,,,,,,,,,,,,,,
,,,,,,,,,,,,,,,,,,,,
,,,,,,,,,,,,,,,,,,,,
,,,,,,,,,,,,,,,,,,,,
,,,,,,,,,,,,,,,,,,,,
,,,,,,,,,,,,,,,,,,,,
,,,,,,,,,,,,,,,,,,,,
,,,,,,,,,,,,,,,,,,,,
408.0,非食品,家居用品,宠物零食,宠物零食,C,"定义
专为宠物设计的非主食类饲喂产品，以肉类、冻干、奶酪、谷物、果蔬等为主要原料，经烘干、烘焙、挤压或冻干工艺制成，用于奖励、互动、磨牙及口味调剂，不承担全面营养供给，适用于犬、猫及各类小宠物食用。
快速区分要点
产品属性：非主粮，用于奖励、磨牙、互动、解馋功能特点：口味丰富、适口性好，部分具备磨牙洁齿作用适用对象：犬类、猫类及其他各类家养宠物产品形态：肉干、冻干、磨牙棒、饼干、肉条、小食粒等标签：明确标注宠物零食、犬零食、猫零食、磨牙零食等字样
一句话速记
宠物非主食、奖励互动磨牙用、标注宠物零食，三者满足即为宠物零食。","肉干、肉条、冻干零食、磨牙棒、咬胶
猫条、布丁、饼干、小零食、洁齿零食
宠物奖励零食、训练用小零食
各类风味宠物休闲零食","宠物主粮、全价猫粮狗粮、主食罐头
宠物保健品、营养膏、化毛膏、益生菌
宠物药品、驱虫药、皮肤病药物
宠物日用品、猫砂、玩具、窝垫
人用零食、食品",皇家,,洁齿磨牙,鸡肉味,袋装,,,,,,,
,,,,,,,,,渴望 ,,营养补充,牛肉味,条装,,,,,,,
,,,,,,,,,爱肯拿 ,,行为奖励,鸭肉味,罐装,,,,,,,
,,,,,,,,,伟嘉 ,,美毛护肤,鱼肉味,桶装,,,,,,,
,,,,,,,,,妙多乐 ,,补钙健骨,羊肉味,盒装,,,,,,,
,,,,,,,,,,,肠胃调理,芝士味,其他,,,,,,,
,,,,,,,,,,,关节护理,蛋黄味,,,,,,,,
,,,,,,,,,,,增强免疫,奶香味,,,,,,,,
,,,,,,,,,,,去泪痕,果蔬味,,,,,,,,
,,,,,,,,,,,口腔清新,肝脏味,,,,,,,,
,,,,,,,,,,,其他,其他,,,,,,,,
,,,,,,,,,,,,,,,,,,,,
,,,,,,,,,,,,,,,,,,,,
,,,,,,,,,,,,,,,,,,,,
,,,,,,,,,,,,,,,,,,,,
,,,,,,,,,,,,,,,,,,,,
,,,,,,,,,,,,,,,,,,,,
,,,,,,,,,,,,,,,,,,,,
,,,,,,,,,,,,,,,,,,,,
,,,,,,,,,,,,,,,,,,,,
,,,,,,,,,,,,,,,,,,,,
,,,,,,,,,,,,,,,,,,,,
409.0,非食品,家居用品,宠物保健品,宠物保健品,C,"定义
专为犬、猫及各类宠物设计的营养补充类产品，以维生素、矿物质、益生菌、鱼油、卵磷脂、关节养护成分等为主要原料，经科学配比制成，用于辅助改善宠物体质、呵护关节、调理肠胃、美毛护毛，不替代主粮，适用于日常保健与体质调理。
快速区分要点
产品属性：非主粮非零食，属于营养补充与保健类功能特点：补充营养、调理肠胃、美毛、护关节、增强体质适用对象：犬、猫及常见家养宠物产品形态：片剂、粉剂、胶囊、营养膏、口服液、软颗粒等标签：明确标注宠物保健品、营养补充、肠胃调理、美毛等字样
一句话速记
宠物营养补充、非主粮非零食、用于日常保健调理，三者满足即为宠物保健品。","宠物维生素片、微量元素片、营养膏、化毛膏
益生菌、肠胃调理粉、羊奶粉、鱼油、卵磷脂
关节养护素、钙粉、蛋白粉、美毛粉
宠物补血膏、赖氨酸、牛磺酸等营养保健品","宠物药品、驱虫药、疫苗、处方药
宠物主粮、零食、罐头、冻干
宠物日用品（猫砂、尿垫、窝垫、玩具）
宠物洗护用品、香波、护毛素
人用保健品、药品",皇家,,关节保护,牛肉味,瓶装（片剂/胶囊）,,,,,,,
,,,,,,,,,渴望 ,,皮毛健康,鸡肉味,袋装（粉剂）,,,,,,,
,,,,,,,,,爱肯拿 ,,肠胃调理（益生菌）,鱼肉味,软管装（膏状）,,,,,,,
,,,,,,,,,伟嘉 ,,综合维生素,奶香味,滴管瓶（液体）,,,,,,,
,,,,,,,,,妙多乐 ,,补钙强骨,原味 ,盒装（独立条状/小袋）,,,,,,,
,,,,,,,,,,,明目护眼,其他,罐装,,,,,,,
,,,,,,,,,,,增强免疫,,其他,,,,,,,
,,,,,,,,,,,口腔清洁,,,,,,,,,
,,,,,,,,,,,心脏健康,,,,,,,,,
,,,,,,,,,,,泌尿健康,,,,,,,,,
,,,,,,,,,,,抗应激舒缓,,,,,,,,,
,,,,,,,,,,,鱼油美毛,,,,,,,,,
,,,,,,,,,,,排毛化毛,,,,,,,,,
,,,,,,,,,,,其他,,,,,,,,,
,,,,,,,,,,,,,,,,,,,,
,,,,,,,,,,,,,,,,,,,,
,,,,,,,,,,,,,,,,,,,,
,,,,,,,,,,,,,,,,,,,,
,,,,,,,,,,,,,,,,,,,,
,,,,,,,,,,,,,,,,,,,,
,,,,,,,,,,,,,,,,,,,,
,,,,,,,,,,,,,,,,,,,,
410.0,非食品,家居用品,消毒水,消毒水,B,"定义
以乙醇、次氯酸钠、碘伏、季铵盐类等杀菌成分为主要原料，经科学配比制成的液体消毒剂，可杀灭或清除传播媒介上的病原微生物，使其达到无害化处理，适用于皮肤、黏膜、物体表面、环境等消毒，使用时需按说明稀释或直接使用。
快速区分要点
形态：液态制剂，瓶装或分装液体，非湿巾、非固体
成分：含明确消毒杀菌有效成分，具备杀菌、抑菌、灭活病毒作用
用途：用于皮肤消毒、伤口处理、家居环境及物品表面消毒
标签：明确标注消毒药水、消毒液、碘伏、酒精消毒液、医用消毒等字样，标明使用范围与注意事项
一句话速记
液态消毒制剂、含杀菌有效成分、用于皮肤或环境物品消毒，三者满足即为消毒药水。","医用酒精、碘伏、碘酒
过氧化氢（双氧水）、苯扎溴铵溶液
家用季铵盐类消毒液、氯己定消毒液
皮肤黏膜消毒水、创面清洁消毒水剂","84 消毒液、漂白水、含氯大面积环境消毒液
衣物除菌液、地板清洁剂、厨房消毒剂
气雾剂类消毒喷雾、消毒湿巾
抗生素药膏、外用软膏、凝胶
生理盐水、洗鼻液、护肤品",蓝月亮,,杀菌消毒,,塑料瓶装,,,,,,,
,,,,,,,,,滴露,,清洁消毒,,玻璃瓶装,,,,,,,
,,,,,,,,,威露士,,预防感染,,喷雾瓶装,,,,,,,
,,,,,,,,,立白,,洁净卫生,,棉签 / 棉片独立包装,,,,,,,
,,,,,,,,,雕牌,,其他,,桶装 / 大容量装,,,,,,,
,,,,,,,,,,,,,,,,,,,,
,,,,,,,,,,,,,,,,,,,,
,,,,,,,,,,,,,,,,,,,,
,,,,,,,,,,,,,,,,,,,,
,,,,,,,,,,,,,,,,,,,,
,,,,,,,,,,,,,,,,,,,,
,,,,,,,,,,,,,,,,,,,,
,,,,,,,,,,,,,,,,,,,,
,,,,,,,,,,,,,,,,,,,,
,,,,,,,,,,,,,,,,,,,,
,,,,,,,,,,,,,,,,,,,,
,,,,,,,,,,,,,,,,,,,,
,,,,,,,,,,,,,,,,,,,,
,,,,,,,,,,,,,,,,,,,,
,,,,,,,,,,,,,,,,,,,,
,,,,,,,,,,,,,,,,,,,,
,,,,,,,,,,,,,,,,,,,,
411.0,非食品,家居用品,厨房包装类用品,保鲜袋,B,"定义
以聚乙烯（PE）等食品接触级塑料为原料，经吹膜、裁切、热封制成的柔性薄型包装袋，安全无毒、密封性好，主要用于食物分装、保鲜、防串味及冷藏冷冻，适用于厨房食材、熟食、果蔬等包装储存。
快速区分要点
材质：PE 等食品级安全塑料薄膜，柔韧无异味
功能特点：密封保鲜、防漏防串味、可冷藏冷冻、一次性使用
使用场景：厨房食材分装、熟食保鲜、果蔬收纳、冰箱储存
标签：明确标注保鲜袋、食品用、加厚、冰箱可用等字样
一句话速记
食品级塑料材质、厨房食物保鲜收纳、密封防串味，三者满足即为保鲜袋。","平口保鲜袋、背心式保鲜袋
抽取式保鲜袋、大中小号保鲜袋
食品分装袋、冰箱专用保鲜袋
加厚、食品级一次性保鲜袋","密封密实袋、自封袋、拉链袋
保鲜膜、铝箔纸、烘焙油纸
一次性餐盒、打包盒
垃圾袋、收纳袋、购物袋
厨房清洁用品、厨具餐具",茶花禧,,保鲜,,卷装,,,,,,,
,,,,,,,,,天龙,,防潮,,盒装,,,,,,,
,,,,,,,,,美丽雅,,隔离污染,,自封袋,,,,,,,
,,,,,,,,,乐扣乐扣,,其他,,,,,,,,,
,,,,,,,,,宜家 ,,,,,,,,,,,
,,,,,,,,,,,,,,,,,,,,
,,,,,,,,,,,,,,,,,,,,
,,,,,,,,,,,,,,,,,,,,
,,,,,,,,,,,,,,,,,,,,
,,,,,,,,,,,,,,,,,,,,
,,,,,,,,,,,,,,,,,,,,
,,,,,,,,,,,,,,,,,,,,
,,,,,,,,,,,,,,,,,,,,
,,,,,,,,,,,,,,,,,,,,
,,,,,,,,,,,,,,,,,,,,
,,,,,,,,,,,,,,,,,,,,
,,,,,,,,,,,,,,,,,,,,
,,,,,,,,,,,,,,,,,,,,
,,,,,,,,,,,,,,,,,,,,
,,,,,,,,,,,,,,,,,,,,
,,,,,,,,,,,,,,,,,,,,
,,,,,,,,,,,,,,,,,,,,
412.0,非食品,家居用品,厨房包装类用品,保鲜纸/保鲜膜,A,"定义
用于包裹或覆盖食物以隔绝空气、延缓氧化和水分流失的薄膜状一次性材料，通常由聚乙烯（PE）、聚氯乙烯（PVC）或聚偏二氯乙烯（PVDC）制成，厚度8–15微米，依靠静电或微粘性贴合容器或食品表面，常见卷筒附带锯齿刀片或预裁单片包装，适用于常温或冷藏短期保鲜场景。

快速判断一句话
包裹食物、密封保鲜、一次性膜 / 纸类 = 保鲜膜 / 保鲜纸。","1. 保鲜膜（PE 保鲜膜、食品保鲜膜）
2. 点断式保鲜膜
3. 带切割器保鲜膜
4. 保鲜纸、烘焙纸、烤箱纸（部分商超归为同一大类）
5. 家用 / 商用大卷保鲜膜","1. 保鲜袋、密封袋、自封袋
2. 铝箔纸、锡纸
3. 厨房用纸、吸油纸
4. 一次性餐盒、保鲜盒
5. 垃圾袋、塑料袋
6. 烘焙油纸以外的包装纸",茶花禧,PE保鲜膜,保鲜,,卷装（带纸盒 / 切割器）,,,,,,,
,,,,,,,,,天龙,PVC保鲜膜,锁水,,点断式袋装,,,,,,,
,,,,,,,,,美丽雅,PVDC保鲜膜,防串味,,单卷装、多卷组合装,,,,,,,
,,,,,,,,,乐扣乐扣,可降解环保保鲜膜,耐高温,,商用大卷简装,,,,,,,
,,,,,,,,,宜家 ,,可微波,,,,,,,,,
,,,,,,,,,,,可冷藏,,,,,,,,,
,,,,,,,,,,,防油,,,,,,,,,
,,,,,,,,,,,防水,,,,,,,,,
,,,,,,,,,,,食品接触,,,,,,,,,
,,,,,,,,,,,韧性强,,,,,,,,,
,,,,,,,,,,,易撕拉,,,,,,,,,
,,,,,,,,,,,无异味,,,,,,,,,
,,,,,,,,,,,一次性,,,,,,,,,
,,,,,,,,,,,密封,,,,,,,,,
,,,,,,,,,,,抑菌,,,,,,,,,
,,,,,,,,,,,可降解,,,,,,,,,
,,,,,,,,,,,厨房专用,,,,,,,,,
,,,,,,,,,,,果蔬保鲜,,,,,,,,,
,,,,,,,,,,,熟食保鲜,,,,,,,,,
,,,,,,,,,,,其他,,,,,,,,,
,,,,,,,,,,,,,,,,,,,,
,,,,,,,,,,,,,,,,,,,,
413.0,非食品,家居用品,厨房包装类用品,铝箔纸,C,"定义
以金属铝为原料经压延制成的薄片状包装用品，具有耐高温、隔氧、遮光、防潮保鲜、导热均匀等特性，可用于食品包裹、烧烤烘焙、烤箱加热、食材保鲜及防油防渗，适用于厨房烹饪、食材储存与餐具防护。
快速区分要点
材质：金属铝压延薄片，银灰色，柔韧可塑形
功能特点：耐高温、隔热保温、密封保鲜、防油防渗、可直接接触食品
使用场景：烤箱烘焙、烧烤包裹、食材保鲜、餐盘防污、冰箱储存
标签：明确标注铝箔纸、锡纸、食品用、烤箱可用、烧烤专用等字样
一句话速记
金属铝质薄片、耐高温可包裹、用于厨房烹饪与食材保鲜，三者满足即为铝箔纸。","家用卷装铝箔纸、锡纸
加厚型、耐高温型铝箔纸
烧烤用、烤箱用、空气炸锅用铝箔纸
食品保鲜、密封包裹用铝箔纸","保鲜膜、保鲜袋、密封袋
烘焙油纸、硅油纸、空气炸锅纸盘
一次性餐盒、打包盒、厨房垃圾袋
厨房清洁用品、厨具锅具餐具
工业用铝箔、加厚金属板材",茶花禧,,烧烤烘焙型,,卷筒式,,,,,,,
,,,,,,,,,天龙,,空气炸锅专用型,,抽取式盒装,,,,,,,
,,,,,,,,,美丽雅,,烤箱耐高温型,,一次性铝箔盘/碗/盒,,,,,,,
,,,,,,,,,乐扣乐扣,,食品保鲜型,,,,,,,,,
,,,,,,,,,宜家（IKEA）,,包裹锁水型,,,,,,,,,
,,,,,,,,,,,防油防粘型,,,,,,,,,
,,,,,,,,,,,保温隔热型,,,,,,,,,
,,,,,,,,,,,锡纸蒸笼型,,,,,,,,,
,,,,,,,,,,,锡纸盘型,,,,,,,,,
,,,,,,,,,,,加厚强韧型,,,,,,,,,
,,,,,,,,,,,家用常规型,,,,,,,,,
,,,,,,,,,,,其他,,,,,,,,,
,,,,,,,,,,,,,,,,,,,,
,,,,,,,,,,,,,,,,,,,,
,,,,,,,,,,,,,,,,,,,,
,,,,,,,,,,,,,,,,,,,,
,,,,,,,,,,,,,,,,,,,,
,,,,,,,,,,,,,,,,,,,,
,,,,,,,,,,,,,,,,,,,,
,,,,,,,,,,,,,,,,,,,,
,,,,,,,,,,,,,,,,,,,,
,,,,,,,,,,,,,,,,,,,,
414.0,非食品,家居用品,厨房包装类用品,其他厨房包装类用品,,"定义
用于厨房食材保鲜、包裹、分装、密封、收纳的包装类用品，未归入保鲜袋、保鲜膜、铝箔纸等细分品类，采用食品接触安全材质制作，主要用于食物防护、防串味、防潮及便捷分装，满足厨房日常储存与烹饪辅助需求。
快速区分要点
产品属性：厨房专用包装 / 密封 / 包裹类用品，不属于保鲜袋、保鲜膜、铝箔纸
材质特点：多为食品接触级材质，安全卫生，适用于食材接触
功能用途：食材分装、密封保鲜、包裹防油、防潮防串味、烹饪辅助等
产品形态：密封袋、密实袋、油纸、硅油纸、一次性餐盒、保鲜膜套等
一句话速记
厨房包装用途、食品接触安全、不属于常见细分包装类，三者满足即为其他厨房包装类用品。","食品级密封袋、密实袋、自封袋
食物分装袋、辅食分装袋、冷冻收纳袋
烘焙油纸、硅油纸、空气炸锅专用纸
一次性餐盒、食品打包盒、保鲜盒配套盖
厨房用缠绕膜、束口保鲜袋、防尘罩
其他未列明的厨房食品包装、收纳、包裹用品","保鲜膜、保鲜袋、铝箔纸 / 锡纸
垃圾袋、垃圾桶、收纳箱
厨房清洁剂、百洁布、抹布
餐具、锅具、厨具、厨房小家电
食品本身、调味品、食材原料
工业包装、重型打包材料",茶花禧,,,,卷筒式,,,,,,,
,,,,,,,,,天龙,,,,抽取式盒装,,,,,,,
,,,,,,,,,美丽雅,,,,一次性铝箔盘/碗/盒,,,,,,,
,,,,,,,,,乐扣乐扣,,,,袋装,,,,,,,
,,,,,,,,,宜家（IKEA）,,,,,,,,,,,
,,,,,,,,,,,,,,,,,,,,
,,,,,,,,,,,,,,,,,,,,
,,,,,,,,,,,,,,,,,,,,
,,,,,,,,,,,,,,,,,,,,
,,,,,,,,,,,,,,,,,,,,
,,,,,,,,,,,,,,,,,,,,
,,,,,,,,,,,,,,,,,,,,
,,,,,,,,,,,,,,,,,,,,
,,,,,,,,,,,,,,,,,,,,
,,,,,,,,,,,,,,,,,,,,
,,,,,,,,,,,,,,,,,,,,
,,,,,,,,,,,,,,,,,,,,
,,,,,,,,,,,,,,,,,,,,
,,,,,,,,,,,,,,,,,,,,
,,,,,,,,,,,,,,,,,,,,
,,,,,,,,,,,,,,,,,,,,
,,,,,,,,,,,,,,,,,,,,
415.0,非食品,家居用品,电池,电池,B,"定义
将化学能、光能或其他形式能量直接转化为电能的便携式直流电源制品，采用金属、电解质、电极材料等制成，具备储电、放电功能，可为遥控器、玩具、小家电、数码产品、应急设备等供电，适用于家庭日常及各类电子设备使用。
快速区分要点
产品形态：圆柱形、纽扣形、方形等硬质独立供电单元
功能特点：储存并输出电能，一次性使用或可充电循环使用
常见类型：干电池（碳性、碱性）、充电电池、纽扣电池、锂电池等
适用场景：家用遥控器、钟表、玩具、手电筒、小家电、数码配件等
标签：明确标注电池、碱性电池、充电电池、纽扣电池、电压规格等字样
一句话速记
便携式独立供电单元、储存输出电能、用于家用电子设备供电，三者满足即为电池。","5 号、7 号、1 号、2 号等圆柱形干电池
碱性电池、碳性电池、锂锰干电池
可充电镍氢电池、锂电池（家用消费级）
纽扣电池、扣式电池（遥控器、钟表用）
玩具、小家电专用配套电池","手机内置锂电池、笔记本电脑电池
电动车电瓶、汽车蓄电池、铅酸电池
太阳能电池板、储能电源、移动电源
工业用大型动力电池、特种军工电池
带充电功能的充电器、充电底座",南孚,,高容量,,板装,,,,,,,
,,,,,,,,,金霸王（Duracell）,,长续航,,简易热塑薄膜装,,,,,,,
,,,,,,,,,松下（Panasonic）,,快速充电,,其他,,,,,,,
,,,,,,,,,超霸（GP）,,耐低温,,,,,,,,,
,,,,,,,,,双鹿,,防漏液,,,,,,,,,
,,,,,,,,,,,高功率,,,,,,,,,
,,,,,,,,,,,环保,,,,,,,,,
,,,,,,,,,,,安全防爆,,,,,,,,,
,,,,,,,,,,,可充电,,,,,,,,,
,,,,,,,,,,,其他,,,,,,,,,
,,,,,,,,,,,,,,,,,,,,
,,,,,,,,,,,,,,,,,,,,
,,,,,,,,,,,,,,,,,,,,
,,,,,,,,,,,,,,,,,,,,
,,,,,,,,,,,,,,,,,,,,
,,,,,,,,,,,,,,,,,,,,
,,,,,,,,,,,,,,,,,,,,
,,,,,,,,,,,,,,,,,,,,
,,,,,,,,,,,,,,,,,,,,
,,,,,,,,,,,,,,,,,,,,
,,,,,,,,,,,,,,,,,,,,
,,,,,,,,,,,,,,,,,,,,
416.0,非食品,家居用品,驱蚊虫剂,电热蚊香液/片,B,"定义
通过电加热方式释放驱蚊、灭蚊有效成分的家用卫生杀虫用品，采用恒温加热原理，使药剂均匀挥发，达到驱避、灭杀蚊虫效果，安全温和，适用于家庭、宿舍、办公室等室内环境使用。
快速区分要点
使用方式：需搭配电热蚊香加热器通电加热使用
产品形态：瓶装液体蚊香、片状蚊香片
功能特点：持续挥发药效，长效驱蚊、灭蚊，无烟无明火
适用场景：卧室、客厅、书房等室内密闭或半密闭空间
一句话速记
需通电加热挥发药剂、室内专用驱蚊灭蚊、为电热式蚊香液或蚊香片，即为电热蚊香液 / 片。","电热蚊香液（含补充液、套装带加热器）
电热蚊香片（普通片、无味片、清香型片）
无香型、清香型、艾草香型等各类电热蚊香液 / 片
婴儿孕妇适用型低毒电热蚊香液 / 片","点燃式盘式蚊香、驱蚊香薰
喷雾型杀虫剂、杀虫气雾剂
驱蚊贴、驱蚊手环、驱蚊液（涂抹型）
电蚊拍、灭蚊灯等物理灭蚊产品
户外驱蚊液、野外驱虫剂、兽用驱虫产品",雷达（Raid）,,驱蚊,,瓶装,,,,,,,
,,,,,,,,,榄菊,,长效防护,,其他,,,,,,,
,,,,,,,,,超威,,无烟无味,,独立小包装,,,,,,,
,,,,,,,,,枪手,,儿童孕妇适用,,袋装（多片装）,,,,,,,
,,,,,,,,,,,环保配方,,,,,,,,,
,,,,,,,,,,,其他,,,,,,,,,
,,,,,,,,,,,,,,,,,,,,
,,,,,,,,,,,,,,,,,,,,
,,,,,,,,,,,,,,,,,,,,
,,,,,,,,,,,,,,,,,,,,
,,,,,,,,,,,,,,,,,,,,
,,,,,,,,,,,,,,,,,,,,
,,,,,,,,,,,,,,,,,,,,
,,,,,,,,,,,,,,,,,,,,
,,,,,,,,,,,,,,,,,,,,
,,,,,,,,,,,,,,,,,,,,
,,,,,,,,,,,,,,,,,,,,
,,,,,,,,,,,,,,,,,,,,
,,,,,,,,,,,,,,,,,,,,
,,,,,,,,,,,,,,,,,,,,
,,,,,,,,,,,,,,,,,,,,
,,,,,,,,,,,,,,,,,,,,
417.0,非食品,家居用品,驱蚊虫剂,盘式蚊香,B,"定义
以拟除虫菊酯类等杀虫成分、助燃剂、黏合剂等制成的盘状家用卫生杀虫用品，通过点燃阴燃释放有效成分，实现驱蚊、灭蚊功效，适用于卧室、客厅、庭院等室内外一般性蚊虫防治场景。
快速区分要点
使用方式：需明火点燃、自行阴燃挥发药剂
产品形态：双盘螺旋状固体蚊香
功能特点：燃烧发烟，持续驱蚊灭蚊
适用场景：室内空间、阳台、庭院等
一句话速记
盘状螺旋式、需点燃阴燃发烟、用于室内驱蚊灭蚊，即为盘式蚊香。","普通盘式蚊香、加大加粗盘式蚊香
无香型、檀香型、艾草香型、薄荷香型等盘式蚊香
微烟、无烟型盘式蚊香
儿童 / 低毒配方盘式蚊香","电热蚊香液、电热蚊香片
杀虫气雾剂、喷雾驱蚊剂
涂抹式驱蚊液、驱蚊花露水、驱蚊贴、驱蚊手环
灭蚊灯、电蚊拍等物理灭蚊产品
兽用驱虫蚊香、工业用强力杀虫蚊香
香薰、檀香、艾条等非杀虫类熏香产品",雷达（Raid）,,驱蚊,,纸盒,,,,,,,
,,,,,,,,,榄菊,,灭蚊,,塑盒,,,,,,,
,,,,,,,,,超威,,长效驱蚊,,铁盒,,,,,,,
,,,,,,,,,枪手,,无烟驱蚊,,筒装,,,,,,,
,,,,,,,,,,,儿童适用,,袋装,,,,,,,
,,,,,,,,,,,孕妇适用,,,,,,,,,
,,,,,,,,,,,植物配方,,,,,,,,,
,,,,,,,,,,,户外加强,,,,,,,,,
,,,,,,,,,,,其他,,,,,,,,,
,,,,,,,,,,,,,,,,,,,,
,,,,,,,,,,,,,,,,,,,,
,,,,,,,,,,,,,,,,,,,,
,,,,,,,,,,,,,,,,,,,,
,,,,,,,,,,,,,,,,,,,,
,,,,,,,,,,,,,,,,,,,,
,,,,,,,,,,,,,,,,,,,,
,,,,,,,,,,,,,,,,,,,,
,,,,,,,,,,,,,,,,,,,,
,,,,,,,,,,,,,,,,,,,,
,,,,,,,,,,,,,,,,,,,,
,,,,,,,,,,,,,,,,,,,,
,,,,,,,,,,,,,,,,,,,,
418.0,非食品,家居用品,驱蚊虫剂,驱蚊喷雾/乳液/液/膏,B,"定义
直接涂抹或喷洒于人体皮肤表面，形成防护膜以驱避蚊虫、蠓、蚋等叮咬的外用防护产品，含驱蚊酯、避蚊胺、天然植物驱蚊成分等，适用于日常居家、户外出行、露营、儿童户外活动等场景。
快速区分要点
使用方式：直接喷涂或涂抹于人体皮肤表面
产品形态：喷雾、乳液、凝胶、膏霜、走珠液等
功能特点：形成皮肤防护层，驱避蚊虫叮咬，非燃烧挥发类
适用场景：人体外用，室内外均可使用
一句话速记
直接涂抹或喷涂于皮肤、用于人体防蚊叮咬、为喷雾乳液膏状剂型，即为驱蚊喷雾 / 乳液 / 液 / 膏。","驱蚊喷雾、驱蚊花露水、驱蚊液、驱蚊水
驱蚊乳液、驱蚊膏、驱蚊凝胶、驱蚊走珠液
含驱蚊酯、避蚊胺、天然植物驱蚊成分的外用驱蚊产品
成人款、儿童婴儿专用款驱蚊涂擦类产品","盘式蚊香、电热蚊香液 / 片等加热燃烧类驱蚊剂
杀虫气雾剂、室内空间喷雾杀虫剂
灭蚊灯、电蚊拍、驱蚊贴、驱蚊手环等非涂抹类产品
兽用驱虫喷雾、宠物外用驱虫药剂
香薰、檀香、艾条等仅熏香不驱蚊的产品",雷达（Raid）,,驱蚊/防蚊,无香,瓶装喷雾,,,,,,,
,,,,,,,,,榄菊,,长效防护,清香,袋装补充液,,,,,,,
,,,,,,,,,超威,,户外防叮,花香,真空瓶,,,,,,,
,,,,,,,,,枪手,,环境驱蚊,果香,罐装,,,,,,,
,,,,,,,,,,,孕妇儿童适用,草本香,喷雾瓶,,,,,,,
,,,,,,,,,,,清爽不油腻,薄荷香,软管,,,,,,,
,,,,,,,,,,,隐形防护,其他,小圆盒,,,,,,,
,,,,,,,,,,,其他,,,,,,,,,
,,,,,,,,,,,,,,,,,,,,
,,,,,,,,,,,,,,,,,,,,
,,,,,,,,,,,,,,,,,,,,
,,,,,,,,,,,,,,,,,,,,
,,,,,,,,,,,,,,,,,,,,
,,,,,,,,,,,,,,,,,,,,
,,,,,,,,,,,,,,,,,,,,
,,,,,,,,,,,,,,,,,,,,
,,,,,,,,,,,,,,,,,,,,
,,,,,,,,,,,,,,,,,,,,
,,,,,,,,,,,,,,,,,,,,
,,,,,,,,,,,,,,,,,,,,
,,,,,,,,,,,,,,,,,,,,
,,,,,,,,,,,,,,,,,,,,
419.0,非食品,家居用品,驱蚊虫剂,电子驱蚊器（含超声波类）,C,"定义
依靠电力驱动，通过超声波、电磁波、光波、气流等物理方式干扰蚊虫感知，达到驱赶蚊虫效果的电子器具，不含化学杀虫成分，物理驱蚊，适用于室内及小范围空间使用。
快速区分要点
工作原理：纯物理方式，无燃烧、无化学药剂挥发
驱动方式：需插电或装电池供电工作
产品形态：超声波驱蚊器、电子驱蚊仪、光波驱蚊器等
使用场景：卧室、客厅、儿童房、办公室等室内环境
一句话速记
靠电力物理驱蚊、不含化学药剂、以超声波等电子方式驱蚊虫，即为电子驱蚊器。","超声波电子驱蚊器、变频电子驱蚊器
插电式、电池式电子驱蚊器
光波驱蚊、气流式物理电子驱蚊产品
室内小型电子驱蚊虫装置","盘式蚊香、电热蚊香液 / 片、驱蚊喷雾等化学驱蚊产品
杀虫气雾剂、空间喷洒杀虫剂
电蚊拍、灭蚊灯、粘蚊板等灭杀类产品
驱蚊贴、驱蚊手环、香薰等非电子类产品
工业用大型驱虫设备、兽用电子驱虫器",雷达（Raid）,,超声波驱蚊,,纸盒,,,,,,,
,,,,,,,,,榄菊,,光诱捕,,吸塑挂卡,,,,,,,
,,,,,,,,,超威,,吸入式灭蚊,,,,,,,,,
,,,,,,,,,枪手,,定时开关,,,,,,,,,
,,,,,,,,,,,智能感应,,,,,,,,,
,,,,,,,,,,,静音运行,,,,,,,,,
,,,,,,,,,,,USB供电,,,,,,,,,
,,,,,,,,,,,太阳能供电,,,,,,,,,
,,,,,,,,,,,电池供电,,,,,,,,,
,,,,,,,,,,,车载专用,,,,,,,,,
,,,,,,,,,,,户外便携,,,,,,,,,
,,,,,,,,,,,母婴安全,,,,,,,,,
,,,,,,,,,,,APP控制,,,,,,,,,
,,,,,,,,,,,其他,,,,,,,,,
,,,,,,,,,,,,,,,,,,,,
,,,,,,,,,,,,,,,,,,,,
,,,,,,,,,,,,,,,,,,,,
,,,,,,,,,,,,,,,,,,,,
,,,,,,,,,,,,,,,,,,,,
,,,,,,,,,,,,,,,,,,,,
,,,,,,,,,,,,,,,,,,,,
,,,,,,,,,,,,,,,,,,,,
420.0,非食品,家居用品,驱蚊虫剂,其他驱蚊虫剂,,"定义
用于驱赶或灭杀蚊虫、飞虫等家用卫生杀虫产品，未归入电热蚊香、盘式蚊香、驱蚊喷雾 / 膏、电子驱蚊器等细分品类，适用于室内外环境防蚊驱虫，保障居家生活环境舒适。
快速区分要点
用途：以驱避、灭杀蚊虫、小飞虫为主
类别：不属于已有明确细分的驱蚊驱虫产品
场景：适用于家庭室内、阳台、庭院等环境
一句话速记
家用驱蚊虫类产品、不属于已有细分驱蚊品类，即为其他驱蚊虫剂。","驱蚊贴、驱蚊手环、驱蚊挂件、驱蚊香包
驱蚊凝胶、驱蚊魔盒、缓释式驱蚊块
植物精油驱蚊产品、防蚊香囊、艾草驱蚊包
粘蝇纸、粘蚊板、家用小型驱虫包
其他未列明的家用驱蚊虫、驱小飞虫产品","电热蚊香液 / 片、盘式蚊香
驱蚊喷雾、驱蚊乳液、驱蚊膏、花露水
电子驱蚊器、超声波驱蚊器
电蚊拍、灭蚊灯、大型杀虫器械
农药级杀虫剂、工业用驱虫产品
宠物专用驱虫药剂、兽用驱虫用品",雷达（Raid）,,驱蚊,,瓶装,,,,,,,
,,,,,,,,,榄菊,,杀蚊,,盒装,,,,,,,
,,,,,,,,,超威,,灭蝇,,袋装,,,,,,,
,,,,,,,,,枪手,,驱虫,,罐装,,,,,,,
,,,,,,,,,,,诱捕,,悬挂式,,,,,,,
,,,,,,,,,,,电击,,插电式,,,,,,,
,,,,,,,,,,,光触媒,,充电式,,,,,,,
,,,,,,,,,,,超声波驱虫,,喷雾式,,,,,,,
,,,,,,,,,,,其他,,液体式,,,,,,,
,,,,,,,,,,,,,片剂式,,,,,,,
,,,,,,,,,,,,,,,,,,,,
,,,,,,,,,,,,,,,,,,,,
,,,,,,,,,,,,,,,,,,,,
,,,,,,,,,,,,,,,,,,,,
,,,,,,,,,,,,,,,,,,,,
,,,,,,,,,,,,,,,,,,,,
,,,,,,,,,,,,,,,,,,,,
,,,,,,,,,,,,,,,,,,,,
,,,,,,,,,,,,,,,,,,,,
,,,,,,,,,,,,,,,,,,,,
,,,,,,,,,,,,,,,,,,,,
,,,,,,,,,,,,,,,,,,,,
421.0,非食品,家居用品,杀虫剂,杀虫剂,B,"定义
以拟除虫菊酯类等杀虫成分为主要原料，用于灭杀苍蝇、蚊子、蟑螂、蚂蚁、臭虫、跳蚤等家居害虫的卫生杀虫产品，多为气雾喷射剂型，快速触杀害虫，适用于家庭室内、卫生间、厨房等环境。
快速区分要点
主要功能：以灭杀害虫为主，非仅驱避
产品形态：以气雾剂、喷雾为主，多为压力罐装
使用方式：直接向害虫或其活动区域空间喷洒
使用场景：家居室内、角落、缝隙等害虫出没区域
一句话速记
以灭杀家居害虫为主、多为气雾喷雾剂型、直接空间喷洒触杀害虫，即为杀虫剂。","杀虫气雾剂、杀虫喷雾
灭蟑、灭蚊、灭蝇、灭蚁、灭臭虫等家用喷雾杀虫剂
无味型、清香型等家用卫生杀虫剂
泡沫型、喷射型家用杀虫剂","盘式蚊香、电热蚊香液 / 片、电子驱蚊器等仅驱蚊产品
人体涂抹式驱蚊液、驱蚊喷雾、驱蚊膏
农药、农用杀虫剂、工业用消杀药剂
宠物专用体外驱虫剂、兽用杀虫药
粘鼠板、粘虫板、灭蚊灯、电蚊拍等物理灭杀产品
空气清新剂、芳香剂、消毒剂类产品",雷达（Raid）,,杀灭,,气雾罐,,,,,,,
,,,,,,,,,榄菊,,驱避,,塑料瓶,,,,,,,
,,,,,,,,,超威,,胃毒,,铝箔袋,,,,,,,
,,,,,,,,,枪手,,触杀,,电热蚊香液瓶,,,,,,,
,,,,,,,,,,,熏蒸,,电热蚊香片盒,,,,,,,
,,,,,,,,,,,内吸,,饵剂盒,,,,,,,
,,,,,,,,,,,长效持效,,颗粒袋,,,,,,,
,,,,,,,,,,,广谱杀虫,,可湿性粉剂袋,,,,,,,
,,,,,,,,,,,低毒安全,,乳油瓶,,,,,,,
,,,,,,,,,,,速杀,,悬浮剂瓶,,,,,,,
,,,,,,,,,,,杀卵,,水乳剂瓶,,,,,,,
,,,,,,,,,,,杀螨,,,,,,,,,
,,,,,,,,,,,其他,,,,,,,,,
,,,,,,,,,,,,,,,,,,,,
,,,,,,,,,,,,,,,,,,,,
,,,,,,,,,,,,,,,,,,,,
,,,,,,,,,,,,,,,,,,,,
,,,,,,,,,,,,,,,,,,,,
,,,,,,,,,,,,,,,,,,,,
,,,,,,,,,,,,,,,,,,,,
,,,,,,,,,,,,,,,,,,,,
,,,,,,,,,,,,,,,,,,,,
422.0,非食品,家居用品,蚊虫叮咬治疗产品,蚊虫叮咬治疗产品,B,"定义
用于缓解蚊虫、螨虫、跳蚤等叮咬后引起的皮肤瘙痒、红肿、刺痛等不适症状的外用护理产品，可清凉舒缓、止痒消肿，适用于成人及儿童被叮咬后的皮肤护理。
快速区分要点
用途：针对蚊虫叮咬后皮肤不适，止痒、消肿、舒缓
使用方式：外用涂抹、擦拭于叮咬部位
产品形态：膏、霜、凝胶、乳液、滚珠、凝露等
一句话速记
用于蚊虫叮咬后止痒消肿、外用涂抹舒缓皮肤不适，即为蚊虫叮咬治疗产品。","蚊虫叮咬止痒膏、止痒凝胶、止痒凝露、止痒乳液
清凉油、风油精、薄荷膏类叮咬舒缓产品
儿童专用蚊虫叮咬消肿止痒产品
滚珠式、涂抹式叮咬后护理液","蚊香、电热蚊香、驱蚊喷雾、电子驱蚊器等驱避类产品
杀虫剂、杀虫气雾剂等灭杀类产品
普通皮肤药膏、皮炎湿疹类药品
口服抗过敏、消炎类药品
花露水、清凉喷雾等仅清凉不侧重治疗的产品",雷达（Raid）,,止痒,,软膏/膏霜,,,,,,,
,,,,,,,,,榄菊,,消炎,,凝胶,,,,,,,
,,,,,,,,,超威,,镇痛,,喷雾,,,,,,,
,,,,,,,,,枪手,,消肿,,滚珠液,,,,,,,
,,,,,,,,,,,舒缓,,贴片,,,,,,,
,,,,,,,,,,,清凉,,棒状,,,,,,,
,,,,,,,,,,,抗过敏,,,,,,,,,
,,,,,,,,,,,杀菌,,,,,,,,,
,,,,,,,,,,,预防感染,,,,,,,,,
,,,,,,,,,,,修复,,,,,,,,,
,,,,,,,,,,,其他,,,,,,,,,
,,,,,,,,,,,,,,,,,,,,
,,,,,,,,,,,,,,,,,,,,
,,,,,,,,,,,,,,,,,,,,
,,,,,,,,,,,,,,,,,,,,
,,,,,,,,,,,,,,,,,,,,
,,,,,,,,,,,,,,,,,,,,
,,,,,,,,,,,,,,,,,,,,
,,,,,,,,,,,,,,,,,,,,
,,,,,,,,,,,,,,,,,,,,
,,,,,,,,,,,,,,,,,,,,
,,,,,,,,,,,,,,,,,,,,
423.0,非食品,衣物清洁,洗衣液,洗衣液,S,"定义：用于清洗衣物的液体清洁剂，主要成分包括表面活性剂、酶制剂及功能助剂，能够有效去除衣物上的污渍。产品通常为透明或半透明的粘稠液体，常见于塑料瓶装或袋装等形式。根据功能不同，可分为普通型、除菌型、柔顺型等多种类型，适用于机洗或手洗衣物。使用时根据衣物量和脏污程度适量倒入洗衣机或水中。

快速判断一句话
液态、专门洗各类衣物的洗涤剂 = 洗衣液。","1. 普通洗衣液、深层洁净洗衣液
2. 除菌、除螨、抑菌洗衣液
3. 香氛、留香、护色洗衣液
4. 婴儿 / 宝宝专用洗衣液
5. 内衣洗衣液、手洗专用洗衣液
6. 浓缩洗衣液、酵素洗衣液
7. 洗衣液补充袋装、桶装","1. 洗衣粉、洗衣皂、肥皂
2. 洗衣凝珠、洗衣片
3. 洗洁精、油污净、清洁剂
4. 衣物柔顺剂、护理剂、留香珠
5. 消毒液、漂白水、彩漂液
6. 洗手液、沐浴露、洗发水",蓝月亮,普通洗衣液,去污,清新型,瓶装（按压 / 翻盖）,,,,,,,
,,,,,,,,,汰渍,无磷环保洗衣液,去渍,果香,袋装补充装,,,,,,,
,,,,,,,,,碧浪,植物酵素洗衣液,去油,木质 / 海洋,桶装（大桶量贩）,,,,,,,
,,,,,,,,,立白,香氛 / 持久留香洗衣液,去霉,无香型,组合套装（多瓶 / 多袋）,,,,,,,
,,,,,,,,,威露士,,除菌,其他,量贩箱装,,,,,,,
,,,,,,,,,,,抑菌,,旅行小瓶装,,,,,,,
,,,,,,,,,,,除螨,,,,,,,,,
,,,,,,,,,,,柔顺,,,,,,,,,
,,,,,,,,,,,护色,,,,,,,,,
,,,,,,,,,,,亮白,,,,,,,,,
,,,,,,,,,,,增艳,,,,,,,,,
,,,,,,,,,,,温和,,,,,,,,,
,,,,,,,,,,,无磷,,,,,,,,,
,,,,,,,,,,,无荧光剂,,,,,,,,,
,,,,,,,,,,,低泡,,,,,,,,,
,,,,,,,,,,,易漂洗,,,,,,,,,
,,,,,,,,,,,持久留香,,,,,,,,,
,,,,,,,,,,,无香,,,,,,,,,
,,,,,,,,,,,母婴适用,,,,,,,,,
,,,,,,,,,,,敏感肌适用,,,,,,,,,
,,,,,,,,,,,深层洁净,,,,,,,,,
,,,,,,,,,,,其他,,,,,,,,,
424.0,非食品,衣物清洁,洗衣粉,洗衣粉,A,"定义：用于清洗衣物的固体颗粒状清洁剂，主要成分包括表面活性剂、助洗剂（如碳酸钠、硅酸钠）和酶等，能够有效去除衣物上的污渍。通常以袋装或盒装形式出售，使用时需按推荐比例溶解于水中，适用于手洗或机洗方式。

快速判断一句话
粉末状、用于洗衣去污的洗涤剂 = 洗衣粉。","1. 普通洗衣粉
2. 洗衣皂粉
3. 深层洁净洗衣粉
4. 除菌 / 抑菌洗衣粉
5. 护色洗衣粉
6. 无磷洗衣粉
7. 含磷洗衣粉
8. 机洗 / 手洗洗衣粉
9. 大袋 / 小袋洗衣粉","1. 洗衣液、洗衣凝珠、洗衣片
2. 洗衣皂、肥皂、内衣皂
3. 衣物柔顺剂、护理剂、留香珠
4. 彩漂液、漂白剂、消毒液
5. 洗洁精、油污净、清洁剂
6. 洗手液、沐浴露、洗发水",蓝月亮,通用家用洗衣粉,去污,薰衣草香,袋装,,,,,,,
,,,,,,,,,汰渍,内衣 / 贴身衣物专用,去渍,茉莉花香,桶装,,,,,,,
,,,,,,,,,碧浪,彩色衣物专用,去油,柠檬香,盒装,,,,,,,
,,,,,,,,,立白,母婴温和洗衣粉,去霉,柑橘香,量贩组合装,,,,,,,
,,,,,,,,,威露士,,除菌,无香型,组合装,,,,,,,
,,,,,,,,,,,抑菌,其他,,,,,,,,
,,,,,,,,,,,除螨,,,,,,,,,
,,,,,,,,,,,亮白,,,,,,,,,
,,,,,,,,,,,增白,,,,,,,,,
,,,,,,,,,,,护色,,,,,,,,,
,,,,,,,,,,,低泡,,,,,,,,,
,,,,,,,,,,,易漂洗,,,,,,,,,
,,,,,,,,,,,留香,,,,,,,,,
,,,,,,,,,,,无香,,,,,,,,,
,,,,,,,,,,,强力洁净,,,,,,,,,
,,,,,,,,,,,深层去渍,,,,,,,,,
,,,,,,,,,,,中性温和,,,,,,,,,
,,,,,,,,,,,无磷,,,,,,,,,
,,,,,,,,,,,母婴适用,,,,,,,,,
,,,,,,,,,,,除异味,,,,,,,,,
,,,,,,,,,,,防霉,,,,,,,,,
,,,,,,,,,,,其他,,,,,,,,,
425.0,非食品,衣物清洁,洗衣凝珠,洗衣凝珠,B,"定义
采用水溶膜包裹高浓度洗涤液的新型洗衣产品，集洗涤、去污、柔顺等功能于一体，遇水即溶无残留，使用便捷，适用于各类可水洗衣物的机洗清洁。
快速区分要点
形态：单个独立小胶囊状，外裹水溶性薄膜
使用方式：直接投入洗衣机筒内，遇水自动溶解
特点：高浓缩、定量使用、操作简便
适用：各类衣物机洗清洁护理
一句话速记
水溶膜包裹的高浓缩洗衣胶囊，直接机洗使用、遇水即溶，即为洗衣凝珠。","单腔、多腔（三腔 / 四腔）洗衣凝珠
去污型、柔顺型、除菌除螨型、留香型洗衣凝珠
普通款、母婴专用款、护色款洗衣凝珠","洗衣粉、洗衣液、肥皂、皂液
洗衣皂粉、浓缩洗衣液、内衣专用皂
衣物消毒液、衣物柔顺剂（非洗涤类）
洗衣槽清洁剂、洗衣机清洗剂
衣领净、去渍剂、局部去污产品",蓝月亮,,去污,,水溶性薄膜封装,,,,,,,
,,,,,,,,,汰渍,,除菌,,盒装,,,,,,,
,,,,,,,,,碧浪,,柔顺,,,,,,,,,
,,,,,,,,,立白,,护色,,其他,,,,,,,
,,,,,,,,,威露士,,浓缩,,,,,,,,,
,,,,,,,,,,,抑菌,,,,,,,,,
,,,,,,,,,,,其他,,,,,,,,,
,,,,,,,,,,,,,,,,,,,,
,,,,,,,,,,,,,,,,,,,,
,,,,,,,,,,,,,,,,,,,,
,,,,,,,,,,,,,,,,,,,,
,,,,,,,,,,,,,,,,,,,,
,,,,,,,,,,,,,,,,,,,,
,,,,,,,,,,,,,,,,,,,,
,,,,,,,,,,,,,,,,,,,,
,,,,,,,,,,,,,,,,,,,,
,,,,,,,,,,,,,,,,,,,,
,,,,,,,,,,,,,,,,,,,,
,,,,,,,,,,,,,,,,,,,,
,,,,,,,,,,,,,,,,,,,,
,,,,,,,,,,,,,,,,,,,,
,,,,,,,,,,,,,,,,,,,,
426.0,非食品,衣物清洁,衣物柔顺剂,衣物柔顺剂,B,"定义
用于衣物洗涤后护理的液态产品，可柔软纤维、防静电、改善手感、持久留香，减少衣物褶皱与发硬，适用于各类面料衣物的漂洗阶段使用。
快速区分要点
使用阶段：洗衣最后漂洗阶段加入，非主洗去污
核心作用：柔顺、防静电、留香、护衣
产品形态：液体为主
不具备去污清洁功能
一句话速记
漂洗阶段使用、用于衣物柔软抗静电、无去污能力，即为衣物柔顺剂。","普通衣物柔顺剂、护理剂、衣物蓬松剂
清香型、无香型、持久留香型柔顺剂
婴幼儿衣物专用柔顺剂
浓缩型衣物柔顺剂","洗衣液、洗衣粉、洗衣凝珠、肥皂等洗涤产品
衣物消毒液、除菌液
衣领净、彩漂、漂白剂、去渍剂
衣物固色剂、防水喷雾、熨烫喷雾
内衣专用洗涤剂、羊毛丝绸专用清洗剂",蓝月亮,,柔顺衣物,薰衣草香,瓶装,,,,,,,
,,,,,,,,,汰渍,,抗静电,清新花香,袋装,,,,,,,
,,,,,,,,,碧浪,,持久留香,阳光香,泵装,,,,,,,
,,,,,,,,,立白,,除菌除螨,海洋香,片状,,,,,,,
,,,,,,,,,威露士,,护色固色,果香,胶囊,,,,,,,
,,,,,,,,,,,清新除异味,无香型,,,,,,,,
,,,,,,,,,,,婴幼儿专用,其他,,,,,,,,
,,,,,,,,,,,敏感肌适用,,,,,,,,,
,,,,,,,,,,,浓缩配方,,,,,,,,,
,,,,,,,,,,,其他,,,,,,,,,
,,,,,,,,,,,,,,,,,,,,
,,,,,,,,,,,,,,,,,,,,
,,,,,,,,,,,,,,,,,,,,
,,,,,,,,,,,,,,,,,,,,
,,,,,,,,,,,,,,,,,,,,
,,,,,,,,,,,,,,,,,,,,
,,,,,,,,,,,,,,,,,,,,
,,,,,,,,,,,,,,,,,,,,
,,,,,,,,,,,,,,,,,,,,
,,,,,,,,,,,,,,,,,,,,
,,,,,,,,,,,,,,,,,,,,
,,,,,,,,,,,,,,,,,,,,
427.0,非食品,衣物清洁,衣物预洗/预洁及助洗产品,衣物预洗/预洁及助洗产品,B,"定义
在主洗涤之前或与洗涤同时使用，用于预处理顽固污渍、提升洗涤效果、辅助衣物清洁的产品，不单独作为主洗涤剂使用，适用于衣物局部去渍、增强去污力、护色、增白等辅助清洁场景。
快速区分要点
使用阶段：预涂、预浸或配合主洗使用
核心作用：去渍、助洗、增强洗涤效果
形态：喷雾、凝胶、粉剂、块状等
非主洗产品，多为局部或辅助使用
一句话速记
用于衣物预洗去渍或辅助主洗提升清洁效果，非主洗涤剂，即为衣物预洗 / 预洁及助洗产品。","衣领净、袖口净、重点去渍剂、去渍笔
彩漂粉、氧漂剂、漂白剂、去黄助洗剂
洗衣助洗剂、去污增效剂、软水剂
衣物局部预洗喷雾、预涂去渍凝胶
护色助洗剂、防串色片、吸色片","洗衣液、洗衣粉、洗衣凝珠等主洗涤产品
衣物柔顺剂、护理剂、留香珠
衣物消毒液、除菌剂
内衣专用洗涤剂、羊毛丝绸专用洗涤剂
洗衣槽清洁剂、洗衣机除垢剂
肥皂、香皂、内衣皂",蓝月亮,,去渍,,喷雾瓶,,,,,,,
,,,,,,,,,汰渍,,除菌,,泵头瓶,,,,,,,
,,,,,,,,,碧浪,,防串色,,袋装,,,,,,,
,,,,,,,,,立白,,柔顺织物,,盒装,,,,,,,
,,,,,,,,,威露士,,亮白/护色,,可溶膜包装（新兴）,,,,,,,
,,,,,,,,,,,去除异味,,其他,,,,,,,
,,,,,,,,,,,其他,,,,,,,,,
,,,,,,,,,,,,,,,,,,,,
,,,,,,,,,,,,,,,,,,,,
,,,,,,,,,,,,,,,,,,,,
,,,,,,,,,,,,,,,,,,,,
,,,,,,,,,,,,,,,,,,,,
,,,,,,,,,,,,,,,,,,,,
,,,,,,,,,,,,,,,,,,,,
,,,,,,,,,,,,,,,,,,,,
,,,,,,,,,,,,,,,,,,,,
,,,,,,,,,,,,,,,,,,,,
,,,,,,,,,,,,,,,,,,,,
,,,,,,,,,,,,,,,,,,,,
,,,,,,,,,,,,,,,,,,,,
,,,,,,,,,,,,,,,,,,,,
,,,,,,,,,,,,,,,,,,,,
428.0,非食品,衣物清洁,洗衣皂,洗衣皂,B,"定义
以脂肪酸钠为主要成分制成的固体块状洗涤用品，泡沫适中、去污温和，易漂洗，多用于衣物手洗，尤其适合内衣、婴幼儿衣物及局部污渍搓洗。
快速区分要点
形态：固体块状
使用方式：主要用于手洗搓揉去污
成分：以皂基、脂肪酸钠为主
适用：内衣、袜子、婴儿衣物、局部污渍处理
一句话速记
固体块状、以皂基为主要成分、多用于手洗衣物，即为洗衣皂。","普通洗衣皂、增白洗衣皂、透明皂
内衣专用皂、婴儿宝宝专用洗衣皂
除菌抑菌型洗衣皂、植物精油洗衣皂
肥皂、皂块、无磷洗衣皂","洗衣液、洗衣粉、洗衣凝珠
衣物柔顺剂、留香珠
沐浴皂、香皂、洁面皂
衣领净、去渍剂、彩漂、漂白剂
洗衣槽清洁剂、洗衣机清洗剂",蓝月亮,,去污,,纸包装,,,,,,,
,,,,,,,,,汰渍,,抗菌,,塑料薄膜包装,,,,,,,
,,,,,,,,,碧浪,,柔顺,,盒装,,,,,,,
,,,,,,,,,立白,,护色,,其他,,,,,,,
,,,,,,,,,威露士,,焕彩,,,,,,,,,
,,,,,,,,,,,净柔,,,,,,,,,
,,,,,,,,,,,香氛,,,,,,,,,
,,,,,,,,,,,其他,,,,,,,,,
,,,,,,,,,,,,,,,,,,,,
,,,,,,,,,,,,,,,,,,,,
,,,,,,,,,,,,,,,,,,,,
,,,,,,,,,,,,,,,,,,,,
,,,,,,,,,,,,,,,,,,,,
,,,,,,,,,,,,,,,,,,,,
,,,,,,,,,,,,,,,,,,,,
,,,,,,,,,,,,,,,,,,,,
,,,,,,,,,,,,,,,,,,,,
,,,,,,,,,,,,,,,,,,,,
,,,,,,,,,,,,,,,,,,,,
,,,,,,,,,,,,,,,,,,,,
,,,,,,,,,,,,,,,,,,,,
,,,,,,,,,,,,,,,,,,,,
429.0,非食品,婴儿用品,婴儿尿布,婴儿尿布,S,"定义：一次性吸收并锁住婴儿排泄物、保持皮肤干爽的贴身卫生用品，由表层无纺布、导流层、高分子吸水芯体、防漏底膜及弹性腰围组成，可含护肤成分；通过魔术贴或弹性耳贴固定于婴儿腰臀部位，按体重分为NB-XXL号，以袋装或箱装零售，每包含10-120片不等，属母婴渠道常备的日用快消品。

快速判断一句话
婴儿用、一次性、吸尿吸便的纸尿裤 / 拉拉裤 / 纸尿片 = 婴儿尿布。","1. 婴儿纸尿裤（尿不湿）
2. 婴儿拉拉裤 / 成长裤
3. 纸尿片
4. 一次性尿布
5. 隔尿垫巾（搭配尿布用的一次性巾）","1. 可水洗布尿布、棉尿布
2. 成人纸尿裤、成人拉拉裤
3. 卫生巾、护垫、经期裤
4. 湿巾、棉柔巾
5. 隔尿垫（可水洗大垫子）
6. 奶粉、奶瓶、婴儿洗护用品",帮宝适,纸尿裤,干爽,,便携小包 / 试用装,,,,,,,
,,,,,,,,,好奇,纸尿片,透气,,中包装,,,,,,,
,,,,,,,,,花王,拉拉裤 / 成长裤,超薄,,大包装 / 家庭装,,,,,,,
,,,,,,,,,尤妮佳,隔尿垫 / 护理垫,防漏,,箱装量贩,,,,,,,
,,,,,,,,,雀氏,,瞬吸,,组合多包,,,,,,,
,,,,,,,,,,,锁水,,,,,,,,,
,,,,,,,,,,,柔软,,,,,,,,,
,,,,,,,,,,,亲肤,,,,,,,,,
,,,,,,,,,,,护臀,,,,,,,,,
,,,,,,,,,,,抑菌,,,,,,,,,
,,,,,,,,,,,弹力腰围,,,,,,,,,
,,,,,,,,,,,立体防漏侧边,,,,,,,,,
,,,,,,,,,,,夜用加长,,,,,,,,,
,,,,,,,,,,,日用,,,,,,,,,
,,,,,,,,,,,敏感肌适用,,,,,,,,,
,,,,,,,,,,,棉柔表层,,,,,,,,,
,,,,,,,,,,,快速导流,,,,,,,,,
,,,,,,,,,,,除臭,,,,,,,,,
,,,,,,,,,,,其他,,,,,,,,,
,,,,,,,,,,,,,,,,,,,,
,,,,,,,,,,,,,,,,,,,,
,,,,,,,,,,,,,,,,,,,,
430.0,非食品,婴儿用品,奶瓶,奶瓶,B,"定义
供婴儿喂养使用的容器，主要用于盛装母乳、配方奶或饮用水，搭配奶嘴使用，材质安全耐温，适用于新生儿及婴幼儿喝奶、饮水。
快速区分要点
用途：婴幼儿喂养、喝奶、饮水
结构：瓶身 + 奶嘴 + 瓶盖 / 螺口组合
材质：玻璃、PPSU、PPS、硅胶、 Tritan、PP 等食品级婴儿安全材质
适用人群：新生儿、婴幼儿
一句话速记
供婴儿喂哺使用、带奶嘴的喂养容器，玻璃或食品级塑料 / 硅胶材质，即为奶瓶。","玻璃奶瓶、PPSU 奶瓶、PP 奶瓶、硅胶奶瓶、Tritan 奶瓶
标准口径、宽口径奶瓶
新生儿奶瓶、防胀气奶瓶、仿母乳实感奶瓶
带手柄、带吸管的婴幼儿学饮奶瓶
储奶奶瓶、多功能喂养奶瓶","奶嘴、安抚奶嘴、牙胶、奶瓶刷、奶瓶消毒器
学饮杯、吸管杯、鸭嘴杯、儿童水杯
储奶袋、母乳保鲜袋
奶粉盒、辅食碗、餐具
成人水杯、运动水壶、保温杯",贝亲 ,,防胀气,,,,,,,,,防侧漏
,,,,,,,,,新安怡 ,,仿母乳设计,,,,,,,,,防后漏
,,,,,,,,,布朗博士 ,,宽口径,,,,,,,,,
,,,,,,,,,可么多么 ,,易抓握,,,,,,,,,
,,,,,,,,,好孩子 ,,防漏,,,,,,,,,
,,,,,,,,,,,刻度清晰,,,,,,,,,
,,,,,,,,,,,耐高温消毒,,,,,,,,,
,,,,,,,,,,,带手柄,,,,,,,,,
,,,,,,,,,,,带吸管,,,,,,,,,
,,,,,,,,,,,感温变色,,,,,,,,,
,,,,,,,,,,,其他,,,,,,,,,
,,,,,,,,,,,,,,,,,,,,
,,,,,,,,,,,,,,,,,,,,
,,,,,,,,,,,,,,,,,,,,
,,,,,,,,,,,,,,,,,,,,
,,,,,,,,,,,,,,,,,,,,
,,,,,,,,,,,,,,,,,,,,
,,,,,,,,,,,,,,,,,,,,
,,,,,,,,,,,,,,,,,,,,
,,,,,,,,,,,,,,,,,,,,
,,,,,,,,,,,,,,,,,,,,
,,,,,,,,,,,,,,,,,,,,
431.0,非食品,婴儿用品,婴儿湿抹巾,婴儿湿抹巾,B,"定义
专为婴幼儿设计的一次性清洁湿巾，采用柔软无纺布材质，温和无刺激，不含酒精等有害添加，用于婴儿手口、屁屁、肌肤及日常物品清洁，安全适用于新生儿及宝宝日常护理。
快速区分要点
适用人群：婴幼儿、新生儿
特点：温和无酒精、无荧光剂、弱酸性贴近肌肤
用途：手口清洁、屁屁擦拭、肌肤清洁
形态：一次性抽取式湿巾
一句话速记
专为婴儿设计、温和无刺激的一次性擦拭湿巾，用于宝宝手口及屁屁清洁，即为婴儿湿抹巾。","婴儿手口湿巾、婴儿屁屁专用湿巾
加厚柔湿巾、纯水湿巾、无香婴儿湿巾
新生儿专用湿巾、便携装婴儿湿巾
植物配方、益生菌呵护型婴儿湿巾","成人湿巾、卸妆湿巾、消毒湿巾
含酒精、含杀菌剂的卫生湿巾
厨房湿巾、地板湿巾、家居清洁湿巾
纯棉柔巾、干纸巾、抽纸、卷纸
医用消毒棉片、医用纱布",帮宝适,,手口清洁,无香,翻盖软包装（多片连抽）,,,,,,,
,,,,,,,,,好奇,,臀部清洁,无味,袋装（单片折叠）,,,,,,,
,,,,,,,,,花王,,全身清洁,,便携独立小包装,,,,,,,
,,,,,,,,,尤妮佳,,护肤保湿,,桶装,,,,,,,
,,,,,,,,,雀氏,,杀菌消毒,,盒装,,,,,,,
,,,,,,,,,,,柔肤,,,,,,,,,
,,,,,,,,,,,无添加,,,,,,,,,
,,,,,,,,,,,敏感肌适用,,,,,,,,,
,,,,,,,,,,,水润爽肤,,,,,,,,,
,,,,,,,,,,,其他,,,,,,,,,
,,,,,,,,,,,,,,,,,,,,
,,,,,,,,,,,,,,,,,,,,
,,,,,,,,,,,,,,,,,,,,
,,,,,,,,,,,,,,,,,,,,
,,,,,,,,,,,,,,,,,,,,
,,,,,,,,,,,,,,,,,,,,
,,,,,,,,,,,,,,,,,,,,
,,,,,,,,,,,,,,,,,,,,
,,,,,,,,,,,,,,,,,,,,
,,,,,,,,,,,,,,,,,,,,
,,,,,,,,,,,,,,,,,,,,
,,,,,,,,,,,,,,,,,,,,
432.0,非食品,婴儿用品,吸奶器,吸奶器,C,"定义
用于哺乳期女性抽取、收集母乳的母婴电器 / 工具，通过模拟婴儿吸吮原理吸出乳汁，可用于母乳储存、喂哺及缓解涨奶不适，适用于产后哺乳期妈妈使用。
快速区分要点
用途：抽取、收集母乳，缓解涨奶
动力类型：电动、手动
适用人群：哺乳期女性
配套使用：多搭配储奶瓶、储奶袋使用
一句话速记
用于产后抽取收集母乳、缓解涨奶的哺乳工具，分为电动与手动，即为吸奶器。","电动吸奶器、单边吸奶器、双边吸奶器
手动吸奶器、便携式吸奶器
吸奶器主机、配套吸乳罩、配件套装
静音型、按摩泌乳型吸奶器","奶瓶、奶嘴、安抚奶嘴
储奶袋、储奶瓶、母乳保鲜袋
温奶器、奶瓶消毒器、奶瓶刷
奶粉盒、辅食工具、母婴餐具
乳房按摩仪、丰胸仪、其他理疗仪器",贝亲 ,,双边吸乳,,,,,,,,,
,,,,,,,,,新安怡 ,,单边吸乳,,,,,,,,,
,,,,,,,,,布朗博士 ,,手动吸乳,,,,,,,,,
,,,,,,,,,可么多么 ,,按摩刺激泌乳,,,,,,,,,
,,,,,,,,,好孩子 ,,多档吸力调节,,,,,,,,,
,,,,,,,,,,,静音运行,,,,,,,,,
,,,,,,,,,,,防逆流设计,,,,,,,,,
,,,,,,,,,,,智能记忆模式,,,,,,,,,
,,,,,,,,,,,LED夜灯,,,,,,,,,
,,,,,,,,,,,USB充电,,,,,,,,,
,,,,,,,,,,,可连接APP,,,,,,,,,
,,,,,,,,,,,其他,,,,,,,,,
,,,,,,,,,,,,,,,,,,,,
,,,,,,,,,,,,,,,,,,,,
,,,,,,,,,,,,,,,,,,,,
,,,,,,,,,,,,,,,,,,,,
,,,,,,,,,,,,,,,,,,,,
,,,,,,,,,,,,,,,,,,,,
,,,,,,,,,,,,,,,,,,,,
,,,,,,,,,,,,,,,,,,,,
,,,,,,,,,,,,,,,,,,,,
,,,,,,,,,,,,,,,,,,,,
433.0,非食品,婴儿用品,奶嘴,奶嘴,B,"定义
安装在奶瓶上供婴儿吸吮喝奶、饮水的硅胶或乳胶配件，模拟母乳触感，流速适配不同月龄宝宝，用于配合奶瓶完成喂养，适用于新生儿及婴幼儿。
快速区分要点
用途：配合奶瓶使用，供婴儿吸吮喝奶
材质：食品级硅胶、乳胶等柔软材质
结构：带吸吮孔、适配奶瓶螺口
适用：不同月龄婴幼儿
一句话速记
安装在奶瓶上供婴儿吸吮的硅胶 / 乳胶配件，适配奶瓶喂养使用，即为奶嘴。","标准口径奶嘴、宽口径奶嘴
新生儿奶嘴、S/M/L/ 十字孔等不同流速奶嘴
仿母乳实感奶嘴、防胀气奶嘴
硅胶奶嘴、乳胶奶嘴
奶瓶替换奶嘴、奶嘴套装","安抚奶嘴、安睡奶嘴
牙胶、磨牙棒、咬咬乐
奶瓶、吸管杯、鸭嘴杯
吸奶器、储奶袋、温奶器
成人用硅胶嘴、玩具配件",贝亲 ,,安抚,无味,,,,,,,,
,,,,,,,,,新安怡 ,,防胀气,香草味,,,,,,,,
,,,,,,,,,布朗博士 ,,辅助喂养,母乳味,,,,,,,,
,,,,,,,,,可么多么 ,,促进口腔发育,水果味,,,,,,,,
,,,,,,,,,好孩子 ,,仿母乳设计,奶香味,,,,,,,,
,,,,,,,,,,,夜光,其他,,,,,,,,
,,,,,,,,,,,感温变色,,,,,,,,,
,,,,,,,,,,,其他,,,,,,,,,
,,,,,,,,,,,,,,,,,,,,
,,,,,,,,,,,,,,,,,,,,
,,,,,,,,,,,,,,,,,,,,
,,,,,,,,,,,,,,,,,,,,
,,,,,,,,,,,,,,,,,,,,
,,,,,,,,,,,,,,,,,,,,
,,,,,,,,,,,,,,,,,,,,
,,,,,,,,,,,,,,,,,,,,
,,,,,,,,,,,,,,,,,,,,
,,,,,,,,,,,,,,,,,,,,
,,,,,,,,,,,,,,,,,,,,
,,,,,,,,,,,,,,,,,,,,
,,,,,,,,,,,,,,,,,,,,
,,,,,,,,,,,,,,,,,,,,
434.0,非食品,婴儿用品,婴儿爽身粉,婴儿爽身粉,C,"定义
专为婴幼儿设计的肌肤护理粉剂，用于吸收皮肤多余汗液、水分，保持肌肤干爽，缓解汗液刺激引起的泛红、黏腻，温和低刺激，适用于新生儿及宝宝日常身体护理。
快速区分要点
适用人群：婴儿、新生儿、幼儿
产品形态：粉状，带粉扑或撒粉使用
核心作用：吸汗、干爽、舒缓肌肤
配方温和，无刺激、无有害添加
一句话速记
专为婴儿设计、用于吸汗保持肌肤干爽的粉状护理产品，即为婴儿爽身粉。","婴儿玉米爽身粉、松花粉、天然植物爽身粉
无滑石粉婴儿爽身粉、清凉舒爽型爽身粉
新生儿专用爽身粉、祛痱爽身粉
带粉扑盒装、便携装婴儿爽身粉","成人爽身粉、香体粉、定妆粉
痱子水、痱子凝胶、液体爽身粉
婴儿护臀膏、屁屁霜、湿疹膏
婴儿洗衣液、湿巾、纸尿裤
滑石粉类成人药用粉剂",强生 ,,吸湿,,罐装,,,,,,,
,,,,,,,,,贝亲 ,,减少摩擦,,瓶装,,,,,,,
,,,,,,,,,新安怡 ,,舒缓肌肤,,盒装,,,,,,,
,,,,,,,,,好孩子 ,,预防痱子,,其他,,,,,,,
,,,,,,,,,帮宝适,,呵护,,,,,,,,,
,,,,,,,,,,,去痱,,,,,,,,,
,,,,,,,,,,,其他,,,,,,,,,
,,,,,,,,,,,,,,,,,,,,
,,,,,,,,,,,,,,,,,,,,
,,,,,,,,,,,,,,,,,,,,
,,,,,,,,,,,,,,,,,,,,
,,,,,,,,,,,,,,,,,,,,
,,,,,,,,,,,,,,,,,,,,
,,,,,,,,,,,,,,,,,,,,
,,,,,,,,,,,,,,,,,,,,
,,,,,,,,,,,,,,,,,,,,
,,,,,,,,,,,,,,,,,,,,
,,,,,,,,,,,,,,,,,,,,
,,,,,,,,,,,,,,,,,,,,
,,,,,,,,,,,,,,,,,,,,
,,,,,,,,,,,,,,,,,,,,
,,,,,,,,,,,,,,,,,,,,
435.0,非食品,婴儿用品,婴儿餐具,婴儿餐具,C,"定义
专为婴幼儿进食、喂食、辅食喂养设计的专用餐具，材质安全、尺寸小巧、易抓握，适用于宝宝吃辅食、喝奶、自主进食等场景。

快速区分要点
适用人群：婴幼儿、辅食期宝宝
特点：食品级安全材质、防摔、易清洁、尺寸适配宝宝
用途：喂食、自主吃辅食、喝汤、吃饭

一句话速记
专为婴幼儿设计的进食专用器具，安全小巧适配宝宝使用，即为婴儿餐具。","婴儿碗、辅食碗、吸盘碗、注水保温碗
婴儿勺子、叉子、刮泥勺、软头勺
婴儿餐盘、分格餐盘、学习餐盘
硅胶餐具、不锈钢餐具、PP 材质婴儿餐具
宝宝学吃饭训练餐具、辅食工具套装","奶瓶、奶嘴、吸管杯、鸭嘴杯
奶瓶刷、奶瓶消毒器、温奶器
成人餐具、厨具、锅碗瓢盆
牙胶、咬咬乐、安抚奶嘴
辅食机、料理机、研磨碗类辅食制作工具",贝亲 ,,防摔,,,,,,,,,
,,,,,,,,,新安怡 ,,吸盘固定,,,,,,,,,
,,,,,,,,,布朗博士 ,,易抓握,,,,,,,,,
,,,,,,,,,可么多么 ,,耐高温消毒,,,,,,,,,
,,,,,,,,,好孩子 ,,可微波加热,,,,,,,,,
,,,,,,,,,,,分格设计,,,,,,,,,
,,,,,,,,,,,感温变色,,,,,,,,,
,,,,,,,,,,,便携外出,,,,,,,,,
,,,,,,,,,,,易于清洁,,,,,,,,,
,,,,,,,,,,,其他,,,,,,,,,
